Date,SPY_Close,momentum_5d,actual_future_return,predicted_return,prediction_error,absolute_error,trading_signal
2005-01-10,80.96266174316406,-0.010806342024933802,-0.006890353109865521,0.0009892733426625213,0.007879626452528044,0.007879626452528044,BUY
2005-01-11,80.40480041503906,-0.0054694932242134175,0.0032995161316953237,0.0007808909538026213,-0.0025186251778927023,0.0025186251778927023,BUY
2005-01-12,80.67009735107422,0.004745214922497354,-0.00801213135631973,0.0003820478603218855,0.008394179216641614,0.008394179216641614,BUY
2005-01-13,80.02375793457031,-0.008347228047140054,0.005271204516328343,0.0008932548747789526,-0.00437794964154939,0.00437794964154939,BUY
2005-01-14,80.4455795288086,-0.001688790001893592,0.01040243782270811,0.0006332697641352312,-0.00976916805857288,0.00976916805857288,BUY
2005-01-18,81.28240966796875,0.003949325749924348,-0.010462416959581167,0.0004131241177242135,0.01087554107730538,0.01087554107730538,BUY
2005-01-19,80.43199920654297,0.00033827322950252814,-0.006090748173349425,0.0005541211327422312,0.006644869306091657,0.006644869306091657,BUY
2005-01-20,79.94210815429688,-0.009024275669448523,-0.006127500102117045,0.0009196908496728845,0.00704719095178993,0.00704719095178993,BUY
2005-01-21,79.45226287841797,-0.007141567340784194,-0.0019691823490510796,0.0008461786941475966,0.002815361043198676,0.002815361043198676,BUY
2005-01-24,79.29580688476562,-0.014292552192146535,0.00283129968268514,0.001125395768055836,-0.001705903914629304,0.001705903914629304,BUY
2005-01-25,79.52031707763672,-0.02167864606290615,0.002994371904828208,0.00141379289951,-0.001580579005318208,0.001580579005318208,BUY
2005-01-26,79.75843048095703,-0.008374387460595933,0.0017063166718274125,0.0008943153401710406,-0.000812001331656372,0.000812001331656372,BUY
2005-01-27,79.89452362060547,-0.0005952374135488325,0.0,0.0005905709526807174,0.0005905709526807174,0.0005905709526807174,BUY
2005-01-28,79.89452362060547,0.005566370625142092,0.00621623415347794,0.000349985046977812,-0.005866249106500128,0.005866249106500128,BUY
2005-01-31,80.39116668701172,0.013813590469391235,0.006347233865023227,2.7964424552565418e-05,-0.006319269440470662,0.006319269440470662,BUY
2005-02-01,80.90142822265625,0.017368028646957523,0.0030276562083879632,-0.00011082202905580985,-0.003138478237443773,0.003138478237443773,SELL
2005-02-02,81.14636993408203,0.017401789939389234,-0.0025994693314236317,-0.0001121402711553364,0.0024873290602682955,0.0024873290602682955,SELL
2005-02-03,80.93543243408203,0.013028537705782162,0.010675627893411255,5.8617563955698396e-05,-0.010617010329455556,0.010617010329455556,BUY
2005-02-04,81.79946899414062,0.0238432534197357,-0.0013303959662812614,-0.00036365340145185453,0.0009667425648294069,0.0009667425648294069,SELL
2005-02-07,81.69064331054688,0.01616442050896505,0.001165740636624113,-6.382599292822976e-05,-0.0012295666295523426,0.0012295666295523426,SELL
2005-02-08,81.78587341308594,0.010932380427147947,-0.007486866872428499,0.0001404640388059703,0.00762733091123447,0.00762733091123447,BUY
2005-02-09,81.17355346679688,0.00033499382334567507,0.003604465589807093,0.0005542491803063508,-0.0030502164095007425,0.0030502164095007425,BUY
2005-02-10,81.46614074707031,0.00655718141026207,0.00860157352595503,0.0003112978879405194,-0.00829027563801451,0.00829027563801451,BUY
2005-02-11,82.16687774658203,0.004491578697995324,-0.0007450479243906738,0.00039195133039134013,0.001136999254782014,0.001136999254782014,BUY
2005-02-14,82.10565948486328,0.0050803391612270765,0.0037286676250607442,0.000368962612446411,-0.0033597050126143333,0.0033597050126143333,BUY
2005-02-15,82.41180419921875,0.007653287297811673,0.0006609960488359601,0.00026849938046544236,-0.0003924966683705177,0.0003924966683705177,BUY
2005-02-16,82.46627807617188,0.015925440665890855,-0.008085839419299856,-5.449479535290353e-05,0.008031344623946952,0.008031344623946952,SELL
2005-02-17,81.79946899414062,0.004091617008165516,0.0013313286611538189,0.0004075682188383067,-0.0009237604423155122,0.0009237604423155122,BUY
2005-02-18,81.90837097167969,-0.0031461189957786573,-0.01486825410161463,0.0006901725748462209,0.015558426676460851,0.015558426676460851,BUY
2005-02-22,80.69053649902344,-0.01723538906719002,0.007166704329598206,0.0012403016612045773,-0.0059264026683936285,0.0059264026683936285,BUY
2005-02-23,81.2688217163086,-0.013869159812921472,0.006613364335766869,0.0011088640058301408,-0.005504500329936728,0.005504500329936728,BUY
2005-02-24,81.80628204345703,-0.008003223233928658,0.00989730672278033,0.0008798228763407323,-0.009017483846439599,0.009017483846439599,BUY
2005-02-25,82.6159439086914,0.009981420718137679,-0.006588363798694097,0.0001775951742892027,0.0067659589729833,0.0067659589729833,BUY
2005-02-28,82.07164001464844,0.0019933132722809166,0.0049737415376023275,0.0004894985041741522,-0.004484243033428176,0.004484243033428176,BUY
2005-03-01,82.47984313964844,0.022174925564494963,-0.000494598086098752,-0.0002985119374797721,0.0001960861486189799,0.0001960861486189799,SELL
2005-03-02,82.43904876708984,0.014399458809262189,0.00041284718240830465,5.08863234289776e-06,-0.0004077585500654069,0.0004077585500654069,BUY
2005-03-03,82.47308349609375,0.008150981024690696,0.012456253112883786,0.00024906645073476715,-0.01220718666214902,0.01220718666214902,BUY
2005-03-04,83.5003890991211,0.010705502456126226,0.0004892840399384202,0.00014932270716000196,-0.0003399613327784182,0.0003399613327784182,BUY
2005-03-07,83.54124450683594,0.017906361953108352,-0.0037458728001433794,-0.00013184177020407234,0.0036140310299393073,0.0036140310299393073,SELL
2005-03-08,83.22830963134766,0.009074538253327935,-0.011118168548784113,0.0002130052714249319,0.011331173820209045,0.011331173820209045,BUY
2005-03-09,82.30296325683594,-0.0016507409084544067,0.0022320042226204873,0.0006317841007258162,-0.001600220121894671,0.001600220121894671,BUY
2005-03-10,82.48666381835938,0.00016466369013912185,-0.007010743554292875,0.0005608998840039365,0.0075716434382968115,0.0075716434382968115,BUY
2005-03-11,81.90837097167969,-0.019065996513520034,0.006229383412317491,0.00131177948772263,-0.00491760392459486,0.00491760392459486,BUY
2005-03-14,82.41860961914062,-0.013438091499863303,-0.008254918274679834,0.0010920325293931948,0.00934695080407303,0.00934695080407303,BUY
2005-03-15,81.73825073242188,-0.017903269999425264,-0.008489959860349394,0.0012663797138776022,0.009756339574226997,0.009756339574226997,BUY
2005-03-16,81.04429626464844,-0.015293094469268187,0.0020149420511175187,0.001164462902547971,-0.0008504791485695476,0.0008504791485695476,BUY
2005-03-17,81.20759582519531,-0.015506361076508601,-0.0029692667503566916,0.0011727901021258954,0.004142056852482587,0.004142056852482587,BUY
2005-03-18,80.96646881103516,-0.011499461525980026,-0.0037116828114032163,0.0010163368595030018,0.004728019670906218,0.004728019670906218,BUY
2005-03-21,80.66594696044922,-0.021265375220360094,-0.0101606471625445,0.0013976563424083137,0.011558303504952815,0.011558303504952815,BUY
2005-03-22,79.84632873535156,-0.023146103325158096,0.0008552767739087308,0.001471091178190219,0.0006158144042814882,0.0006158144042814882,BUY
2005-03-23,79.91461944580078,-0.013939004605070804,0.0011964215424997704,0.0011115911628437583,-8.483037965601207e-05,8.483037965601207e-05,BUY
2005-03-24,80.0102310180664,-0.014744492740633719,0.0014510206395457192,0.0011430422209783358,-0.00030797841856738343,0.00030797841856738343,BUY
2005-03-28,80.12632751464844,-0.01037641024394298,-0.006649103559804637,0.0009724862432120805,0.007621589803016717,0.007621589803016717,BUY
2005-03-29,79.59355926513672,-0.013294180948973389,0.014159998473997515,0.0010864134036700647,-0.013073585070327451,0.013073585070327451,BUY
2005-03-30,80.7206039428711,0.010949472835717788,-0.0018619666469790186,0.00013979664929164262,0.0020017632962706614,0.0020017632962706614,BUY
2005-03-31,80.57030487060547,0.008204824465808613,-0.0044926803257910874,0.00024696408184564394,0.004739644407636731,0.004739644407636731,BUY
2005-04-01,80.20832824707031,0.0024758987254913656,0.0017027382877650155,0.00047065549150430535,-0.0012320827962607102,0.0012320827962607102,BUY
2005-04-04,80.34490203857422,0.0027278739798204388,0.004760816361878195,0.0004608168756110491,-0.004299999486267146,0.004299999486267146,BUY
2005-04-05,80.72740936279297,0.014245500617446227,0.0034692035414456424,1.1100077859366305e-05,-0.003458103463586276,0.003458103463586276,BUY
2005-04-06,81.0074691772461,0.003553804361746682,0.005395933304896738,0.00042856763032710397,-0.004967365674569634,0.004967365674569634,BUY
2005-04-07,81.444580078125,0.010851084762849128,-0.01039905559702281,0.00014363830612421503,0.010542693903147025,0.010542693903147025,BUY
2005-04-08,80.5976333618164,0.004853674465660207,0.0007627725352286063,0.0003778129532554013,-0.000384959581973205,0.000384959581973205,BUY
2005-04-11,80.65911102294922,0.00391075197557833,0.00516602534337629,0.00041463026780372877,-0.0047513950755725615,0.0047513950755725615,BUY
2005-04-12,81.07579803466797,0.004315618135462884,-0.011795026652979268,0.00039882187961145143,0.01219384853259072,0.01219384853259072,BUY
2005-04-13,80.1195068359375,-0.010961487259473768,-0.01304270735092683,0.0009953311374026128,0.014038038488329442,0.014038038488329442,BUY
2005-04-14,79.07453155517578,-0.029100138040809687,-0.013993593682717798,0.0017035721840667165,0.015697165866784515,0.015697165866784515,BUY
2005-04-15,77.9679946899414,-0.03262674798489562,0.003066024973430448,0.001841272057562572,-0.0012247529158678759,0.0012247529158678759,BUY
2005-04-18,78.20704650878906,-0.030400341425316335,0.007947708041769364,0.0017543398743993805,-0.006193368167369983,0.006193368167369983,BUY
2005-04-19,78.82861328125,-0.027717084603435804,-0.013950239561201894,0.001649569533820758,0.015599809095022652,0.015599809095022652,BUY
2005-04-20,77.72893524169922,-0.029837572504452736,0.019419641783585018,0.0017323660211978743,-0.017687275762387142,0.017687275762387142,BUY
2005-04-21,79.2384033203125,0.002072370988658534,-0.0037928213692054458,0.00048641161968262364,0.0042792329888880695,0.0042792329888880695,BUY
2005-04-22,78.9378662109375,0.012439354440921813,0.006576398843903819,8.16227905964273e-05,-0.006494776053307391,0.006494776053307391,BUY
2005-04-25,79.45699310302734,0.01598253162645391,-0.009714355451637235,-5.672396675885196e-05,0.009657631484878384,0.009657631484878384,SELL
2005-04-26,78.68511962890625,-0.0018203244528961493,0.003906659054575101,0.0006384056531477865,-0.0032682534014273146,0.0032682534014273146,BUY
2005-04-27,78.99251556396484,0.01625624123547431,-0.012537538487422895,-6.741122141254972e-05,0.012470127266010345,0.012470127266010345,SELL
2005-04-28,78.00214385986328,-0.015601771472498971,0.013572319830686963,0.0011765154927039193,-0.012395804337983044,0.012395804337983044,BUY
2005-04-29,79.0608139038086,0.0015575249088004561,0.005615450629032459,0.0005065142795146765,-0.0051089363495177825,0.0051089363495177825,BUY
2005-05-02,79.50477600097656,0.0006013680619307848,0.001718669782215354,0.0005438483422388362,-0.0011748214399765178,0.0011748214399765178,BUY
2005-05-03,79.64141845703125,0.012153490172412296,0.007718158095405991,9.278463560759948e-05,-0.007625373459798392,0.007625373459798392,BUY
2005-05-04,80.256103515625,0.015996299682809356,-0.00034023085885337423,-5.726155374706076e-05,0.00028296930510631347,0.00028296930510631347,SELL
2005-05-05,80.22879791259766,0.028546062230478286,-0.0031498469581197064,-0.0005472790897422264,0.0026025678683774802,0.0026025678683774802,SELL
2005-05-06,79.97608947753906,0.011576854936556247,0.006234411110345839,0.00011529991240019958,-0.006119111197945639,0.006119111197945639,BUY
2005-05-09,80.47469329833984,0.012199484686949758,-0.01035449539670108,9.098873559775211e-05,0.010445484132298831,0.010445484132298831,BUY
2005-05-10,79.64141845703125,0.0,0.005488774528775497,0.0005673293359878572,-0.00492144519278764,0.00492144519278764,BUY
2005-05-11,80.07855224609375,-0.0022123086189536068,-0.011003371171038001,0.0006537110515145686,0.01165708222255257,0.01165708222255257,BUY
2005-05-12,79.19741821289062,-0.012855479909229528,-0.0019838035775320284,0.0010692839000864503,0.003053087477618479,0.003053087477618479,BUY
2005-05-13,79.0403060913086,-0.011700789477751106,0.009333327284410275,0.001024197902807932,-0.008309129381602344,0.008309129381602344,BUY
2005-05-16,79.77801513671875,-0.008657108627159738,0.006678133676285336,0.0009053544597469728,-0.005772779216538363,0.005772779216538363,BUY
2005-05-17,80.31078338623047,0.008404733895596816,0.01029041480568793,0.0002391584260943955,-0.010051256379593535,0.010051256379593535,BUY
2005-05-18,81.13721466064453,0.013220299129501623,0.004209099225684909,5.1130054929689845e-05,-0.004157969170755219,0.004157969170755219,BUY
2005-05-19,81.47872924804688,0.028805371268844304,-0.0014248687682474337,-0.0005574040602792181,0.0008674647079682156,0.0008674647079682156,SELL
2005-05-20,81.36263275146484,0.029381549427117015,0.005540227766065442,-0.0005799014900384346,-0.006120129256103876,0.006120129256103876,SELL
2005-05-23,81.81340026855469,0.025513108195883483,-0.0023374016151150867,-0.0004288544855177586,0.0019085471295973281,0.0019085471295973281,SELL
2005-05-24,81.6221694946289,0.016328892000613715,-0.0007523568285705551,-7.024794033743374e-05,0.0006821088882331213,0.0006821088882331213,SELL
2005-05-25,81.56076049804688,0.005220118033060661,0.005359234867541973,0.000363504812101591,-0.004995730055440382,0.004995730055440382,BUY
2005-05-26,81.99786376953125,0.00637141160981991,0.0016662287404174414,0.00031855144827914816,-0.0013476772921382932,0.0013476772921382932,BUY
2005-05-27,82.13449096679688,0.00948664256833709,-0.006403863738457138,0.000196914262511678,0.006600778000968816,0.006600778000968816,BUY
2005-05-31,81.60851287841797,-0.0025043255684786825,0.008537299406885746,0.0006651131338672487,-0.007872186273018496,0.007872186273018496,BUY
2005-06-01,82.30522918701172,0.008368555952531498,0.002157507602723152,0.00024057102863973481,-0.0019169365740834172,0.0019169365740834172,BUY
2005-06-02,82.48280334472656,0.011304980986558633,-0.005051157199589373,0.00012591549198372323,0.005177072691573097,0.005177072691573097,BUY
2005-06-03,82.06616973876953,0.0008330213263880726,-0.0009152539883273692,0.0005348032179646977,0.0014500572062920668,0.0014500572062920668,BUY
2005-06-06,81.99105834960938,-0.0017463140697552282,0.0007492510281263964,0.0006355158466317653,-0.00011373518149463118,0.00011373518149463118,BUY
2005-06-07,82.052490234375,0.005440331410259569,-0.0018314640256837933,0.0003549063692164524,0.0021863703949002457,0.0021863703949002457,BUY
2005-06-08,81.90221405029297,-0.004896592120569032,0.004753850620865974,0.0007585214797898339,-0.00399532914107614,0.00399532914107614,BUY
2005-06-09,82.29156494140625,-0.0023185245356059925,-0.0023242834309279425,0.0006578583540283629,0.0029821417849563055,0.0029821417849563055,BUY
2005-06-10,82.10029602050781,0.00041583860739335954,0.003161773247034372,0.0005510925180406997,-0.002610680728993672,0.002610680728993672,BUY
2005-06-13,82.35987854003906,0.004498297715063604,0.002321985009088312,0.0003916889799145401,-0.001930296029173772,0.001930296029173772,BUY
2005-06-14,82.55111694335938,0.006076923534680034,0.0019029328640849386,0.00033005001810561914,-0.0015728828459793194,0.0015728828459793194,BUY
2005-06-15,82.70820617675781,0.009840907670333632,0.0025600674493322373,0.0001830816412401571,-0.00237698580809208,0.00237698580809208,BUY
2005-06-16,82.9199447631836,0.007636017400140194,0.0037050248870977853,0.00026917370021226804,-0.0034358511868855172,0.0034358511868855172,BUY
2005-06-17,83.22716522216797,0.013725519349877535,0.0003301936216162371,3.140324602926776e-05,-0.00029879037558696935,0.00029879037558696935,BUY
2005-06-20,83.25464630126953,0.010864121913383817,0.0005765026113067062,0.00014312925805600336,-0.00043337335325070286,0.00043337335325070286,BUY
2005-06-21,83.30264282226562,0.009103763906936457,0.0008232707284896446,0.00021186412770092127,-0.0006114066007887233,0.0006114066007887233,BUY
2005-06-22,83.37122344970703,0.008016342072904692,-0.01406635819486246,0.0002543235579630951,0.014320681752825555,0.014320681752825555,BUY
2005-06-23,82.19849395751953,-0.008700570263577734,-0.007341895304411428,0.0009070514610971553,0.008248946765508584,0.008248946765508584,BUY
2005-06-24,81.59500122070312,-0.019610952711268226,0.0014292900675281217,0.001333057826036327,-9.623224149179479e-05,9.623224149179479e-05,BUY
2005-06-27,81.71162414550781,-0.018533766273873264,0.00839226054345299,0.0012909980466696063,-0.007101262496783383,0.007101262496783383,BUY
2005-06-28,82.39736938476562,-0.010867283519821691,-0.0026635214779868743,0.0009916528618806259,0.0036551743398675,0.0036551743398675,BUY
2005-06-29,82.17790222167969,-0.014313346723851317,-0.00542408280137574,0.0011262077105248225,0.006550290511900563,0.006550290511900563,BUY
2005-06-30,81.73216247558594,-0.005673236326867448,0.002937234511469322,0.000788846298994159,-0.002148388212475163,0.002148388212475163,BUY
2005-07-01,81.97222900390625,0.004623172713519308,0.008030703638704395,0.0003868131156248185,-0.007643890523079577,0.007643890523079577,BUY
2005-07-05,82.63052368164062,0.011245640332598006,-0.008382401333709044,0.00012823250482979726,0.008510633838538841,0.008510633838538841,BUY
2005-07-06,81.93788146972656,-0.005576487677578901,0.003933699834316684,0.0007850686550303662,-0.003148631179286318,0.003148631179286318,BUY
2005-07-07,82.26020050048828,0.001001464829153198,0.01142199009479583,0.0005282261795652983,-0.010893763915230533,0.010893763915230533,BUY
2005-07-08,83.19977569580078,0.01795637330228761,0.005109782423203146,-0.00013379451138172637,-0.005243576934584873,0.005243576934584873,SELL
2005-07-11,83.62490844726562,0.020161455451950916,0.00262497075965773,-0.0002198940624720887,-0.0028448648221298185,0.0028448648221298185,SELL
2005-07-12,83.84442138671875,0.014690669391798084,0.0013900344105401974,-6.281964635963897e-06,-0.0013963163751761613,0.0013963163751761613,SELL
2005-07-13,83.96096801757812,0.024690491279043325,0.003920514910950912,-0.0003967346176615474,-0.004317249528612459,0.004317249528612459,SELL
2005-07-14,84.2901382446289,0.02467703375131669,-0.000569420361570594,-0.0003962091555619942,0.00017321120600859977,0.00017321120600859977,SELL
2005-07-15,84.24214172363281,0.012528471610827152,-0.003988938021439625,7.8143125077179e-05,0.004067081146516804,0.004067081146516804,BUY
2005-07-18,83.9061050415039,0.003362593747000764,0.005476215524624628,0.0004360336324875448,-0.005040181892137083,0.005040181892137083,BUY
2005-07-19,84.36559295654297,0.006215936149411849,0.003414099535655968,0.0003246221370055276,-0.00308947739865044,0.00308947739865044,BUY
2005-07-20,84.65362548828125,0.00824975565500985,-0.005833240204331069,0.0002452097003951509,0.006078449904726221,0.006078449904726221,BUY
2005-07-21,84.15982055664062,-0.001546060911776781,0.006681808242882115,0.0006276967696830882,-0.006054111473199026,0.006054111473199026,BUY
2005-07-22,84.72216033935547,0.005698081813938494,-0.0028327637398316563,0.00034484225706829335,0.0031776059968999498,0.0031776059968999498,BUY
2005-07-25,84.48216247558594,0.006865500833307392,0.0012175291689537904,0.0002992592598464617,-0.0009182699091073287,0.0009182699091073287,BUY
2005-07-26,84.58502197265625,0.0026009301709799537,0.003648777168520745,0.0004657735185898766,-0.003183003649930868,0.003183003649930868,BUY
2005-07-27,84.8936538696289,0.00283541762048789,0.0063009669744744645,0.00045661773083746117,-0.005844349243637003,0.005844349243637003,BUY
2005-07-28,85.4285659790039,0.015075429272207064,-0.006663128311458877,-2.1305283828789898e-05,0.006641823027630087,0.006641823027630087,SELL
2005-07-29,84.85934448242188,0.001619223854973928,-0.0007269828037909098,0.0005041051848833969,0.0012310879886743068,0.0012310879886743068,BUY
2005-08-01,84.79765319824219,0.0037344063339692646,0.005984381981246623,0.00042151585280635593,-0.005562866128440267,0.005562866128440267,BUY
2005-08-02,85.30511474609375,0.008513242139610577,0.0026526878543029486,0.00023492161745639772,-0.002417766236846551,0.002417766236846551,BUY
2005-08-03,85.53140258789062,0.007512324999476405,-0.008018002685274528,0.0002740033888350105,0.008292006074109539,0.008292006074109539,BUY
2005-08-04,84.84561157226562,-0.0068238814506327294,-0.006789478246513547,0.0008337743433464441,0.007623252589859991,0.007623252589859991,BUY
2005-08-05,84.2695541381836,-0.006950210938295065,-0.0018716424307395618,0.0008387069995646549,0.0027103494303042167,0.0027103494303042167,BUY
2005-08-08,84.11183166503906,-0.00808774190483541,0.006033539579195946,0.0008831229890485226,-0.005150416590147423,0.005150416590147423,BUY
2005-08-09,84.61932373046875,-0.008039271943613424,-0.0004860599695759582,0.0008812304328445655,0.0013672904024205237,0.0013672904024205237,BUY
2005-08-10,84.57819366455078,-0.011144549188940811,0.003973269306871252,0.0010024789663174018,-0.0029707903405538504,0.0029707903405538504,BUY
2005-08-11,84.91424560546875,0.0008089284988495038,-0.006138520810646697,0.0005357439455633882,0.006674264756210085,0.006674264756210085,BUY
2005-08-12,84.39299774169922,0.001464865986038122,0.006176434985339707,0.0005101322361770039,-0.005666302749162703,0.005666302749162703,BUY
2005-08-15,84.91424560546875,0.009539846232634153,-0.01300337469945767,0.0001948368743231976,0.013198211573780868,0.013198211573780868,BUY
2005-08-16,83.81007385253906,-0.009563416986258733,-8.165565999351809e-05,0.0009407421403736475,0.0010223978003671657,0.0010223978003671657,BUY
2005-08-17,83.80323028564453,-0.009162685384129454,-8.148024941512233e-05,0.0009250951899612465,0.0010065754393763688,0.0010065754393763688,BUY
2005-08-18,83.79640197753906,-0.01316438272470144,0.0022911928059914377,0.001081345307298305,-0.0012098474986931328,0.0012098474986931328,BUY
2005-08-19,83.98839569091797,-0.004794260917471038,0.0,0.0007545258596490517,0.0007545258596490517,0.0007545258596490517,BUY
2005-08-22,83.98839569091797,-0.010903352057704097,-0.001877907916290722,0.000993061192595486,0.002870969108886208,0.002870969108886208,BUY
2005-08-23,83.83067321777344,0.00024578626753890553,-0.008917027838192926,0.0005577323750299597,0.009474760213222886,0.009474760213222886,BUY
2005-08-24,83.0831527709961,-0.008592479218212046,0.0036319057840425994,0.0009028309423811997,-0.0027290748416613996,0.0027290748416613996,BUY
2005-08-25,83.38490295410156,-0.004910700384818445,-0.006826159031590451,0.0007590723505221212,0.007585231382112572,0.007585231382112572,BUY
2005-08-26,82.81570434570312,-0.013962540129119905,0.007701094997429658,0.0011125101299922673,-0.006588584867437391,0.006588584867437391,BUY
2005-08-29,83.45347595214844,-0.006368971979629934,-0.005258989100248024,0.0008160119659918973,0.0060750010662399215,0.0060750010662399215,BUY
2005-08-30,83.01459503173828,-0.009734839942358131,0.012639408415985098,0.0009474355143910258,-0.011691972901594072,0.011691972901594072,BUY
2005-08-31,84.06385040283203,0.011803808583661368,-0.000733952980723096,0.00010643828920078494,0.000840391269923881,0.000840391269923881,BUY
2005-09-01,84.00215148925781,0.007402401553384452,-0.0017963130986990983,0.0002782954553978222,0.0020746085540969206,0.0020746085540969206,BUY
2005-09-02,83.85125732421875,0.012504306842490154,0.011695135967692893,7.908666167346225e-05,-0.011616049306019432,0.011616049306019432,BUY
2005-09-06,84.8319091796875,0.01651738542717429,0.0016976212437567195,-7.760784727460968e-05,-0.0017752290910313293,0.0017752290910313293,SELL
2005-09-07,84.97592163085938,0.02362628641832476,-0.0033085041395357617,-0.00035518171642834816,0.0029533224231074137,0.0029533224231074137,SELL
2005-09-08,84.69477844238281,0.007505343099648565,0.008907124095834051,0.00027427600382172506,-0.008632848092012327,0.008632848092012327,BUY
2005-09-09,85.44916534423828,0.0172259142096558,-0.002006697682757519,-0.0001052730343133664,0.0019014246484441526,0.0019014246484441526,SELL
2005-09-12,85.27769470214844,0.0170115204404655,-0.005548995760955133,-9.69018236141757e-05,0.005452093937340957,0.005452093937340957,SELL
2005-09-13,84.80448913574219,-0.0003232279481913958,-0.003638884605578485,0.0005799500817697717,0.004218834687348257,0.004218834687348257,BUY
2005-09-14,84.49589538574219,-0.00564896780057822,-0.00048713115954557296,0.0007878987110689444,0.0012750298706145173,0.0012750298706145173,BUY
2005-09-15,84.4547348022461,-0.002834220061157855,0.007111154633510974,0.0006779941812836438,-0.0064331604522273305,0.0064331604522273305,BUY
2005-09-16,85.05530548095703,-0.004609288595091132,-0.003320216616439553,0.0007473034376075493,0.0040675200540471025,0.0040675200540471025,BUY
2005-09-19,84.77290344238281,-0.005919382102538284,-0.00844883530846019,0.0007984572972924691,0.009247292605752659,0.009247292605752659,BUY
2005-09-20,84.05667114257812,-0.008818141595866136,-0.009340705620779155,0.0009116421467242976,0.010252347767503453,0.010252347767503453,BUY
2005-09-21,83.27152252197266,-0.01449032356163582,0.003556440407840311,0.0011331179411885484,-0.0024233224666517627,0.0024233224666517627,BUY
2005-09-22,83.56767272949219,-0.01050340250112669,0.0008241290224333397,0.0009774447779030166,0.00015331575546967684,0.00015331575546967684,BUY
2005-09-23,83.63654327392578,-0.0166804668916144,0.001153396119411454,0.0012186341917116861,6.523807230023222e-05,6.523807230023222e-05,BUY
2005-09-26,83.7330093383789,-0.012266821847274456,-0.0002471969839235033,0.0010462991804977523,0.0012934961644212556,0.0012934961644212556,BUY
2005-09-27,83.71231079101562,-0.0040967640864386645,0.000987209656281074,0.0007272914257536945,-0.00025991823052737945,0.00025991823052737945,BUY
2005-09-28,83.79495239257812,0.006285820827490518,0.008136629381748639,0.0003218934226074782,-0.00781473595914116,0.00781473595914116,BUY
2005-09-29,84.47676086425781,0.010878466577719959,0.003097934728243823,0.0001425691568552058,-0.002955365571388617,0.002955365571388617,BUY
2005-09-30,84.73846435546875,0.013175115068229992,-0.0035763547507662308,5.289431001312102e-05,0.003629249060779352,0.003629249060779352,BUY
2005-10-03,84.43540954589844,0.008388569968637016,-0.011255414462916224,0.00023978956215221027,0.011495204025068435,0.011495204025068435,BUY
2005-10-04,83.48505401611328,-0.002714735416511016,-0.013116408940399893,0.0006733287885372307,0.013789737728937124,0.013789737728937124,BUY
2005-10-05,82.39002990722656,-0.01676619468401297,-0.0035950464421513617,0.0012219815157298013,0.004817027957881163,0.004817027957881163,BUY
2005-10-06,82.09383392333984,-0.02820807659454405,0.003439990862625919,0.0016687407878394974,-0.0017712500747864217,0.0017712500747864217,BUY
2005-10-07,82.37623596191406,-0.027876695801866247,-0.008444119587101007,0.0016558017064116767,0.010099921293512684,0.010099921293512684,BUY
2005-10-10,81.6806411743164,-0.032625747733059374,-0.0014337694265249556,0.0018412330017686229,0.0032750024282935785,0.0032750024282935785,BUY
2005-10-11,81.56352996826172,-0.02301638383656901,-0.007852529699893251,0.0014660261561288425,0.009318555856022094,0.009318555856022094,BUY
2005-10-12,80.92304992675781,-0.017805309478836295,-0.0005956586496933536,0.001262554751234566,0.0018582134009279196,0.0018582134009279196,BUY
2005-10-13,80.87484741210938,-0.014848697557099944,0.010559007617428229,0.0011471109981531751,-0.009411896619275054,0.009411896619275054,BUY
2005-10-14,81.72880554199219,-0.007859431938856853,0.0037080538197098445,0.0008742084070755966,-0.0028338454126342477,0.0028338454126342477,BUY
2005-10-17,82.0318603515625,0.004299907201959163,-0.010829904539400803,0.0003994353281045552,0.011229339867505359,0.011229339867505359,BUY
2005-10-18,81.14346313476562,-0.0051501796655877286,0.016635206394803204,0.0007684230491220924,-0.01586678334568111,0.01586678334568111,BUY
2005-10-19,82.49330139160156,0.01940425461305484,-0.01761543656350828,-0.00019032842822841543,0.017425108135279865,0.017425108135279865,SELL
2005-10-20,81.04014587402344,0.0020438797376860496,0.003908833794918465,0.0004875240879501248,-0.00342130970696834,0.00342130970696834,BUY
2005-10-21,81.35691833496094,-0.004550258682542108,0.015491558490395407,0.0007449985579584395,-0.014746559932436967,0.014746559932436967,BUY
2005-10-24,82.61726379394531,0.007136293628767554,-0.0020010509003297594,0.00028868589498058395,0.0022897367953103433,0.0022897367953103433,BUY
2005-10-25,82.45194244384766,0.016125504859323847,-0.0029233448513348304,-6.23064939993535e-05,0.002861038357335477,0.002861038357335477,SELL
2005-10-26,82.21090698242188,-0.003423240486389867,-0.010638716471774834,0.0007009930496946344,0.011339709521469468,0.011339709521469468,BUY
2005-10-27,81.33628845214844,0.003654270052590336,0.014394362207353684,0.0004246448509046038,-0.01396971735644908,0.01396971735644908,BUY
2005-10-28,82.50707244873047,0.014137139622645734,0.002754853797730439,1.5331137010360786e-05,-0.002739522660720078,0.002739522660720078,BUY
2005-10-31,82.73436737060547,0.001417422597681517,0.0029966362536735236,0.000511984708857141,-0.0024846515448163826,0.0024846515448163826,BUY
2005-11-01,82.98229217529297,0.006432228468195245,0.010457075268085703,0.00031617679561342236,-0.01014089847247228,0.01014089847247228,BUY
2005-11-02,83.85004425048828,0.01993819711071776,0.004271275831537524,-0.0002111767260407504,-0.004482452557578275,0.004482452557578275,SELL
2005-11-03,84.20819091796875,0.035308993322333615,-0.001308649116054772,-0.0008113442317836267,0.0004973048842711453,0.0004973048842711453,SELL
2005-11-04,84.09799194335938,0.019282219662047684,0.0009825915013954578,-0.00018556345631992913,-0.0011681549577153868,0.0011681549577153868,SELL
2005-11-07,84.18062591552734,0.01748074700859692,0.0,-0.00011522322578141713,-0.00011522322578141713,0.00011522322578141713,SELL
2005-11-08,84.18062591552734,0.014440836819775926,0.0013091682653261216,3.4729881680133686e-06,-0.0013056952771581083,0.0013056952771581083,BUY
2005-11-09,84.29083251953125,0.005256863881027751,0.007761829834593392,0.0003620700351637412,-0.0073997597994296515,0.0073997597994296515,BUY
2005-11-10,84.94508361816406,0.008750843500641814,0.0034051792351339483,0.00022564424403683045,-0.003179534991097118,0.003179534991097118,BUY
2005-11-11,85.23433685302734,0.01351215270910755,-0.0005650817435094435,3.9734351512462295e-05,0.0006048160950219058,0.0006048160950219058,BUY
2005-11-14,85.18617248535156,0.011945106832933927,-0.003638432667993463,0.00010092116330410165,0.0037393538312975646,0.0037393538312975646,BUY
2005-11-15,84.87622833251953,0.008263212698016886,0.0020284232743907893,0.0002446842572219401,-0.0017837390171688491,0.0017837390171688491,BUY
2005-11-16,85.04839324951172,0.008987462898826237,0.009312612206023863,0.00021640521230004855,-0.009096206993723814,0.009096206993723814,BUY
2005-11-17,85.84041595458984,0.01054013132120013,0.003930843393304295,0.00015577978200531536,-0.0037750636112989797,0.0037750636112989797,BUY
2005-11-18,86.17784118652344,0.011069533339867599,0.00503545570617403,0.00013510877155767267,-0.004900346934616357,0.004900346934616357,BUY
2005-11-21,86.61178588867188,0.016735267728638314,0.004294077541449504,-8.611527106807326e-05,-0.004380192812517577,0.004380192812517577,SELL
2005-11-22,86.98370361328125,0.02482998269557002,0.0057794281407945736,-0.00040218119403773395,-0.006181609334832307,0.006181609334832307,SELL
2005-11-23,87.48641967773438,0.02866634318499206,0.0007872141149138923,-0.0005519755751724573,-0.0013391896900863496,0.0013391896900863496,SELL
2005-11-25,87.55529022216797,0.019977469220155086,-0.007079702618854711,-0.00021271014328483892,0.006866992475569872,0.006866992475569872,SELL
2005-11-28,86.9354248046875,0.008790932886382663,-0.0011085758416119473,0.00022407891545426383,0.0013326547570662111,0.0013326547570662111,BUY
2005-11-29,86.83905029296875,0.0026239431731496232,-0.005392909329751561,0.0004648749538101687,0.005857784283561729,0.005857784283561729,BUY
2005-11-30,86.37073516845703,-0.007046934303342578,0.010206094365364349,0.0008424836562809645,-0.009363610709083384,0.009363610709083384,BUY
2005-12-01,87.25224304199219,-0.0026767198452606333,0.0012634302310026158,0.0006718444340338842,-0.0005915857969687315,0.0005915857969687315,BUY
2005-12-02,87.36248016357422,-0.002202152012796721,-0.002128502219282069,0.0006533144770691026,0.0027818166963511715,0.0027818166963511715,BUY
2005-12-05,87.17652893066406,0.002773370309263834,0.0018956098341367245,0.0004590404277168363,-0.0014365694064198881,0.0014365694064198881,BUY
2005-12-06,87.34178161621094,0.005789231014688978,-0.005835136112994466,0.0003412832489524006,0.006176419361946866,0.006176419361946866,BUY
2005-12-07,86.8321304321289,0.005342032376730144,-0.0006339367843334331,0.00035874454942247885,0.000992681333755912,0.000992681333755912,BUY
2005-12-08,86.77708435058594,-0.0054458048852402685,0.002618593242897038,0.0007799660198485844,-0.0018386272230484539,0.0018386272230484539,BUY
2005-12-09,87.00431823730469,-0.004099722507865167,0.0009501193897138993,0.000727406940160628,-0.00022271244955327136,0.00022271244955327136,BUY
2005-12-12,87.08698272705078,-0.001027182484915179,0.006801250847046303,0.0006074366629881613,-0.006193814184058142,0.006193814184058142,BUY
2005-12-13,87.67928314208984,0.003864147486273284,0.003927325594295761,0.0004164499848644164,-0.0035108756094313445,0.0035108756094313445,BUY
2005-12-14,88.02362823486328,0.013721853843787546,-0.002894924720256209,3.1546369236226364e-05,0.002926471089492435,0.002926471089492435,BUY
2005-12-15,87.76880645751953,0.011428387048900701,-0.003218784229843563,0.00012109698371585493,0.0033398812135594183,0.0033398812135594183,BUY
2005-12-16,87.48629760742188,0.005539717796564814,-0.005144063785100239,0.000351025732276608,0.005495089517376847,0.005495089517376847,BUY
2005-12-19,87.03626251220703,-0.0005824086821645258,0.0009549424759798253,0.0005900700425384734,-0.00036487243344135185,0.00036487243344135185,BUY
2005-12-20,87.11937713623047,-0.006385841510040735,0.0015892058358280003,0.0008166706530143726,-0.0007725351828136277,0.0007725351828136277,BUY
2005-12-21,87.25782775878906,-0.008699942179512532,0.005236661386171182,0.0009070269369513909,-0.004329634449219791,0.004329634449219791,BUY
2005-12-22,87.71476745605469,-0.0006156971211748186,0.0005524943571990626,0.0005913698216218616,3.8875464422799e-05,3.8875464422799e-05,BUY
2005-12-23,87.76322937011719,0.0031654301332764145,-0.010176469330284488,0.00044373207521250724,0.010620201405496995,0.010620201405496995,BUY
2005-12-27,86.87010955810547,-0.001909008375425847,0.002231992495502766,0.0006418684021070057,-0.0015901240933957604,0.0015901240933957604,BUY
2005-12-28,87.06400299072266,-0.0006356122751109972,-0.004453517820774966,0.0005921474279410013,0.0050456652487159675,0.0050456652487159675,BUY
2005-12-29,86.67626190185547,-0.006664913302004805,-0.005431908986235245,0.0008275672792528818,0.006259476265488127,0.006259476265488127,BUY
2005-12-30,86.2054443359375,-0.01720717233701108,0.01758889187830559,0.0012391999118652086,-0.016349691966440382,0.016349691966440382,BUY
2006-01-03,87.7217025756836,-0.0004731684867527175,0.0047356642658429315,0.0005858046541549085,-0.004149859611688023,0.004149859611688023,BUY
2006-01-04,88.13712310791016,0.014585149670580444,0.0006287920449496998,-2.161845741796564e-06,-0.0006309538906914963,0.0006309538906914963,SELL
2006-01-05,88.19254302978516,0.012962188738125935,0.008320809081788783,6.120822314333106e-05,-0.008259600858645452,0.008259600858645452,BUY
2006-01-06,88.92637634277344,0.02595998479336581,0.002569631250065374,-0.00044630321160802765,-0.0030159344616734014,0.0030159344616734014,SELL
2006-01-09,89.1548843383789,0.03421408038856133,0.0010097804078468275,-0.0007685923043349284,-0.001778372712181756,0.001778372712181756,SELL
2006-01-10,89.24491119384766,0.0173641023080906,0.003180506208629641,-0.00011066872138247791,-0.003291174930012119,0.003291174930012119,SELL
2006-01-11,89.52875518798828,0.01578939760008158,-0.00394368400829237,-4.918286314351905e-05,0.0038945011451488507,0.0038945011451488507,SELL
2006-01-12,89.1756820678711,0.011147643602406498,-0.0009321179439334415,0.00013205888131155352,0.001064176825244995,0.001064176825244995,BUY
2006-01-13,89.09255981445312,0.0018687759303170903,-0.0027198365409153435,0.0004943611843417412,0.0032141977252570847,0.0032141977252570847,BUY
2006-01-17,88.8502426147461,-0.003416994210620805,-0.003973972028835537,0.0007007491578560537,0.004674721186691591,0.004674721186691591,BUY
2006-01-18,88.49715423583984,-0.008378706953762527,0.003833441427082418,0.0008944839989317305,-0.0029389574281506875,0.0029389574281506875,BUY
2006-01-19,88.8364028930664,-0.007733295224178094,-0.018236829121351716,0.0008692832778637381,0.019106112399215454,0.019106112399215454,BUY
2006-01-20,87.21630859375,-0.02197206041698485,0.0035721108896589193,0.001425249544866048,-0.0021468613447928712,0.0021468613447928712,BUY
2006-01-23,87.5278549194336,-0.017562688716972974,0.0010283765866596628,0.001253081390487066,0.00022470480382740313,0.00022470480382740313,BUY
2006-01-24,87.61786651611328,-0.013870261491309432,0.0008692775644276729,0.0011089070219212484,0.00023962945749357546,0.00023962945749357546,BUY
2006-01-25,87.69403076171875,-0.009075133331189589,0.0055267720366181106,0.0009216766359376183,-0.004605095400680492,0.004605095400680492,BUY
2006-01-26,88.17869567871094,-0.0074035777331862285,0.00926494567545011,0.0008564091416482802,-0.008408536533801829,0.008408536533801829,BUY
2006-01-27,88.99566650390625,0.020401664996444913,-0.0007785790460906883,-0.0002292732749208001,0.0005493057711698882,0.0005493057711698882,SELL
2006-01-30,88.92637634277344,0.015978015508630206,-0.007318271364247564,-5.6547630599515855e-05,0.007261723733648048,0.007261723733648048,SELL
2006-01-31,88.27558898925781,0.007506716373008038,0.006980363266518852,0.0002742223830440171,-0.006706140883474835,0.006706140883474835,BUY
2006-02-01,88.89178466796875,0.013658328803525022,-0.011605132645291172,3.402676546565293e-05,0.011639159410756824,0.011639159410756824,BUY
2006-02-02,87.86018371582031,-0.003612119236274025,-0.004964653556222998,0.0007083680019511832,0.005673021558174181,0.005673021558174181,BUY
2006-02-03,87.42398834228516,-0.01766016507727497,0.0026134414862519773,0.0012568874486265352,-0.001356554037625442,0.001356554037625442,BUY
2006-02-06,87.6524658203125,-0.014325451849635185,-0.008846628154903113,0.0011266803667911854,0.009973308521694299,0.009973308521694299,BUY
2006-02-07,86.87703704833984,-0.015843020215794423,0.009085067576628303,0.001185935281668255,-0.007899132294960047,0.007899132294960047,BUY
2006-02-08,87.66632080078125,-0.013786019391610727,-0.0016583990392146086,0.001105617708201995,0.0027640167474166037,0.0027640167474166037,BUY
2006-02-09,87.52093505859375,-0.0038612331875362838,0.0018191971368457516,0.0007180948955171674,-0.0011011022413285841,0.0011011022413285841,BUY
2006-02-10,87.6801528930664,0.002930140292596972,-0.001815893668283608,0.0004529191930991203,0.0022688128613827284,0.0022688128613827284,BUY
2006-02-13,87.52093505859375,-0.001500593970606423,0.01060040392121575,0.0006259214692822312,-0.00997448245193352,0.00997448245193352,BUY
2006-02-14,88.44869232177734,0.01809057176481521,0.0035222532760086356,-0.0001390344192837552,-0.0036612876952923906,0.0036612876952923906,SELL
2006-02-15,88.7602310180664,0.012478112544166642,0.007488408310104777,8.010944321796193e-05,-0.007408298866886816,0.007408298866886816,BUY
2006-02-16,89.4249038696289,0.021754438635287476,-0.002709557745471214,-0.0002820936213414561,0.0024274641241297575,0.0024274641241297575,SELL
2006-02-17,89.18260192871094,0.017135565872893777,-0.0024843998917988275,-0.00010174529670134175,0.0023826545950974857,0.0023826545950974857,SELL
2006-02-21,88.9610366821289,0.016454367433015094,0.006070683767082752,-7.514724914743772e-05,-0.00614583101623019,0.00614583101623019,SELL
2006-02-22,89.50109100341797,0.011898408602944555,-0.0014699405093492324,0.00010274454055987122,0.0015726850499091036,0.0015726850499091036,BUY
2006-02-23,89.3695297241211,0.0068645461944625286,0.0025563771001539948,0.00029929653463733907,-0.002257080565516656,0.002257080565516656,BUY
2006-02-24,89.59799194335938,0.0019355690220568267,0.0003867576628597824,0.0004917531839025708,0.00010499552104278843,0.00010499552104278843,BUY
2006-02-27,89.63264465332031,0.005046306284819169,-0.009501180167734491,0.0003702914588032155,0.009871471626537707,0.009871471626537707,BUY
2006-02-28,88.7810287475586,-0.0020234469075883776,0.00889040172619282,0.0006463367645433613,-0.008244064961649459,0.008244064961649459,BUY
2006-03-01,89.57032775878906,0.0007735856020845144,-7.768206264957556e-05,0.0005371239429236513,0.0006148060055732269,0.0006148060055732269,BUY
2006-03-02,89.56336975097656,0.0021689722151816415,-0.004638030538577809,0.0004826397319823455,0.005120670270560154,0.005120670270560154,BUY
2006-03-03,89.1479721069336,-0.005022655381721863,-0.004582276654557238,0.0007634437409382011,0.005345720395495439,0.005345720395495439,BUY
2006-03-06,88.73947143554688,-0.009964820531939478,-0.0015601921030051757,0.0009564153274675927,0.0025166074304727682,0.0025166074304727682,BUY
2006-03-07,88.60102081298828,-0.0020275495464481263,0.002109684113122734,0.0006464969560192953,-0.0014631871571034387,0.0014631871571034387,BUY
2006-03-08,88.7879409790039,-0.008734887985361706,-0.006705842512549576,0.0009083914295153366,0.007614233942064912,0.007614233942064912,BUY
2006-03-09,88.19254302978516,-0.01530566262751032,0.009498966787095053,0.0011649536383615306,-0.008334013148733523,0.008334013148733523,BUY
2006-03-10,89.03028106689453,-0.0013201763007899547,0.0018663378516265983,0.0006188768880260005,-0.001247460963600598,0.001247460963600598,BUY
2006-03-13,89.19644165039062,0.005149571069686276,0.010478946649929322,0.0003662593860653094,-0.010112687263864013,0.010112687263864013,BUY
2006-03-14,90.1311264038086,0.017269615821356332,0.004455263551952138,-0.00010697940572901429,-0.0045622429576811525,0.0045622429576811525,SELL
2006-03-15,90.53268432617188,0.019650679224339163,0.0020647548098398083,-0.0001999503139311486,-0.0022647051237709567,0.0022647051237709567,SELL
2006-03-16,90.71961212158205,0.028653999589777435,0.0008354357288462566,-0.0005514936076380583,-0.0013869293364843149,0.0013869293364843149,SELL
2006-03-17,90.79540252685548,0.019826079832711008,-0.001608051939649302,-0.00020679899920307738,0.0014012529404462248,0.0014012529404462248,SELL
2006-03-20,90.64939880371094,0.016289407138182055,-0.006287790581704589,-6.870621594827681e-05,0.006219084365756312,0.006219084365756312,SELL
2006-03-21,90.07941436767578,-0.0005737422597065223,0.0060963561188727144,0.0005897316537472406,-0.005506624465125474,0.005506624465125474,BUY
2006-03-22,90.62857055664062,0.0010591338496415137,-0.0020709043993081266,0.0005259744372541908,0.002596878836562317,0.002596878836562317,BUY
2006-03-23,90.44088745117188,-0.0030723750233480063,0.0007684995817540674,0.0006872931705923393,-8.120641116172815e-05,8.120641116172815e-05,BUY
2006-03-24,90.51039123535156,-0.00313904981499058,-0.0014589436499453656,0.0006898965518905578,0.0021488402018359234,0.0021488402018359234,BUY
2006-03-27,90.37834167480467,-0.002990170177445961,-0.006153095499182304,0.0006840834034048904,0.006837178902587194,0.006837178902587194,BUY
2006-03-28,89.82223510742188,-0.0028550281111306974,0.006268145055116747,0.0006788066515863948,-0.0055893384035303525,0.0055893384035303525,BUY
2006-03-29,90.38525390625,-0.002684767605802163,-0.0017687214019845854,0.0006721586665762021,0.0024408800685607876,0.0024408800685607876,BUY
2006-03-30,90.2253875732422,-0.0023827704924502813,0.000231185093347408,0.0006603668991383529,0.00042918180579094487,0.00042918180579094487,BUY
2006-03-31,90.24624633789062,-0.00291839305803121,-0.000770157064698962,0.00068128079681669,0.001451437861515652,0.001451437861515652,BUY
2006-04-03,90.17674255371094,-0.002230613190703612,0.006397907348494103,0.0006544257711048648,-0.005743481577389238,0.005743481577389238,BUY
2006-04-04,90.7536849975586,0.01036992554263172,0.0034470012316663023,0.00016242563015657965,-0.0032845756015097228,0.0032845756015097228,BUY
2006-04-05,91.06651306152344,0.007537282087850983,-0.001068759336040448,0.00027302891534162994,0.001341788251382078,0.001341788251382078,BUY
2006-04-06,90.96918487548828,0.00824376954482231,-0.010162776691735043,0.0002454434338186441,0.010408220125553687,0.010408220125553687,BUY
2006-04-07,90.04468536376953,-0.0022334554876268786,0.0015436773242452073,0.0006545367513190015,-0.0008891405729262058,0.0008891405729262058,BUY
2006-04-10,90.18368530273438,7.699046147413569e-05,-0.008478788984206842,0.0005643231694501729,0.009043112153657015,0.009043112153657015,BUY
2006-04-11,89.41903686523438,-0.014706269308625064,0.0018661587402131197,0.0011415497503519782,-0.0007246089898611415,0.0007246089898611415,BUY
2006-04-12,89.58590698242188,-0.016258512919027468,-0.0013190028039029578,0.0012021585934551418,0.0025211613973580996,0.0025211613973580996,BUY
2006-04-13,89.46774291992188,-0.01650495118343054,-0.0003887703940301801,0.0012117810122570139,0.001600551406287194,0.001600551406287194,BUY
2006-04-17,89.4329605102539,-0.006793569781984754,0.015856040829345774,0.0008325907951218172,-0.015023450034223958,0.015023450034223958,BUY
2006-04-18,90.85101318359376,0.007399651928386541,0.001912743877573675,0.0002784028171475979,-0.001634341060426077,0.001634341060426077,BUY
2006-04-19,91.02478790283205,0.01795759710561118,0.001374174290560859,-0.00013384229595827754,-0.0015080165865191365,0.0015080165865191365,SELL
2006-04-20,91.14987182617188,0.017457710664880333,0.00015283921013775625,-0.00011432374960858413,-0.0002671629597463404,0.0002671629597463404,SELL
2006-04-21,91.16380310058594,0.01895722553526502,-0.0018300242480095985,-0.00017287374839804323,0.0016571504996115553,0.0016571504996115553,SELL
2006-04-24,90.9969711303711,0.01748807834599031,-0.004124789189039468,-0.00011550948489360451,0.004009279704145864,0.004009279704145864,SELL
2006-04-25,90.6216278076172,-0.0025248521501132215,0.0002300058646442782,0.0006659146139683068,0.00043590874932402865,0.00043590874932402865,BUY
2006-04-26,90.64247131347656,-0.004200137107307489,0.004831032541039448,0.0007313277246702765,-0.004099704816369172,0.004099704816369172,BUY
2006-04-27,91.0803680419922,-0.0007625220177184255,0.0033580759930862403,0.0005971027407710297,-0.0027609732523152107,0.0027609732523152107,BUY
2006-04-28,91.38622283935548,0.0024397812641070438,-0.00813855199143454,0.0004720657324843017,0.00861061772391884,0.00861061772391884,BUY
2006-05-01,90.64247131347656,-0.0038957320500990766,0.007515304245797161,0.0007194419367510907,-0.00679586230904607,0.00679586230904607,BUY
2006-05-02,91.32367706298828,0.007747038674492446,-0.0037295811011167634,0.0002648387678902825,0.003994419869007046,0.003994419869007046,BUY
2006-05-03,90.98307800292967,0.0037576942079962095,0.003590591257234488,0.00042060655539089453,-0.0031699847018435935,0.0031699847018435935,BUY
2006-05-04,91.30976104736328,0.002518577936194921,0.008831103679907804,0.00046898904071786723,-0.008362114639189936,0.008362114639189936,BUY
2006-05-05,92.11612701416016,0.007987026404272513,-0.0012077345700560738,0.0002554682164101873,0.001463202786466261,0.001463202786466261,BUY
2006-05-08,92.00487518310548,0.015030524321399064,0.0019643820687877955,-1.9551926881569573e-05,-0.001983933995669365,0.001983933995669365,SELL
2006-05-09,92.18560791015624,0.009438196915499297,-0.0005282649471750611,0.00019880586957141962,0.0007270708167464808,0.0007270708167464808,BUY
2006-05-10,92.13690948486328,0.012681825096051869,-0.012070315666643294,7.21552909105442e-05,0.012142470957553839,0.012142470957553839,BUY
2006-05-11,91.02478790283205,-0.0031209494063116905,-0.013058637052114297,0.0006891898040435253,0.013747826856157823,0.013747826856157823,BUY
2006-05-12,89.83612823486328,-0.024751353027970824,0.002011974351424639,0.0015337696950977258,-0.00047820465632691326,0.00047820465632691326,BUY
2006-05-15,90.01687622070312,-0.021607539366211848,-0.0014674507987834096,0.0014110164702210355,0.002878467269004445,0.002878467269004445,BUY
2006-05-16,89.88478088378906,-0.02495863593598635,-0.019024090390784454,0.00154186325539051,0.020565953646174966,0.020565953646174966,BUY
2006-05-17,88.1748046875,-0.043002362674365524,-0.005045405272950831,0.0022463979015980564,0.007291803174548888,0.007291803174548888,BUY
2006-05-18,87.72992706298828,-0.03619740200176014,0.007051434406502022,0.0019806916741958915,-0.00507074273230613,0.00507074273230613,BUY
2006-05-19,88.34854888916016,-0.016558809634071414,-0.00763133331105359,0.0012138839672073815,0.00884521727826097,0.00884521727826097,BUY
2006-05-22,87.67433166503906,-0.02602339310154045,-0.0076110045119717196,0.0015834377218966454,0.009194442233868364,0.009194442233868364,BUY
2006-05-23,87.00704193115234,-0.03201586435814219,0.007989083307736067,0.0018174195194428679,-0.006171663788293199,0.006171663788293199,BUY
2006-05-24,87.7021484375,-0.005360445670111069,0.012364274917322726,0.0007766330872840666,-0.01158764183003866,0.01158764183003866,BUY
2006-05-25,88.7865219116211,0.012043721954472897,0.005089097443962576,9.707064113805757e-05,-0.004992026802824518,0.004992026802824518,BUY
2006-05-26,89.23836517333984,0.010071657037582282,-0.01775995539235975,0.00017407181050095875,0.01793402720286071,0.01793402720286071,BUY
2006-05-30,87.65349578857422,-0.00023765081602733495,0.011181556767873468,0.0005766086404252616,-0.010604948127448208,0.010604948127448208,BUY
2006-05-31,88.63359832763672,0.018694537365969266,0.009567817468013162,-0.00016261683644736285,-0.009730434304460526,0.009730434304460526,SELL
2006-06-01,89.48162841796875,0.0202900386384135,0.0020974484795033277,-0.000224914716525221,-0.0023223631960285485,0.0023223631960285485,SELL
2006-06-02,89.6693115234375,0.009942833583402866,-0.014573982637484995,0.00017910184603793462,0.01475308448352293,0.01475308448352293,BUY
2006-06-05,88.36247253417969,-0.009815202659291145,-0.002438212354058278,0.0009505733538830334,0.003388785707941311,0.003388785707941311,BUY
2006-06-06,88.14702606201172,0.00563046880215623,-0.007491599809479443,0.0003474822720732714,0.007839082081552715,0.007839082081552715,BUY
2006-06-07,87.48666381835938,-0.012940177663076091,-0.0008739822580380308,0.0010725910052596815,0.0019465732632977122,0.0019465732632977122,BUY
2006-06-08,87.41020202636719,-0.02314918076731831,-0.0031809290889524,0.0014712113398760507,0.004652140428828451,0.004652140428828451,BUY
2006-06-09,87.13215637207031,-0.028294576017839024,-0.01084961839961629,0.0016721182409273152,0.012521736640543605,0.012521736640543605,BUY
2006-06-12,86.18680572509766,-0.02462206801920863,-0.011613769252674877,0.001528721637718622,0.013142490890393498,0.013142490890393498,BUY
2006-06-13,85.18585205078125,-0.03359357817865882,0.007752107388128371,0.0018790228713707242,-0.005873084516757647,0.005873084516757647,BUY
2006-06-14,85.84622192382812,-0.01875076523591246,0.021214116271935035,0.0012994709796265494,-0.019914645292308485,0.019914645292308485,BUY
2006-06-15,87.66737365722656,0.0029421237441116244,-0.00728673824083359,0.00045245128772149873,0.007739189528555089,0.007739189528555089,BUY
2006-06-16,87.028564453125,-0.0011889057181478924,-0.007862096704061239,0.0006137513020070952,0.008475848006068334,0.008475848006068334,BUY
2006-06-19,86.3443374633789,0.0018277941380460128,0.003395855469379816,0.0004959613577946699,-0.002899894111585146,0.002899894111585146,BUY
2006-06-20,86.6375503540039,0.017041542325094916,0.007413596469174166,-9.807405694338487e-05,-0.007511670526117551,0.007511670526117551,SELL
2006-06-21,87.27984619140625,0.016699911020547686,-0.004398972582383309,-8.473473443133123e-05,0.004314237847951978,0.004314237847951978,SELL
2006-06-22,86.89590454101562,-0.0087999569740429,-0.00016084821091488788,0.0009109321106941353,0.0010717803216090233,0.0010717803216090233,BUY
2006-06-23,86.88192749023438,-0.0016849291242716502,0.004419822357072389,0.0006331190124591022,-0.0037867033446132873,0.0037867033446132873,BUY
2006-06-26,87.26593017578125,0.010673458613232434,-0.008640843075610305,0.0001505738897922621,0.008791416965402567,0.008791416965402567,BUY
2006-06-27,86.51187896728516,-0.0014505417824632882,0.006778998852220441,0.0006239671335079961,-0.0061550317187124455,0.0061550317187124455,BUY
2006-06-28,87.09834289550781,-0.002079555634188379,0.02020067353681454,0.0006485275836805302,-0.01955214595313401,0.01955214595313401,BUY
2006-06-29,88.8577880859375,0.022577399421578548,7.804740336547766e-05,-0.0003142269159107546,-0.00039227431927623226,0.00039227431927623226,SELL
2006-06-30,88.8647232055664,0.022821727977373696,0.004085964952496468,-0.00032376695911310455,-0.004409731911609573,0.004409731911609573,SELL
2006-07-03,89.22782135009766,0.022481753994537668,-0.0057120533097614334,-0.0003104923483195547,0.005401560961441879,0.005401560961441879,SELL
2006-07-05,88.71814727783203,0.025502489795432348,0.0029118202617457456,-0.0004284398798703997,-0.0033402601416161453,0.0033402601416161453,SELL
2006-07-06,88.97647857666016,0.021563391664127796,-0.006512680790494163,-0.0002746340088020623,0.0062380467816921005,0.0062380467816921005,SELL
2006-07-07,88.39700317382812,-0.005185644635490316,0.0018951575178149938,0.0007698078129452961,-0.0011253497048696976,0.0011253497048696976,BUY
2006-07-10,88.56452941894531,-0.0033780984826417004,0.004414760779543725,0.0006992304367876141,-0.0037155303427561107,0.0037155303427561107,BUY
2006-07-11,88.95552062988281,-0.0030517468217277077,-0.010674142751993299,0.0006864877226413047,0.011360630474634602,0.011360630474634602,BUY
2006-07-12,88.00599670410156,-0.008027112778857703,-0.016263200337196304,0.0008807556665746281,0.017143956003770933,0.017143956003770933,BUY
2006-07-13,86.57473754882812,-0.02699298810485906,-0.0038710647362367734,0.0016212964903502098,0.005492361226586983,0.005492361226586983,BUY
2006-07-14,86.2396011352539,-0.024405827812191805,-0.0014575891196404456,0.0015202783310805093,0.002977867450720955,0.002977867450720955,BUY
2006-07-17,86.11389923095703,-0.027670560709421643,0.005108034192244482,0.0016477529636806359,-0.0034602812285638457,0.0034602812285638457,BUY
2006-07-18,86.55377197265625,-0.02699943342717892,0.013874579806600007,0.0016215481541526024,-0.012253031652447404,0.012253031652447404,BUY
2006-07-19,87.75466918945312,-0.0028557998779726868,-0.006842355101380759,0.0006788367859642237,0.007521191887344983,0.007521191887344983,BUY
2006-07-20,87.15422058105469,0.006693442551872986,-0.007049516793396937,0.00030597744075194116,0.007355494234148878,0.007355494234148878,BUY
2006-07-21,86.53982543945312,0.0034812812240210267,0.018233090727383994,0.0004313993659169988,-0.017801691361466997,0.017801691361466997,BUY
2006-07-24,88.11771392822266,0.023269352742829597,0.003565700254507309,-0.0003412448981407124,-0.003906945152648021,0.003906945152648021,SELL
2006-07-25,88.43191528320312,0.021699150340209528,0.0013418229466648501,-0.0002799348367413043,-0.0016217577834061543,0.0016217577834061543,SELL
2006-07-26,88.55057525634766,0.00906967201000164,-0.000945763068473382,0.00021319527857090355,0.0011589583470442855,0.0011589583470442855,BUY
2006-07-27,88.46682739257812,0.01506073719404899,0.01002291918847309,-2.0731617521533327e-05,-0.010043650805994623,0.010043650805994623,SELL
2006-07-28,89.35352325439453,0.03251332898643278,-0.001015903266336493,-0.0007021848318233344,0.0003137184345131587,0.0003137184345131587,SELL
2006-07-31,89.26274871826172,0.012994376941868557,-0.004928013161197731,5.9951403803032064e-05,0.0049879645650007624,0.0049879645650007624,BUY
2006-08-01,88.82286071777344,0.004420863591140245,0.006760240126642891,0.0003947124696788079,-0.006365527656964083,0.006365527656964083,BUY
2006-08-02,89.42332458496094,0.00985594194150341,0.0026544050308789924,0.00018249461367799287,-0.0024719104172009993,0.0024719104172009993,BUY
2006-08-03,89.66069030761719,0.013495034808258755,-0.0017131543329709231,4.0402736397313717e-05,0.0017535570693682368,0.0017535570693682368,BUY
2006-08-04,89.50708770751953,0.001718616653624272,-0.0023401207974208527,0.0005002242975673774,0.00284034509498823,0.00284034509498823,BUY
2006-08-07,89.2976303100586,0.0003907743408952946,-0.0038311171190983373,0.0005520711764068845,0.0043831882955052215,0.0043831882955052215,BUY
2006-08-08,88.95552062988281,0.0014935334331427352,-0.003374821970400621,0.0005090128881622413,0.0038838348585628624,0.0038838348585628624,BUY
2006-08-09,88.65531158447266,-0.008588508692255026,0.0030715401563945477,0.0009026759093804816,-0.002168864247014066,0.002168864247014066,BUY
2006-08-10,88.92761993408203,-0.008176050965256532,-0.0028266320610786932,0.0008865711011565595,0.003713203162235253,0.003713203162235253,BUY
2006-08-11,88.67625427246094,-0.009282320052390602,0.000787233972991741,0.0009297664405238171,0.0001425324675320761,0.0001425324675320761,BUY
2006-08-14,88.74606323242188,-0.006176726926812814,0.011958607043735192,0.0008085055732031187,-0.011150101470532074,0.011150101470532074,BUY
2006-08-15,89.80734252929688,0.009575818267179237,0.008318248529380456,0.00019343231167385974,-0.008124816217706598,0.008124816217706598,BUY
2006-08-16,90.55438232421876,0.02142083430541697,0.002544159882127861,-0.0002690677197676587,-0.0028132276018955197,0.0028132276018955197,SELL
2006-08-17,90.7847671508789,0.020883806607817634,0.005075491155350775,-0.000248098957359667,-0.005323590112710442,0.005323590112710442,SELL
2006-08-18,91.24554443359376,0.028973823739087967,-0.0042845427357260935,-0.0005639814488224326,0.003720561286903661,0.003720561286903661,SELL
2006-08-21,90.85459899902344,0.023759203392260897,-7.717180694721826e-05,-0.000360371587377119,-0.00028319978042990075,0.00028319978042990075,SELL
2006-08-22,90.84758758544922,0.01158307357567101,-0.0027664742821271737,0.00011505709966133822,0.002881531381788512,0.002881531381788512,BUY
2006-08-23,90.59626007080078,0.00046245963483104724,-0.0008476893559573595,0.000549272155232734,0.0013969615111900935,0.0013969615111900935,BUY
2006-08-24,90.51946258544922,-0.002922346708107648,0.0012341790475793868,0.0006814351708824371,-0.0005527438766969497,0.0005527438766969497,BUY
2006-08-25,90.63117980957033,-0.006733091767243016,0.00477624353808026,0.0008302293729313128,-0.003946014165148948,0.003946014165148948,BUY
2006-08-28,91.06405639648438,0.0023054132621640466,0.0011502228394426606,0.0004773122602156914,-0.0006729105792269692,0.0006729105792269692,BUY
2006-08-29,91.1688003540039,0.0035357325064087064,0.0006124014900150687,0.0004292732632815076,-0.00018312822673356114,0.00018312822673356114,BUY
2006-08-30,91.2246322631836,0.006935961726143525,-0.0001534666527833739,0.0002965080465896026,0.0004499746993729765,0.0004499746993729765,BUY
2006-08-31,91.21063232421876,0.007635592601061836,0.005971396451406541,0.00026919028690041287,-0.005702206164506128,0.005702206164506128,BUY
2006-09-01,91.75528717041016,0.01240309751237656,0.0019017924427031652,8.30384772057168e-05,-0.0018187539654974483,0.0018187539654974483,BUY
2006-09-05,91.9297866821289,0.009506827610173962,-0.008809302953228904,0.00019612611816015785,0.009005429071389062,0.009005429071389062,BUY
2006-09-06,91.11994934082033,-0.0005358303826955568,-0.004598069172657371,0.0005882513480850976,0.005186320520742469,0.005186320520742469,BUY
2006-09-07,90.7009735107422,-0.005740321878532018,0.0028485010293262114,0.0007914657188120785,-0.002057035310514133,0.002057035310514133,BUY
2006-09-08,90.95933532714844,-0.0027551283295248474,0.0009977167007961807,0.0006749059686337881,-0.00032281073216239254,0.00032281073216239254,BUY
2006-09-11,91.05008697509766,-0.007685662778241675,0.009815221352363235,0.000867423423248758,-0.008947797929114477,0.008947797929114477,BUY
2006-09-12,91.94376373291016,0.00015204050053529983,0.004024643744513501,0.000561392768569885,-0.003463250975943616,0.003463250975943616,BUY
2006-09-13,92.31380462646484,0.013102018759679979,7.529078068091444e-05,5.5748425608533004e-05,-1.9542355072381433e-05,1.9542355072381433e-05,BUY
2006-09-14,92.3207550048828,0.017858479699214724,0.0023478046580247547,-0.00012997216159739726,-0.002477776819622152,0.002477776819622152,SELL
2006-09-15,92.53750610351562,0.017350289232997085,0.0013639126344002772,-0.00011012937659438885,-0.0014740420109946662,0.0014740420109946662,SELL
2006-09-18,92.6637191772461,0.01772246744354855,-0.002497443728475379,-0.00012466143239965144,0.0023727822960757277,0.0023727822960757277,SELL
2006-09-19,92.43229675292967,0.005313389404404623,0.005310481320870197,0.0003598629417959773,-0.00495061837907422,0.00495061837907422,BUY
2006-09-20,92.92315673828124,0.006600877455783083,-0.004830116266314799,0.0003095917338616984,0.0051397080001764975,0.0051397080001764975,BUY
2006-09-21,92.47432708740234,0.0016634621598514698,-0.003032804366380204,0.0005023778577670187,0.003535182224147223,0.003535182224147223,BUY
2006-09-22,92.1938705444336,-0.0037134733099206674,0.007682202178328712,0.0007123254691337495,-0.006969876709194962,0.006969876709194962,BUY
2006-09-25,92.9021224975586,0.0025727795347441074,0.008303038868700874,0.0004668726872277365,-0.007836166181473137,0.007836166181473137,BUY
2006-09-26,93.67349243164062,0.013428160094611119,0.0011979177017180653,4.30139238422971e-05,-0.0011549037778757682,0.0011549037778757682,BUY
2006-09-27,93.78570556640624,0.009282388356159466,-0.000374125089077082,0.00020488956446561844,0.0005790146535427004,0.0005790146535427004,BUY
2006-09-28,93.75061798095705,0.013801569946525927,-0.0008226671031873467,2.843377741668996e-05,0.0008511008806040367,0.0008511008806040367,BUY
2006-09-29,93.67349243164062,0.01604902667031327,-0.0037427190744530048,-5.932032963218024e-05,0.0036833987448208244,0.0036833987448208244,SELL
2006-10-02,93.3228988647461,0.004529243852297915,0.0021039045148636415,0.0003904806582543871,-0.0017134238566092544,0.0017134238566092544,BUY
2006-10-03,93.5192413330078,-0.0016466888831480064,0.011697248941364036,0.0006316258855047002,-0.011065623055859335,0.011065623055859335,BUY
2006-10-04,94.6131591796875,0.008822811624479066,0.001927162156757145,0.00022283417949744397,-0.0017043279772597012,0.0017043279772597012,BUY
2006-10-05,94.79549407958984,0.011145271584716676,-0.0012573002812467093,0.00013215149902119449,0.0013894517802679038,0.0013894517802679038,BUY
2006-10-06,94.67630767822266,0.010705432460670128,0.0005922117347532119,0.00014932544019983417,-0.0004428862945533777,0.0004428862945533777,BUY
2006-10-09,94.7323760986328,0.01510323030073768,0.0013326340635346767,-2.239080169790951e-05,-0.0013550248652325863,0.0013550248652325863,SELL
2006-10-10,94.8586196899414,0.014321954902994705,-0.0011827100894862275,8.114846825836163e-06,0.0011908249363120635,0.0011908249363120635,BUY
2006-10-11,94.74642944335938,0.0014085806332582163,0.008659588469042134,0.0005123299518530627,-0.008147258517189072,0.008147258517189072,BUY
2006-10-12,95.56689453125,0.008137522349031645,0.002568308331758029,0.0002495919576564444,-0.0023187163741015845,0.0023187163741015845,BUY
2006-10-13,95.81233978271484,0.011999117121817227,0.0015367507503991629,9.881227968367833e-05,-0.0014379384707154845,0.0014379384707154845,BUY
2006-10-16,95.95957946777344,0.012954424027778133,-0.00314264692810573,6.151140371889131e-05,0.0032041583318246215,0.0032041583318246215,BUY
2006-10-17,95.65801239013672,0.008427201479509705,0.001319818565623354,0.00023828115769454017,-0.001081537407928814,0.001081537407928814,BUY
2006-10-18,95.78426361083984,0.010953807690461836,0.0016104809100385697,0.00013962739072340222,-0.0014708535193151675,0.0014708535193151675,BUY
2006-10-19,95.9385223388672,0.0038886667756654614,0.00021948564969398454,0.0004154926056529238,0.00019600695595893927,0.00019600695595893927,BUY
2006-10-20,95.95957946777344,0.0015367507503991629,0.004604052883162124,0.0005073254264884546,-0.00409672745667367,0.00409672745667367,BUY
2006-10-23,96.40138244628906,0.004604052883162124,0.0029827022579675955,0.0003875596677707006,-0.0025951425901968948,0.0025951425901968948,BUY
2006-10-24,96.6889190673828,0.010777002903233912,0.003408055259875198,0.0001465309035078469,-0.003261524356367351,0.003261524356367351,BUY
2006-10-25,97.01844024658205,0.012884962406314537,0.003108112114425854,6.422359946494879e-05,-0.0030438885149609053,0.0030438885149609053,BUY
2006-10-26,97.31998443603516,0.014399451476732716,-0.006268694743815306,5.088918648555869e-06,0.006273783662463862,0.006273783662463862,BUY
2006-10-27,96.7099151611328,0.007819289095690074,-0.0007249153949813181,0.0002620176807792398,0.000986933075760558,0.000986933075760558,BUY
2006-10-30,96.63980865478516,0.002473265449579376,-0.0001453408851647131,0.0004707583102922376,0.0006160991954569507,0.0006160991954569507,BUY
2006-10-31,96.62576293945312,-0.0006531888921589291,-0.006748950566809353,0.0005928337238405646,0.007341784290649918,0.007341784290649918,BUY
2006-11-01,95.97364044189452,-0.010769084743395885,-0.000584683424729393,0.0009878185963095331,0.0015725020210389262,0.0015725020210389262,BUY
2006-11-02,95.9175262451172,-0.014410793415608691,-0.001754917355904495,0.0011300126102274626,0.002884929966131958,0.002884929966131958,BUY
2006-11-03,95.74919891357422,-0.00993399948658713,0.011278769731313254,0.0009552118901401544,-0.0103235578411731,0.0103235578411731,BUY
2006-11-06,96.82913208007812,0.0019590625015541985,0.003838684331700648,0.0004908358584239789,-0.003347848473276669,0.003347848473276669,BUY
2006-11-07,97.2008285522461,0.005951472933293234,0.00216399808890011,0.0003349483573648022,-0.0018290497315353077,0.0018290497315353077,BUY
2006-11-08,97.41117095947266,0.014978388971797596,-0.0052553764419879245,-1.7516252066773676e-05,0.00523786018992115,0.00523786018992115,SELL
2006-11-09,96.89923858642578,0.010234963095272276,0.0004345403434766748,0.00016769536858037443,-0.0002668449748963004,0.0002668449748963004,BUY
2006-11-10,96.94134521484376,0.012450718280636597,0.0024594893744014357,8.117907855683044e-05,-0.002378310295844605,0.002378310295844605,BUY
2006-11-13,97.17977142333984,0.0036212174552152643,0.007504349149801026,0.0004259354213247573,-0.007078413728476269,0.007078413728476269,BUY
2006-11-14,97.90904235839844,0.007286088160983972,0.0028653172327197662,0.000282837023553461,-0.002582480209166305,0.002582480209166305,BUY
2006-11-15,98.18958282470705,0.007990991767856226,0.002571114549796416,0.0002553133849792949,-0.002315801164817121,0.002315801164817121,BUY
2006-11-16,98.4420394897461,0.015921703058009662,0.0002848950960607777,-5.434885686223477e-05,-0.00033924395292301245,0.00033924395292301245,SELL
2006-11-17,98.47008514404295,0.015769741236942414,0.0005696279079245858,-4.8415361559684756e-05,-0.0006180432694842706,0.0006180432694842706,SELL
2006-11-20,98.52617645263672,0.01385478695387743,0.0009965136348293324,2.635586823582952e-05,-0.0009701577665935029,0.0009701577665935029,BUY
2006-11-21,98.62435913085938,0.007305931660964493,0.001990656377418576,0.0002820622150318623,-0.0017085941623867136,0.0017085941623867136,BUY
2006-11-22,98.82068634033205,0.006427397871235252,-0.004044662761409468,0.00031636541091277406,0.004361028172322242,0.004361028172322242,BUY
2006-11-24,98.42098999023438,-0.00021382632481836694,-0.01375122129548656,0.0005756783902763673,0.014326899685762926,0.014326899685762926,BUY
2006-11-27,97.0675811767578,-0.01424294459818487,0.004334487530380571,0.001123458791888565,-0.0032110287384920057,0.0032110287384920057,BUY
2006-11-28,97.48831939697266,-0.010533820483361378,0.010430201497277913,0.0009786324772437785,-0.009451569020034134,0.009451569020034134,BUY
2006-11-29,98.50514221191406,-0.0012087979074939526,0.0004272237904479059,0.0006145280116517503,0.00018730422120384442,0.00018730422120384442,BUY
2006-11-30,98.54722595214844,-0.0027672383011166923,-0.002206431911601636,0.0006753788141093791,0.0028818107257110154,0.0028818107257110154,BUY
2006-12-01,98.3297882080078,-0.0009266497140053565,0.007630885171507007,0.0006035112643600297,-0.007027373907146977,0.007027373907146977,BUY
2006-12-04,99.08013153076172,0.020733496493943848,0.00431774799792195,-0.00024222995455138146,-0.004559977952473332,0.004559977952473332,SELL
2006-12-05,99.5079345703125,0.02071648363447487,-0.0008457602043256962,-0.0002415656711081246,0.0006041945332175716,0.0006041945332175716,SELL
2006-12-06,99.42377471923828,0.009325731496818257,-0.004372961169298861,0.00020319718989620018,0.004576158359195061,0.004576158359195061,BUY
2006-12-07,98.98899841308594,0.004482850295065788,0.0018422025781588136,0.0003922921392696323,-0.0014499104388891813,0.0014499104388891813,BUY
2006-12-08,99.17135620117188,0.008558627131219021,0.0028986994587412163,0.00023314951685491964,-0.0026655499418862965,0.0026655499418862965,BUY
2006-12-11,99.45882415771484,0.0038220844189689185,-0.0007752986341872381,0.0004180923777398667,0.0011933910119271047,0.0011933910119271047,BUY
2006-12-12,99.3817138671875,-0.0012684486284438856,0.0010583318491406146,0.0006168571313613221,-0.00044147471777929257,0.00044147471777929257,BUY
2006-12-13,99.48689270019533,0.0006348379060772125,0.008810772682647405,0.0005425414800176207,-0.008268231202629785,0.008268231202629785,BUY
2006-12-14,100.36344909667967,0.013884883225690148,9.144924475701366e-05,2.5180730387580142e-05,-6.626851436943352e-05,6.626851436943352e-05,BUY
2006-12-15,100.37262725830078,0.012113084898144333,-0.0027402620590800675,9.436229836120062e-05,0.002834624357441268,0.002834624357441268,BUY
2006-12-18,100.09757995605467,0.00642231399525639,0.0019022118157103751,0.00031656391573475805,-0.001585647899975617,0.001585647899975617,BUY
2006-12-19,100.2879867553711,0.009119111081085984,-0.0005622692887236047,0.0002112648825412878,0.0007735341712648924,0.0007735341712648924,BUY
2006-12-20,100.23159790039062,0.0074854604459249074,-0.0036582907810249754,0.00027505234113884197,0.003933343122163817,0.003933343122163817,BUY
2006-12-21,99.86492156982422,-0.004967221945264444,-0.006143170534844922,0.0007612792891534418,0.0069044498239983635,0.0069044498239983635,BUY
2006-12-22,99.25143432617188,-0.01117030571735067,0.005896725703362415,0.0010034846547150307,-0.004893241048647384,0.004893241048647384,BUY
2006-12-26,99.8366928100586,-0.002606328206042674,0.006568802277584274,0.0006690959248510828,-0.005899706352733191,0.005899706352733191,BUY
2006-12-27,100.49250030517578,0.0020392626915879397,-0.002105262678399722,0.000487704364950903,0.002592967043350625,0.002592967043350625,BUY
2006-12-28,100.28093719482422,0.0004922528969619755,-0.004148501566073048,0.0005481088486886298,0.0046966104147616785,0.0046966104147616785,BUY
2006-12-29,99.86492156982422,0.0,-0.0017654615399600448,0.0005673293359878572,0.0023327908759479023,0.0023327908759479023,BUY
2007-01-03,99.68861389160156,0.0044047682373331565,0.002122086397876144,0.00039534092823199267,-0.0017267454696441513,0.0017267454696441513,BUY
2007-01-04,99.90016174316406,0.0006357275198030088,-0.007975873739910933,0.0005425067441949909,0.008518380484105923,0.008518380484105923,BUY
2007-01-05,99.1033706665039,-0.013823217000804688,0.0046249032982113025,0.0011070701245909824,-0.00351783317362032,0.00351783317362032,BUY
2007-01-08,99.56171417236328,-0.007172081180929157,-0.0008502842927373688,0.0008473701363525619,0.0016976544290899307,0.0016976544290899307,BUY
2007-01-09,99.47705841064452,-0.003883877873057884,0.003331554775925394,0.0007189790790194873,-0.0026125756969059065,0.0026125756969059065,BUY
2007-01-10,99.8084716796875,0.0012023217437475697,0.004380872912108202,0.0005203835283594867,-0.003860489383748716,0.003860489383748716,BUY
2007-01-11,100.24571990966795,0.0034590351053915835,0.007596613758900972,0.00043226798699208687,-0.007164345771908885,0.007164345771908885,BUY
2007-01-12,101.00724792480467,0.01921102426180399,-0.0019546465796855816,-0.00018278356351565563,0.001771863016169926,0.001771863016169926,SELL
2007-01-16,100.809814453125,0.012535946082657734,0.000419727209100218,7.785127714337356e-05,-0.00034187593195684444,0.00034187593195684444,BUY
2007-01-17,100.85212707519533,0.013822972718739557,-0.003356333247345411,2.759808561266159e-05,0.0033839313329580727,0.0033839313329580727,BUY
2007-01-18,100.51363372802734,0.007065152250832041,0.0019646252088214577,0.0002914636784319319,-0.001673161530389526,0.001673161530389526,BUY
2007-01-19,100.71110534667967,0.004642446953656343,-0.003080814332528825,0.00038606053440073127,0.0034668748669295564,0.0034668748669295564,BUY
2007-01-22,100.4008331298828,-0.006003676046825057,0.0029497547747532327,0.0008017486353334738,-0.0021480061394197588,0.0021480061394197588,BUY
2007-01-23,100.69699096679688,-0.0011191716495082549,0.008053532522800166,0.0006110284682992925,-0.007442504054500874,0.007442504054500874,BUY
2007-01-24,101.5079574584961,0.006502890938649086,-0.011740229184077244,0.00031341771156481187,0.012053646895642057,0.012053646895642057,BUY
2007-01-25,100.31623077392578,-0.0019639420721342393,-0.0009142384133913328,0.000644013341073134,0.0015582517544644667,0.0015582517544644667,BUY
2007-01-26,100.22451782226562,-0.004831518060883777,-0.000563005970786401,0.0007559806006088095,0.0013189865713952105,0.0013189865713952105,BUY
2007-01-29,100.1680908203125,-0.002318131257628253,0.005209672584047809,0.000657842998111876,-0.004551829585935933,0.004551829585935933,BUY
2007-01-30,100.68993377685548,-7.008342427750058e-05,0.0067231005322092585,0.0005700658106221876,-0.006153034721587071,0.006153034721587071,BUY
2007-01-31,101.36688232421876,-0.001389793842862086,0.00598267697096877,0.0006215951718420207,-0.005361081799126749,0.005361081799126749,BUY
2007-02-01,101.97332763671876,0.01651873131604642,0.0013830772278720094,-7.766039879869937e-05,-0.0014607376266707087,0.0014607376266707087,SELL
2007-02-02,102.11436462402344,0.018856132639213152,0.00027636787904405935,-0.0001689264791455941,-0.00044529435818965344,0.00044529435818965344,SELL
2007-02-05,102.14258575439452,0.019711815588299375,0.0002762168273713339,-0.00020233744199940444,-0.00047855426937073835,0.00047855426937073835,SELL
2007-02-06,102.1707992553711,0.014707184948571372,0.0022083776921744125,-6.926830417678504e-06,-0.002215304522592091,0.002215304522592091,SELL
2007-02-07,102.39643096923828,0.010156656902266636,-0.0013079205040046338,0.0001707529091198098,0.0014786734131244435,0.0014786734131244435,BUY
2007-02-08,102.26250457763672,0.002835809594722072,-0.007447467503686078,0.000456602425826894,0.007904069929512971,0.007904069929512971,BUY
2007-02-09,101.50090789794922,-0.006007545836796968,-0.003404107674373269,0.00080189973500087,0.004206007409374139,0.004206007409374139,BUY
2007-02-12,101.15538787841795,-0.009664899989415887,0.008434651550585315,0.0009447046417328223,-0.007489946908852492,0.007489946908852492,BUY
2007-02-13,102.00859832763672,-0.001587546822737096,0.006566859163001704,0.0006293166269345757,-0.005937542536067128,0.005937542536067128,BUY
2007-02-14,102.67847442626952,0.002754426637350038,0.0013052937772923823,0.0004597801015870502,-0.0008455136757053321,0.0008455136757053321,BUY
2007-02-15,102.8125,0.00537827060499696,-0.00048011849354112623,0.0003573295929835274,0.0008374480865246536,0.0008374480865246536,BUY
2007-02-16,102.7631378173828,0.012435651518532653,0.0021271967434262073,8.176737475873517e-05,-0.002045429368667472,0.002045429368667472,BUY
2007-02-20,102.9817352294922,0.01805486973436743,-0.00041124544025794574,-0.00013764039920380583,0.0002736050410541399,0.0002736050410541399,SELL
2007-02-21,102.93938446044922,0.009124585065103608,-0.0007533831275234881,0.0002110511455761298,0.0009644342730996179,0.0009644342730996179,BUY
2007-02-22,102.86183166503906,0.0017857417515607654,-0.003907417618321363,0.000497603333627276,0.004405020951948639,0.004405020951948639,BUY
2007-02-23,102.45990753173828,-0.0034294708159194887,-0.0008947383117547947,0.0007012363188969756,0.0015959746306517704,0.0015959746306517704,BUY
2007-02-26,102.36823272705078,-0.0038428671868095954,-0.03905777847603098,0.0007173777773734581,0.039775156253404435,0.039775156253404435,BUY
2007-02-27,98.36995697021484,-0.044782487389633974,0.010251096924686509,0.002315904581379975,-0.007935192343306533,0.007935192343306533,BUY
2007-02-28,99.37835693359376,-0.034593441038338946,-0.0029804110636495462,0.0019180634773560974,0.004898474541005644,0.004898474541005644,BUY
2007-03-01,99.08216857910156,-0.036745049400302876,-0.013095197944882564,0.002002075093030212,0.015097273037912775,0.015097273037912775,BUY
2007-03-02,97.78466796875,-0.04562994126790587,-0.009518498799079178,0.0023489942322576706,0.01186749303133685,0.01186749303133685,BUY
2007-03-05,96.8539047241211,-0.053867570593240544,0.017109477988489052,0.0026706403836577056,-0.014438837604831348,0.014438837604831348,BUY
2007-03-06,98.51102447509766,0.0014340506921795004,-0.0010025528892149138,0.0005113354489318439,0.0015138883381467577,0.0015138883381467577,BUY
2007-03-07,98.41226196289062,-0.009721382004219459,0.008455168782422806,0.0009469100362665404,-0.0075082587461562655,0.0075082587461562655,BUY
2007-03-08,99.24435424804688,0.0016368804929398628,0.00028420630871894836,0.0005034157644902092,0.00021920945577126084,0.00021920945577126084,BUY
2007-03-09,99.2725601196289,0.015216006576352026,0.001491870527587258,-2.679425973031019e-05,-0.0015186647873175682,0.0015186647873175682,SELL
2007-03-12,99.42066192626952,0.026501329083835845,-0.019434183864728283,-0.0004674405195318695,0.018966743345196414,0.018966743345196414,SELL
2007-03-13,97.4885025024414,-0.010379771991049891,0.007450454151205044,0.0009726175058577052,-0.006477836645347339,0.006477836645347339,BUY
2007-03-14,98.21483612060548,-0.002006110197523836,0.0013640726112318369,0.0006456598360424577,-0.0007184127751893791,0.0007184127751893791,BUY
2007-03-15,98.34880828857422,-0.009023646395384555,-0.0028003746865491452,0.0009196662790624749,0.00372004096561162,0.00372004096561162,BUY
2007-03-16,98.07339477539062,-0.01207952472257412,0.012055924241108906,0.0010389859843160697,-0.011016938256792837,0.011016938256792837,BUY
2007-03-19,99.2557601928711,-0.0016586263881517294,0.00549153855088047,0.0006320919968566588,-0.004859446554023811,0.004859446554023811,BUY
2007-03-20,99.8008270263672,0.02371894597383828,0.01645764490339996,-0.00035879969779705346,-0.016816444601197012,0.016816444601197012,SELL
2007-03-21,101.4433135986328,0.03287158646849253,-0.0007678030814104453,-0.0007161733394101461,5.162974200029918e-05,5.162974200029918e-05,SELL
2007-03-22,101.36542510986328,0.03067263217300753,0.0014670895726225375,-0.0006303130562735786,-0.002097402628896116,0.002097402628896116,SELL
2007-03-23,101.5141372680664,0.0350833424350796,-0.0013256011858411298,-0.0008025334760942394,0.0005230677097468905,0.0005230677097468905,SELL
2007-03-26,101.37957000732422,0.021397345708966453,-0.0023739423087993927,-0.0002681505849523228,0.00210579172384707,0.00210579172384707,SELL
2007-03-27,101.13890075683594,0.013407441304221113,-0.007280365116586807,4.382290891887907e-05,0.007324188025505686,0.007324188025505686,BUY
2007-03-28,100.40257263183594,-0.010259335286647131,0.0010580574448293412,0.0009679149390234203,-9.014250580592089e-05,9.014250580592089e-05,BUY
2007-03-29,100.50880432128906,-0.008450818290810513,0.00021170664093905778,0.0008972996553685237,0.0006855930144294659,0.0006855930144294659,BUY
2007-03-30,100.53008270263672,-0.009693768689883253,0.0011263839697390754,0.0009458318478784899,-0.00018055212186058548,0.00018055212186058548,BUY
2007-04-02,100.64331817626952,-0.007262329392416111,0.01076229192979361,0.0008508939644770249,-0.009911397965316586,0.009911397965316586,BUY
2007-04-03,101.72647094726562,0.005809537042946067,0.0011138117456401808,0.00034049038056986413,-0.0007733213650703166,0.0007733213650703166,BUY
2007-04-04,101.83977508544922,0.014314398684616592,0.002711197936702714,8.409886632128848e-06,-0.002702788050070585,0.002702788050070585,BUY
2007-04-05,102.11588287353516,0.01598943060857505,0.0013864510625809512,-5.699334414404418e-05,-0.0014434444067249954,0.0014434444067249954,SELL
2007-04-09,102.25746154785156,0.01718270590032578,0.0011765943524963962,-0.00010358592436272049,-0.0012801802768591167,0.0012801802768591167,SELL
2007-04-10,102.37777709960938,0.0172337215700904,-0.0040797802495889934,-0.00010557788020254207,0.003974202369386452,0.003974202369386452,SELL
2007-04-11,101.96009826660156,0.0022966226701901515,0.004443841170465923,0.0004776554973249694,-0.003966185673140953,0.003966185673140953,BUY
2007-04-12,102.41319274902344,0.005630586508003299,0.0045627437609052635,0.00034747767613538537,-0.004215266084769878,0.004215266084769878,BUY
2007-04-13,102.88047790527344,0.007487523098489879,0.009495837890951098,0.00027497180288772673,-0.00922086608806337,0.00922086608806337,BUY
2007-04-16,103.85741424560548,0.0156463173790522,0.0026580867020806753,-4.359615844754189e-05,-0.002701682860528217,0.002701682860528217,SELL
2007-04-17,104.13347625732422,0.017149221319843866,0.0012239739766690683,-0.00010227848674712787,-0.001326252463416196,0.001326252463416196,SELL
2007-04-18,104.26093292236328,0.02256603019100245,-0.0002711169557568782,-0.0003137829933797984,-4.26660376229202e-05,4.26660376229202e-05,SELL
2007-04-19,104.232666015625,0.017766004728125395,0.009440942106212269,-0.00012636138750487592,-0.009567303493717145,0.009567303493717145,SELL
2007-04-20,105.21672058105467,0.022708318656259774,-0.0037682639490228542,-0.0003193387832109676,0.0034489251658118866,0.0034489251658118866,SELL
2007-04-23,104.82023620605467,0.009270613633536762,0.0004051241582538889,0.00020534931982311527,-0.00019977483843077365,0.00019977483843077365,BUY
2007-04-24,104.86270141601562,0.007002792808812108,0.009181666293670787,0.00029389856275811513,-0.008887767730912672,0.008887767730912672,BUY
2007-04-25,105.82551574707033,0.015006414971100446,0.001137212216603345,-1.861055413583841e-05,-0.0011558227707391833,0.0011558227707391833,SELL
2007-04-26,105.94586181640624,0.016436265772233227,-0.0008012797431984353,-7.444045241084137e-05,0.0007268392907875939,0.0007268392907875939,SELL
2007-04-27,105.86096954345705,0.006123066360978813,-0.008292728524254667,0.000328248327120559,0.008620976851375226,0.008620976851375226,BUY
2007-04-30,104.98309326171876,0.0015536795332529163,0.002561999903490708,0.0005066644258974167,-0.0020553354775932915,0.0020553354775932915,BUY
2007-05-01,105.25205993652344,0.003713031566516145,0.005852446555778101,0.00042235045113760426,-0.005430096104640497,0.005430096104640497,BUY
2007-05-02,105.8680419921875,0.0004018524721278727,0.005416631594968635,0.000551638620129473,-0.004864992974839162,0.004864992974839162,BUY
2007-05-03,106.44149017333984,0.00467812851239513,0.0037909904878321576,0.00038466731365832804,-0.0034063231741738296,0.0034063231741738296,BUY
2007-05-04,106.84500885009766,0.009295581845551126,0.00019915185160890303,0.000204374411996532,5.222560387628972e-06,5.222560387628972e-06,BUY
2007-05-07,106.86628723144533,0.017938068990135614,-0.001324892137445688,-0.0001330798019276839,0.001191812335518004,0.001191812335518004,SELL
2007-05-08,106.72470092773438,0.013991564555592362,0.0027194962762588926,2.1015255366295263e-05,-0.0026984810208925975,0.0026984810208925975,BUY
2007-05-09,107.0149383544922,0.01083326318993727,-0.010452308610559125,0.00014433416656082934,0.010596642777119953,0.010596642777119953,BUY
2007-05-10,105.8963851928711,-0.0051211701337612325,0.008556884985509106,0.0007672903440807023,-0.007789594641428403,0.007789594641428403,BUY
2007-05-11,106.80252838134766,-0.0003975896413617175,-0.0021874699305034495,0.0005828536055234157,0.002770323536026865,0.002770323536026865,BUY
2007-05-14,106.56890106201172,-0.0027827875108035194,0.0002660328650816446,0.0006759859479406743,0.00040995308285902976,0.00040995308285902976,BUY
2007-05-15,106.59725189208984,-0.0011941849875112265,0.006840436690317642,0.0006139574361515023,-0.0062264792541661396,0.0062264792541661396,BUY
2007-05-16,107.32642364501952,0.002910671120470054,-0.001978960139936703,0.0004536793856300355,0.0024326395255667385,0.0024326395255667385,BUY
2007-05-17,107.11402893066406,0.011498444782371386,0.008723935425740681,0.00011836151220375948,-0.008605573913536921,0.008605573913536921,BUY
2007-05-18,108.0484848022461,0.011665982442378597,-0.0005236500071916783,0.00011181984330514125,0.0006354698504968195,0.0006354698504968195,BUY
2007-05-21,107.99190521240234,0.013352902546706291,-0.0007866636664884963,4.595242710475221e-05,0.0008326160935932485,0.0008326160935932485,BUY
2007-05-22,107.90695190429688,0.01228643317684086,0.00013108420923124697,8.75937482732427e-05,-4.3490460958004276e-05,4.3490460958004276e-05,BUY
2007-05-23,107.9210968017578,0.005540789831077975,-0.00905281520524559,0.00035098387365907274,0.009403799078904663,0.009403799078904663,BUY
2007-05-24,106.94410705566406,-0.00158636433244419,0.004170109417039436,0.0006292704554649987,-0.0035408389615744374,0.0035408389615744374,BUY
2007-05-25,107.39007568359376,-0.006093645087734245,0.0036262154876525177,0.0008052615629745117,-0.002820953924678006,0.002820953924678006,BUY
2007-05-29,107.7794952392578,-0.001966906433651383,0.008145326418286247,0.0006441290874166135,-0.007501197330869634,0.007501197330869634,BUY
2007-05-30,108.65739440917967,0.006954533434957666,-0.0010425544493861683,0.00029578289637598236,0.0013383373457621507,0.0013383373457621507,BUY
2007-05-31,108.54411315917967,0.005772887562163209,0.004956669295922422,0.00034192139475841977,-0.004614747901164003,0.004614747901164003,BUY
2007-06-01,109.0821304321289,0.019991969967564582,0.00012960205315404316,-0.00021327633889919406,-0.0003428783920532372,0.0003428783920532372,SELL
2007-06-04,109.09626770019533,0.015887799740718744,-0.003957630305915227,-5.3025069265628445e-05,0.003904605236649599,0.003904605236649599,SELL
2007-06-05,108.6645050048828,0.008211299966291108,-0.010750217968648612,0.00024671123970789713,0.01099692920835651,0.01099692920835651,BUY
2007-06-06,107.496337890625,-0.010685480954774174,-0.018045161876426574,0.0009845542060595456,0.01902971608248612,0.01902971608248612,BUY
2007-06-07,105.55654907226562,-0.02752396237769983,0.013011665346874146,0.0016420288909726093,-0.011369636455901538,0.011369636455901538,BUY
2007-06-08,106.93001556396484,-0.019729307262687845,0.0017208766474847703,0.001337679093206934,-0.00038319755427783635,0.00038319755427783635,BUY
2007-06-11,107.11402893066406,-0.018169629551201605,-0.010905827424472991,0.0012767799784845582,0.012182607402957549,0.012182607402957549,BUY
2007-06-12,105.94586181640624,-0.025018686537562562,0.01496867181275463,0.0015442079888233244,-0.013424463823931306,0.013424463823931306,BUY
2007-06-13,107.53173065185548,0.0003292462043358313,0.006386295719313484,0.000554473601612678,-0.005831822117700806,0.005831822117700806,BUY
2007-06-14,108.2184600830078,0.025217866955083768,0.005689415351079141,-0.0004173265076144871,-0.006106741858693628,0.006106741858693628,SELL
2007-06-15,108.83415985107422,0.017807388103954214,-0.0011754552768639126,-0.0001279772411736425,0.00104747803569027,0.00104747803569027,SELL
2007-06-18,108.70623016357422,0.014864544344054265,0.002485481996046923,-1.3071079199065841e-05,-0.002498553075245989,0.002498553075245989,SELL
2007-06-19,108.9764175415039,0.028604757874822306,-0.013896904014819023,-0.0005495709175681199,0.013347333097250903,0.013347333097250903,SELL
2007-06-20,107.46198272705078,-0.0006486264508335227,0.0055575840753208094,0.0005926555789355989,-0.00496492849638521,0.00496492849638521,BUY
2007-06-21,108.05921173095705,-0.0014715451682513203,-0.009409514021815446,0.0006247872308853222,0.010034301252700769,0.010034301252700769,BUY
2007-06-22,107.04242706298828,-0.016462963379675122,-0.004781876892560377,0.0012101415581191426,0.00599201845067952,0.00599201845067952,BUY
2007-06-25,106.5305633544922,-0.020014186912821974,-0.010278751808149189,0.0013488024928476562,0.011627554300996846,0.011627554300996846,BUY
2007-06-26,105.43556213378906,-0.03249194172093517,0.014229014483000624,0.0018360084174696457,-0.012393006065530978,0.012393006065530978,BUY
2007-06-27,106.93580627441406,-0.004896396281587223,-0.0001331308070822157,0.0007585138330686347,0.0008916446401508504,0.0008916446401508504,BUY
2007-06-28,106.92156982421876,-0.010527949339208087,0.00033215778258166573,0.0009784032327795475,0.0006462454501978817,0.0006462454501978817,BUY
2007-06-29,106.95708465576172,-0.0007972764591402948,0.009041250142038493,0.0005984597613270557,-0.008442790380711437,0.008442790380711437,BUY
2007-07-02,107.92411041259766,0.013081194863001633,0.003623400226314022,5.656151466112524e-05,-0.0035668387116528965,0.0035668387116528965,BUY
2007-07-03,108.3151626586914,0.02731147315597715,-0.0010507790859883848,-0.0004990733731833924,0.0005517057128049923,0.0005517057128049923,SELL
2007-07-05,108.20134735107422,0.01183458675583915,0.00525716556574185,0.0001052365258976384,-0.005151929039844212,0.005151929039844212,BUY
2007-07-06,108.77017974853516,0.017289401262584825,0.0007847524589272847,-0.00010775194729085958,-0.0008925044062181443,0.0008925044062181443,SELL
2007-07-09,108.85553741455078,0.01774966814867085,-0.014239363528499194,-0.0001257235100645261,0.014113640018434667,0.014113640018434667,SELL
2007-07-10,107.30550384521484,-0.005731866262486229,0.007090280401062188,0.0007911355611597453,-0.006299144839902442,0.006299144839902442,BUY
2007-07-11,108.06632995605467,-0.0022973025800719915,0.01579014251856936,0.0006570297223853123,-0.015133112796184048,0.015133112796184048,BUY
2007-07-12,109.77271270751952,0.014522604338250922,0.0029791920825843476,2.8029685012083676e-07,-0.0029789117857342267,0.0029789117857342267,BUY
2007-07-13,110.09974670410156,0.012223634810940132,-0.000128819955160564,9.004577080405255e-05,0.00021886572596461655,0.00021886572596461655,BUY
2007-07-16,110.08556365966795,0.011299620343914185,-0.0005168709004385041,0.00012612480342607163,0.0006429957038645757,0.0006429957038645757,BUY
2007-07-17,110.0286636352539,0.02537763388136316,-0.0018098449993019239,-0.0004235647607488853,0.0013862802385530386,0.0013862802385530386,SELL
2007-07-18,109.82952880859376,0.016315894629308714,0.003885151938345599,-6.974044548746353e-05,-0.003954892383833062,0.003954892383833062,SELL
2007-07-19,110.25623321533205,0.0044047422705206785,-0.010124620238515125,0.00039534194213113375,0.010519962180646259,0.010519962180646259,BUY
2007-07-20,109.13993072509766,-0.008717694706269041,0.003061826026905301,0.0009077201014145329,-0.002154105925490768,0.002154105925490768,BUY
2007-07-23,109.4740982055664,-0.005554456313562661,-0.017341082357788418,0.0007842084192554785,0.018125290777043897,0.018125290777043897,BUY
2007-07-24,107.57569885253906,-0.02229387053946641,0.0020489126295144544,0.0014378149302809303,-0.0006110976992335241,0.0006110976992335241,BUY
2007-07-25,107.79611206054688,-0.018514299115228283,-0.023679083352513675,0.0012902379327570277,0.024969321285270702,0.024969321285270702,BUY
2007-07-26,105.24359893798828,-0.04546350016832168,-0.019659590145020833,0.002342495379614302,0.022002085524635135,0.022002085524635135,BUY
2007-07-27,103.17455291748048,-0.054658068481304056,0.015643450801006598,0.0027015061331766253,-0.012941944667829972,0.012941944667829972,BUY
2007-07-30,104.78855895996094,-0.042800437020336424,-0.011263249693516775,0.002238513520434213,0.013501763213950987,0.013501763213950987,BUY
2007-07-31,103.6082992553711,-0.03688007272540561,0.00487218584599991,0.0020073472084839823,-0.002864838637515928,0.002864838637515928,BUY
2007-08-01,104.11309814453124,-0.03416648194089755,0.007990144150302525,0.0019013924491908822,-0.006088751701111643,0.006088751701111643,BUY
2007-08-02,104.94497680664062,-0.002837437472312354,-0.025745331924717618,0.0006781198081933341,0.02642345173291095,0.02642345173291095,BUY
2007-08-03,102.24313354492188,-0.00902760754682952,0.01675923043378469,0.0009198209460263629,-0.015839409487758326,0.015839409487758326,BUY
2007-08-06,103.95664978027344,-0.00793893138663515,0.010669974311978248,0.0008773125393940628,-0.009792661772584185,0.009792661772584185,BUY
2007-08-07,105.06586456298828,0.014068036229651915,0.013940767513751506,1.8029345381643993e-05,-0.013922738168369862,0.013922738168369862,BUY
2007-08-08,106.5305633544922,0.02321960687986646,-0.02963387837178022,-0.00033930252312743567,0.029294575848652783,0.029294575848652783,SELL
2007-08-09,103.37364959716795,-0.014972867280420799,-0.004677258188209299,0.0011519593242976557,0.005829217512506955,0.005829217512506955,BUY
2007-08-10,102.89014434814452,0.006328158975471565,0.003593277392428096,0.00032024028894272013,-0.0032730371034853756,0.0032730371034853756,BUY
2007-08-13,103.25985717773438,-0.006702722760033475,-0.015285778333789968,0.0008290435858674609,0.016114821919657428,0.016114821919657428,BUY
2007-08-14,101.68144989013672,-0.03221231450318063,-0.013775632820665074,0.0018250901040975163,0.01560072292476259,0.01560072292476259,BUY
2007-08-15,100.28072357177734,-0.05866710534438668,0.007515827569928524,0.0028580428292216383,-0.0046577847407068855,0.0046577847407068855,BUY
2007-08-16,101.03441619873048,-0.022628913727561373,0.018367287299051682,0.0014508970134565005,-0.016916390285595183,0.016916390285595183,BUY
2007-08-17,102.89014434814452,0.0,-0.00048383447833399984,0.0005673293359878572,0.001051163814321857,0.001051163814321857,BUY
2007-08-20,102.84036254882812,-0.004062514130580341,0.002005342634574081,0.0007259541033211871,-0.001279388531252894,0.001279388531252894,BUY
2007-08-21,103.04659271240234,0.01342568210564088,0.01186752504697175,4.311067930239511e-05,-0.011824414367669355,0.011824414367669355,BUY
2007-08-22,104.26950073242188,0.039776110687808286,-0.0008863808179989663,-0.0009857671211503825,-9.938630315141622e-05,9.938630315141622e-05,SELL
2007-08-23,104.17707824707033,0.03110486670362267,0.012353037760336916,-0.0006471900687954927,-0.013000227829132408,0.013000227829132408,SELL
2007-08-24,105.46398162841795,0.02501539186848123,-0.00930358902945183,-0.00040942067332794003,0.008894168356123892,0.008894168356123892,SELL
2007-08-27,104.4827880859375,0.01597063153418543,-0.021979999953266827,-5.6259316223085496e-05,0.02192374063704374,0.02192374063704374,SELL
2007-08-28,102.1862564086914,-0.008349002922513837,0.019621305657553822,0.0008933241764931529,-0.018727981481060668,0.018727981481060668,BUY
2007-08-29,104.1912841796875,-0.0007501383643823134,-0.002661358350858456,0.000596619209128791,0.003257977559987247,0.003257977559987247,BUY
2007-08-30,103.91399383544922,-0.0025253579390772662,0.009853075006525325,0.0006659343629843502,-0.009187140643540974,0.009187140643540974,BUY
2007-08-31,104.9378662109375,-0.004988579127745418,0.010095157802410437,0.0007621132008625577,-0.00933304460154788,0.00933304460154788,BUY
2007-09-04,105.99723052978516,0.014494659566339552,-0.008652823176460434,1.3714273176450385e-06,0.008654194603778078,0.008654194603778078,BUY
2007-09-05,105.0800552368164,0.02831886527432137,0.0023005792542873937,-0.0005384079663071225,-0.002838987220594516,0.002838987220594516,SELL
2007-09-06,105.3218002319336,0.010850389849274,-0.013906818520799225,0.0001436654396924017,0.014050483960491626,0.014050483960491626,BUY
2007-09-07,103.85710906982422,-0.0005474216082491656,-0.0019173188917838146,0.0005887039386232348,0.0025060228304070497,0.0025060228304070497,BUY
2007-09-10,103.6579818725586,-0.012196591989074634,0.01166114495108772,0.0010435569882102371,-0.010617587962877484,0.010617587962877484,BUY
2007-09-11,104.86675262451172,-0.01066516454838673,0.002576555491249799,0.0009837609324529384,-0.0015927945587968606,0.0015927945587968606,BUY
2007-09-12,105.13694763183594,0.0005414195385728959,0.007032758584406773,0.0005461890899295436,-0.006486569494477229,0.006486569494477229,BUY
2007-09-13,105.87635040283205,0.0052652933170269645,-6.672707652910503e-05,0.0003617408997364792,0.00042846797626558425,0.00042846797626558425,BUY
2007-09-14,105.8692855834961,0.01937447067122844,-0.005372608753836383,-0.00018916548560455628,0.005183443268231827,0.005183443268231827,SELL
2007-09-17,105.3004913330078,0.015845470177767718,0.02943983406397943,-5.1372270811615695e-05,-0.029491206334791048,0.029491206334791048,SELL
2007-09-18,108.40052032470705,0.033697693613612856,0.0059028989659755116,-0.0007484294865828314,-0.006651328452558343,0.006651328452558343,SELL
2007-09-19,109.04039764404295,0.03712729064454057,-0.007042470817707147,-0.0008823413976782083,0.006160129420028939,0.006160129420028939,SELL
2007-09-20,108.2724838256836,0.022631431983959338,0.0026988707529038702,-0.00031633666922128696,-0.003015207422125157,0.003015207422125157,SELL
2007-09-21,108.564697265625,0.02545980798182601,-0.0018429643947009966,-0.00042677332745112164,0.001416191067249875,0.001416191067249875,SELL
2007-09-24,108.36461639404295,0.029098867652431082,-0.001977461013842219,-0.0005688639085562198,0.001408597105285999,0.001408597105285999,SELL
2007-09-25,108.15032958984376,-0.002308021530836313,0.005284265506353192,0.0006574482541162542,-0.004626817252236938,0.004626817252236938,BUY
2007-09-26,108.7218246459961,-0.002921605248421999,0.005913944652871539,0.0006814062198766454,-0.0052325384329948935,0.0052325384329948935,BUY
2007-09-27,109.36479949951172,0.010088580544496795,-0.0033313653763608064,0.0001734110159140375,0.003504776392274844,0.003504776392274844,BUY
2007-09-28,109.0004653930664,0.004013902662807656,0.011272627270181523,0.00041060265011771046,-0.010862024620063812,0.010862024620063812,BUY
2007-10-01,110.22918701171876,0.01720645243550467,-0.0013615070916588312,-0.00010451313064352343,0.0012569939610153078,0.0012569939610153078,SELL
2007-10-02,110.07910919189452,0.017834246177201418,-0.002011534423797423,-0.00012902594044776681,0.0018825084833496563,0.0018825084833496563,SELL
2007-10-03,109.85768127441406,0.01044736539435731,0.0015608434485478995,0.00015940191674477063,-0.001401441531803129,0.001401441531803129,BUY
2007-10-04,110.0291519165039,0.006074645772977005,0.011881783204954255,0.00033013895549969835,-0.011551644249454556,0.011551644249454556,BUY
2007-10-05,111.33649444580078,0.02143136769471976,-0.0053261483837186985,-0.000269479006073055,0.005056669377645644,0.005056669377645644,SELL
2007-10-08,110.74349975585938,0.0046658490195155,0.009418428959312886,0.0003851467782554701,-0.009033282181057416,0.009033282181057416,BUY
2007-10-09,111.78652954101562,0.01551084816779058,-0.0016613336369079024,-3.830663294030769e-05,0.0016230270039675947,0.0016230270039675947,SELL
2007-10-10,111.60081481933594,0.01586719767521494,-0.004800740948261217,-5.222064182437301e-05,0.004748520306436845,0.004748520306436845,SELL
2007-10-11,111.06504821777344,0.009414744031251088,0.0055310252750502276,0.00019972160996950566,-0.005331303665080722,0.005331303665080722,BUY
2007-10-12,111.67935180664062,0.0030794696972136215,-0.008443140869444532,0.0004470884830260068,0.008890229352470538,0.008890229352470538,BUY
2007-10-15,110.7364273071289,-6.386333054364535e-05,-0.007935473936481863,0.0005698229410863262,0.008505296877568189,0.008505296877568189,BUY
2007-10-16,109.85768127441406,-0.017254746833283208,0.0030566141357482035,0.001241057503779871,-0.0018155566319683326,0.0018155566319683326,BUY
2007-10-17,110.19347381591795,-0.0126104903955786,-0.0036308237208462213,0.0010597180491495987,0.00469054176999582,0.00469054176999582,BUY
2007-10-18,109.79338073730467,-0.01144975400339554,-0.026156225231636854,0.0010143959815266453,0.0271706212131635,0.0271706212131635,BUY
2007-10-19,106.92160034179688,-0.04260189003497461,0.005812795213618438,0.002230761062634576,-0.003582034150983862,0.003582034150983862,BUY
2007-10-22,107.5431137084961,-0.02883706542000053,0.008104418514586875,0.0016933002608373292,-0.006411118253749546,0.006411118253749546,BUY
2007-10-23,108.41468811035156,-0.013135113970392687,-0.0018448810813129768,0.0010802024806660442,0.002925083561979021,0.002925083561979021,BUY
2007-10-24,108.21467590332033,-0.017957487354498647,0.0023761424385397856,0.0012684966825963586,-0.001107645755943427,0.001107645755943427,BUY
2007-10-25,108.47180938720705,-0.01203689458529078,0.011722569260375959,0.0010373214496484716,-0.010685247810727487,0.010685247810727487,BUY
2007-10-26,109.74337768554688,0.02639108781321653,0.0033201513540752625,-0.0004631360432050336,-0.003783287397280296,0.003783287397280296,SELL
2007-10-29,110.10774230957033,0.02384744603941691,-0.006942260838764369,-0.0003638171063154124,0.006578443732448957,0.006578443732448957,SELL
2007-10-30,109.34334564208984,0.008565790742238066,0.010388260385905568,0.00023286980678016348,-0.010155390579125404,0.010155390579125404,BUY
2007-10-31,110.47923278808594,0.02092652282014673,-0.0234077222881105,-0.00024976685291012415,0.023157955435200377,0.023157955435200377,SELL
2007-11-01,107.8931655883789,-0.005334508588886733,0.001125954998711931,0.0007756203490283282,-0.0003503346496836028,0.0003503346496836028,BUY
2007-11-02,108.0146484375,-0.015752469848342776,-0.00760625175169749,0.001182399655573851,0.008788651407271341,0.008788651407271341,BUY
2007-11-05,107.19306182861328,-0.026471167420383135,0.013462696002543684,0.0016009215003799254,-0.011861774502163759,0.011861774502163759,BUY
2007-11-06,108.63616943359376,-0.006467482811536196,-0.02735638900047488,0.0008198584160690349,0.028176247416543915,0.028176247416543915,BUY
2007-11-07,105.66427612304688,-0.04358245928693949,-0.005070388894199862,0.002269048331170163,0.0073394372253700255,0.0073394372253700255,BUY
2007-11-08,105.1285171508789,-0.025623944041528568,-0.01372657237377084,0.0015678408495734344,0.015294413223344275,0.015294413223344275,BUY
2007-11-09,103.68546295166016,-0.04007961464916321,-0.009921884502438916,0.0021322763968919453,0.012054160899330861,0.012054160899330861,BUY
2007-11-12,102.65670776367188,-0.042319474670799107,0.030480505253644985,0.0022197338834066983,-0.02826077137023829,0.02826077137023829,BUY
2007-11-13,105.78573608398438,-0.026238345520381956,-0.0027688050987959567,0.001591830745608196,0.004360635844404152,0.004360635844404152,BUY
2007-11-14,105.49283599853516,-0.0016224984526660435,-0.01442422328754911,0.0006306813469053117,0.01505490463445442,0.01505490463445442,BUY
2007-11-15,103.97118377685548,-0.011008748200665996,0.001717529818470398,0.000997176486257929,-0.0007203533322124691,0.0007203533322124691,BUY
2007-11-16,104.1497573852539,0.004477912528685124,-0.013923915530135722,0.0003924849391019783,0.0143164004692377,0.0143164004692377,BUY
2007-11-19,102.6995849609375,0.0004176755537916854,0.006121443811176741,0.0005510207927037109,-0.00557042301847303,0.00557042301847303,BUY
2007-11-20,103.32825469970705,-0.023230744287928484,-0.020464666254314645,0.001474396065901318,0.021939062320215964,0.021939062320215964,BUY
2007-11-21,101.21367645263672,-0.04056350846381507,0.017292490230305102,0.0021511704957912947,-0.015141319734513808,0.015141319734513808,BUY
2007-11-23,102.9639129638672,-0.009687980615379899,-0.022063717250090376,0.0009456058469485505,0.023009323097038927,0.023009323097038927,BUY
2007-11-26,100.69214630126952,-0.03319845548170175,0.011493931506333821,0.001863594926049589,-0.009630336580284232,0.009630336580284232,BUY
2007-11-27,101.84949493408205,-0.008277443644770233,0.03198473783929523,0.0008905300757422962,-0.031094207763552935,0.031094207763552935,BUY
2007-11-28,105.10712432861328,0.017215713495558393,0.00033948867358502,-0.00010487473763098562,-0.0004443634112160056,0.0004443634112160056,SELL
2007-11-29,105.14280700683594,0.03882015446833287,0.010055598617196626,-0.0009484408921155863,-0.011004039509312212,0.011004039509312212,SELL
2007-11-30,106.20008087158205,0.03143011774281046,-0.006592452781663094,-0.0006598898081090683,0.005932562973554026,0.005932562973554026,SELL
2007-12-03,105.49996185302734,0.04774767177345596,-0.00893847169504458,-0.0012970243825038716,0.0076414473125407095,0.0076414473125407095,SELL
2007-12-04,104.55695343017578,0.02658293492614794,0.016739624512814633,-0.0004706268980486496,-0.017210251410863284,0.017210251410863284,SELL
2007-12-05,106.30719757080078,0.011417620354977176,0.014313440095043095,0.00012151737962431774,-0.014191922715418777,0.014191922715418777,BUY
2007-12-06,107.82881927490234,0.02554632451359007,-0.0001981838828034599,-0.0004301514485555522,-0.00023196756575209233,0.00023196756575209233,SELL
2007-12-07,107.80744934082033,0.01513528479495152,0.007752924906326841,-2.3642400221194335e-05,-0.007776567306548036,0.007776567306548036,SELL
2007-12-10,108.64327239990234,0.02979442353973516,-0.027419979268390904,-0.000596022556438923,0.02682395671195198,0.02682395671195198,SELL
2007-12-11,105.66427612304688,0.010590617424699245,0.009870951046482945,0.0001538085035891171,-0.009717142542893829,0.009717142542893829,BUY
2007-12-12,106.70728302001952,0.003763484113597171,-0.0020756685613967374,0.00042038048296398996,0.0024960490443607275,0.0024960490443607275,BUY
2007-12-13,106.4857940673828,-0.012455160100525609,-0.012678736140054436,0.0010536530285439774,0.013732389168598414,0.013732389168598414,BUY
2007-12-14,105.13568878173828,-0.024782708202617743,-0.014269454066643483,0.0015349939880166413,0.015804448054660126,0.015804448054660126,BUY
2007-12-17,103.63545989990234,-0.04609408746053656,0.005583085677569377,0.00236711726628246,-0.0032159684112869173,0.0032159684112869173,BUY
2007-12-18,104.2140655517578,-0.013724700764526032,0.0,0.0011032234634949325,0.0011032234634949325,0.0011032234634949325,BUY
2007-12-19,104.2140655517578,-0.023365016873252764,0.006307091026305001,0.0014796388679991575,-0.0048274521583058436,0.0048274521583058436,BUY
2007-12-20,104.87135314941406,-0.015161091975772312,0.014415201032352165,0.0011593087383665874,-0.013255892293985577,0.013255892293985577,BUY
2007-12-21,106.38309478759766,0.011864724722058906,0.007425928787934799,0.00010405976005120783,-0.007321869027883591,0.007321869027883591,BUY
2007-12-24,107.17308807373048,0.03413530636371953,0.002144099213868156,-0.0007655164968519755,-0.002909615710720131,0.002909615710720131,SELL
2007-12-26,107.4028778076172,0.03059867436296959,-0.012570688992584733,-0.0006274253025248735,0.011943263690059859,0.011943263690059859,SELL
2007-12-27,106.05274963378906,0.017643338951382592,-0.00250587279089598,-0.00012157178439946845,0.0023843010064965114,0.0023843010064965114,SELL
2007-12-28,105.78699493408205,0.008731095357980445,-0.007399835839671742,0.00022641532924028732,0.00762625116891203,0.00762625116891203,BUY
2007-12-31,105.00418853759766,-0.012961704608736024,-0.008754853282060049,0.0010734315455352217,0.00982828482759527,0.00982828482759527,BUY
2008-01-02,104.08489227294922,-0.028815030492139182,-0.00048260542425315744,0.0016924398859086854,0.002175045310161843,0.002175045310161843,BUY
2008-01-03,104.03466033935548,-0.03136058862682389,-0.02450661779809693,0.0017918336489502295,0.02629845144704716,0.02629845144704716,BUY
2008-01-04,101.48512268066406,-0.04306938734636756,-0.00084897914261306,0.0022490149443110613,0.0030979940869241213,0.0030979940869241213,BUY
2008-01-07,101.39896392822266,-0.04147987196907954,-0.016148673890086673,0.002186950789260592,0.018335624679347264,0.018335624679347264,BUY
2008-01-08,99.76150512695312,-0.049928326514016574,0.010510525438324203,0.002516828813912634,-0.007993696624411569,0.007993696624411569,BUY
2008-01-09,100.81005096435548,-0.03146317623124295,0.006553889524818501,0.001795839280526933,-0.0047580502442915685,0.0047580502442915685,BUY
2008-01-10,101.4707489013672,-0.024644781168361996,-0.008068436825515612,0.0015296084944492212,0.009598045319964834,0.009598045319964834,BUY
2008-01-11,100.65203857421876,-0.008208928406843508,0.008063041702570217,0.0008878548324506841,-0.007175186870119533,0.007175186870119533,BUY
2008-01-14,101.4636001586914,0.000637444683502908,-0.022013323220320347,0.0005424396958885445,0.02255576291620889,0.02255576291620889,BUY
2008-01-15,99.23004913330078,-0.005327265190877339,-0.00861253113015148,0.0007753375235938777,0.009387868653745357,0.009387868653745357,BUY
2008-01-16,98.37542724609376,-0.024150604974126577,-0.0259161748200597,0.0015103129101601235,0.027426487730219825,0.027426487730219825,BUY
2008-01-17,95.82591247558594,-0.05563018393870556,-0.010267279846790989,0.0027394633151814098,0.013006743161972398,0.013006743161972398,BUY
2008-01-18,94.842041015625,-0.057723595477001566,-0.010146940714026331,0.0028212025799621765,0.012968143293988509,0.012968143293988509,BUY
2008-01-22,93.8796844482422,-0.0747451864371832,0.0240211335263929,0.0034858269526818874,-0.020535306573711012,0.020535306573711012,BUY
2008-01-23,96.13478088378906,-0.03119285213044376,0.008441279439721061,0.0017852842162943965,-0.006655995223426665,0.006655995223426665,BUY
2008-01-24,96.94628143310548,-0.014527467407213002,-0.014445724671937499,0.0011345682583254646,0.015580292930262963,0.015580292930262963,BUY
2008-01-25,95.54582214355467,-0.002922908061038565,0.01653650747058588,0.0006814570894469507,-0.015855050381138932,0.015855050381138932,BUY
2008-01-28,97.12581634521484,0.024079778388716777,0.004954017819445156,-0.0003728887461096679,-0.005326906565554824,0.005326906565554824,SELL
2008-01-29,97.6069793701172,0.039702891459226564,-0.0073576183984077614,-0.0009829082060242357,0.006374710192383526,0.006374710192383526,SELL
2008-01-30,96.88882446289062,0.007843608443993677,0.018234387544872055,0.00026106810845964615,-0.017973319436412408,0.017973319436412408,BUY
2008-01-31,98.65553283691406,0.01763091248618953,0.016087568937167784,-0.00012108658112714333,-0.016208655518294927,0.016208655518294927,SELL
2008-02-01,100.24266052246094,0.04915796707311193,-0.012608868585645028,-0.001352090717435551,0.011256777868209477,0.011256777868209477,SELL
2008-02-04,98.9787139892578,0.019077292873989293,-0.02677391123240591,-0.00017756189299453944,0.026596349339411372,0.026596349339411372,SELL
2008-02-05,96.32866668701172,-0.013096529483391017,-0.008051962020248604,0.0010786959123005968,0.009130657932549201,0.009130657932549201,BUY
2008-02-06,95.55303192138672,-0.013786858793147228,0.0066141677712503455,0.001105650483441452,-0.005508517287808894,0.005508517287808894,BUY
2008-02-07,96.1850357055664,-0.02504164804858533,-0.006421665774977936,0.001545104543081731,0.007966770318059667,0.007966770318059667,BUY
2008-02-08,95.56736755371094,-0.04663975341818094,0.0051104061357445385,0.002388423317853213,-0.0027219828178913254,0.0027219828178913254,BUY
2008-02-11,96.05575561523438,-0.029531181566378573,0.0092709261633237,0.0017204026926523285,-0.007550523470671372,0.007550523470671372,BUY
2008-02-12,96.94628143310548,0.006411536330098944,0.01022275774747694,0.0003169847400255901,-0.00990577300745135,0.00990577300745135,BUY
2008-02-13,97.93733978271484,0.024952718018301567,-0.008799437681055955,-0.0004069735126330891,0.008392464168422866,0.008392464168422866,SELL
2008-02-14,97.07554626464844,0.00925830668512706,-0.00022194477378989497,0.0002058298564478072,0.00042777463023770216,0.00042777463023770216,BUY
2008-02-15,97.0540008544922,0.015555867435040005,0.0028119507632300422,-4.0064453482814154e-05,-0.0028520152167128563,0.0028520152167128563,SELL
2008-02-19,97.32691192626952,0.013233525704872351,0.002951437868631057,5.061361058676303e-05,-0.002900824258044294,0.002900824258044294,BUY
2008-02-20,97.61416625976562,0.006889225835041479,-0.008314051586605586,0.00029833289435969975,0.008612384480965286,0.008612384480965286,BUY
2008-02-21,96.80259704589844,-0.011586415756584367,0.00615844282560607,0.001019732070979175,-0.005138710754626895,0.005138710754626895,BUY
2008-02-22,97.39875030517578,0.003329407383876326,0.012608245382022654,0.00043732942591989926,-0.012170915956102755,0.012170915956102755,BUY
2008-02-25,98.62677764892578,0.016205172178234584,0.007500768340637176,-6.541718100746999e-05,-0.007566185521644646,0.007566185521644646,SELL
2008-02-26,99.3665542602539,0.020956612036859168,-0.0010122715661101678,-0.00025094171528520473,0.000761329850824963,0.000761329850824963,SELL
2008-02-27,99.2659683227539,0.0169217453396322,-0.0097668209541949,-9.339646854973095e-05,0.009673424485645168,0.009673424485645168,SELL
2008-02-28,98.29645538330078,0.015432006815830013,-0.02228406851241549,-3.522819660531731e-05,0.022248840315810172,0.022248840315810172,SELL
2008-02-29,96.10601043701172,-0.013272653541380852,-0.002391082121048438,0.001085572845357922,0.00347665496640636,0.00347665496640636,BUY
2008-03-03,95.87621307373048,-0.02788861849452562,-0.003820338646136734,0.0016562672394014192,0.005476605885538153,0.005476605885538153,BUY
2008-03-04,95.50993347167967,-0.03881206123413761,0.006316401779804748,0.002082783555986484,-0.004233618223818264,0.004233618223818264,BUY
2008-03-05,96.11321258544922,-0.03176069090520328,-0.02069813889796679,0.0018074560268121866,0.022505594924778976,0.022505594924778976,BUY
2008-03-06,94.12384796142578,-0.04244921554499781,-0.010300477401274377,0.002224799740489748,0.012525277141764126,0.012525277141764126,BUY
2008-03-07,93.15432739257812,-0.030712783009218092,-0.01318353824315388,0.0017665394562244889,0.01495007769937837,0.01495007769937837,BUY
2008-03-10,91.9262237548828,-0.04119884580558131,0.035937808377391134,0.002175977852707848,-0.03376183052468329,0.03376183052468329,BUY
2008-03-11,95.22985076904295,-0.002932498143973339,-0.009351490834737852,0.0006818315434489158,0.010033322378186767,0.010033322378186767,BUY
2008-03-12,94.3393096923828,-0.01845638955715201,0.002207316282204941,0.001287976798424699,-0.0009193394837802417,0.0009193394837802417,BUY
2008-03-13,94.54754638671876,0.004501499189308866,-0.01549513352230747,0.00039156397527678245,0.015886697497584253,0.015886697497584253,BUY
2008-03-14,93.08251953125,-0.0007708483689169432,-0.010107034852307684,0.0005974278511532087,0.010704462703460892,0.010704462703460892,BUY
2008-03-17,92.14173126220705,0.002344352879096734,0.041542572654044374,0.0004757918254608924,-0.041066780828583484,0.041066780828583484,BUY
2008-03-18,95.96953582763672,0.0077673655121826,-0.02476945753446702,0.0002640450869834391,0.02503350262145046,0.02503350262145046,BUY
2008-03-19,93.59242248535156,-0.007917030657386137,0.018522425306989776,0.0008764574043791703,-0.017645967902610606,0.017645967902610606,BUY
2008-03-20,95.32598114013672,0.008233262344365944,0.019988127639797293,0.00024585369755537054,-0.01974227394224192,0.01974227394224192,BUY
2008-03-24,97.23136901855467,0.044571736005833085,0.0009649796654351839,-0.0011730169191420613,-0.002137996584577245,0.002137996584577245,SELL
2008-03-25,97.3251953125,0.05625533598389221,-0.012236324891381822,-0.0016292143054316632,0.01060711058595016,0.01060711058595016,SELL
2008-03-26,96.13429260253906,0.0017167611938673222,-0.003152728531550353,0.0005002967457762407,0.0036530252773265934,0.0036530252773265934,BUY
2008-03-27,95.83120727539062,0.023920577441933988,-0.009564766159575355,-0.0003666725921884855,0.00919809356738687,0.00919809356738687,SELL
2008-03-28,94.91460418701172,-0.00431547567834889,0.0034977280522465737,0.0007358312299893798,-0.002761896822257194,0.002761896822257194,BUY
2008-03-31,95.24658966064452,-0.020412952917811977,0.03515959142148217,0.0013643726946312852,-0.03379521872685089,0.03379521872685089,BUY
2008-04-01,98.59542083740234,0.013051353463240378,0.000658665541446446,5.7726700785254177e-05,-0.0006009388406611918,0.0006009388406611918,BUY
2008-04-02,98.66036224365234,0.02627646776948933,0.0024874704319515217,-0.00045866059347524643,-0.002946131025426768,0.002946131025426768,SELL
2008-04-03,98.90577697753906,0.032083178220984276,-0.0010946654594053973,-0.0006853891819143519,0.0004092762774910454,0.0004092762774910454,SELL
2008-04-04,98.7975082397461,0.04090944787678641,0.0005114448823735351,-0.0010300193605601155,-0.0015414642429336506,0.0015414642429336506,SELL
2008-04-07,98.84803771972656,0.037811832128727074,-0.0010222896973729467,-0.0009090699776089777,0.00011321971976396904,0.00011321971976396904,SELL
2008-04-08,98.74698638916016,0.0015372473738690662,-0.007236131751882202,0.0005073060353479357,0.0077434377872301376,0.0077434377872301376,BUY
2008-04-09,98.03244018554688,-0.006364481579286596,0.001399297145029177,0.0008158366339962905,-0.0005834605110328864,0.0005834605110328864,BUY
2008-04-10,98.16961669921876,-0.007443046309493884,-0.019408907300435208,0.0008579502301300783,0.020266857530565285,0.020266857530565285,BUY
2008-04-11,96.26425170898438,-0.025640894956727167,-0.003374031150901957,0.0015685027143431407,0.004942533865245098,0.004942533865245098,BUY
2008-04-14,95.939453125,-0.029424808643885858,0.0023322509720893336,0.0017162492596946534,-0.0006160017123946803,0.0006160017123946803,BUY
2008-04-15,96.1632080078125,-0.026165642880128348,0.027094237016181077,0.0015889920011696384,-0.02550524501501144,0.02550524501501144,BUY
2008-04-16,98.7686767578125,0.0075101320631429935,0.0014611679703575575,0.00027408901414103615,-0.0011870789562165214,0.0011870789562165214,BUY
2008-04-17,98.91299438476562,0.007572380442560922,0.010434159647363161,0.00027165846636085275,-0.01016250118100231,0.01016250118100231,BUY
2008-04-18,99.945068359375,0.038236589232709894,0.0005053435114503735,-0.0009256550268240136,-0.001430998538274387,0.001430998538274387,SELL
2008-04-21,99.99557495117188,0.04227793357219922,-0.004402813234838598,-0.0010834531993250869,0.0033193600355135118,0.0033193600355135118,SELL
2008-04-22,99.55531311035156,0.03527445862936984,-0.0015946920946831034,-0.0008099957915172727,0.0007846963031658306,0.0007846963031658306,SELL
2008-04-23,99.39655303955078,0.006357038510072188,0.004356581406121718,0.00031911265976791053,-0.0040374687463538075,0.0040374687463538075,BUY
2008-04-24,99.82958221435548,0.009266606832509572,0.009254051800160257,0.00020550576921879975,-0.009048546030941457,0.009048546030941457,BUY
2008-04-25,100.75341033935548,0.008087862595419937,0.0002145244973268401,0.0002515309704473642,3.700647312052411e-05,3.700647312052411e-05,BUY
2008-04-28,100.7750244140625,0.007794839554362554,-0.0039385154606207395,0.00026297233661053674,0.004201487797231276,0.004201487797231276,BUY
2008-04-29,100.37812042236328,0.008264825716530977,-0.005896360053967653,0.0002446212753643323,0.0061409813293319855,0.0061409813293319855,BUY
2008-04-30,99.7862548828125,0.003920677642681003,0.020685694153396605,0.0004142427105955119,-0.020271451442801094,0.020271451442801094,BUY
2008-05-01,101.85040283203124,0.02024270334355016,0.002763575249727923,-0.00022306646445938042,-0.0029866417141873034,0.0029866417141873034,SELL
2008-05-02,102.13187408447266,0.013681559169801405,-0.004805167902987351,3.311971349556338e-05,0.004838287616482914,0.004838287616482914,BUY
2008-05-05,101.64111328125,0.008594280896712325,0.008662765839902775,0.00023175738132648896,-0.008431008458576287,0.008431008458576287,BUY
2008-05-06,102.5216064453125,0.021354115956047304,-0.017810323662242555,-0.00026646263771613735,0.017543861024526416,0.017543861024526416,SELL
2008-05-07,100.69566345214844,0.009113565494605735,-0.002580240517360388,0.00021148141529339192,0.00279172193265378,0.00279172193265378,BUY
2008-05-08,100.43584442138672,-0.013888589257495254,-0.0018684586002762904,0.0011096226471605753,0.0029780812474368657,0.0029780812474368657,BUY
2008-05-09,100.24818420410156,-0.018443702294281827,0.011231204902992786,0.0012874814120565066,-0.00994372349093628,0.00994372349093628,BUY
2008-05-12,101.37409210205078,-0.00262709813557771,0.0001426173328602509,0.000669906906704715,0.000527289573844464,0.000527289573844464,BUY
2008-05-13,101.3885498046875,-0.011051881451247025,0.0020640821117898778,0.0009988606654676067,-0.0010652214463222711,0.0010652214463222711,BUY
2008-05-14,101.59782409667967,0.008959280008716153,0.01250263767935289,0.00021750564032141628,-0.012285132039031475,0.012285132039031475,BUY
2008-05-15,102.8680648803711,0.024216657638480132,0.0009121773939169131,-0.0003782333279249122,-0.0012904107218418253,0.0012904107218418253,SELL
2008-05-16,102.96189880371094,0.027069962624802768,0.0027335195594477835,-0.0004896433624598082,-0.003223162921907592,0.003223162921907592,SELL
2008-05-19,103.24334716796876,0.018439179352020663,-0.008108518337443194,-0.00015264613745473877,0.007955872199988456,0.007955872199988456,SELL
2008-05-20,102.40619659423828,0.010037097793697214,-0.016914700111789305,0.00017542120938162227,0.017090121321170926,0.017090121321170926,BUY
2008-05-21,100.6740264892578,-0.00909269086848552,0.00014330593065281505,0.0009223621868499337,0.0007790562561971186,0.0007790562561971186,BUY
2008-05-22,100.6884536743164,-0.021188414583179327,-0.013403966239808551,0.0013946513403888178,0.01479861758019737,0.01479861758019737,BUY
2008-05-23,99.33882904052734,-0.035188451313341695,0.007410215506439499,0.0019412962252062,-0.0054689192812333,0.0054689192812333,BUY
2008-05-27,100.074951171875,-0.030688621426996465,0.004615986065131805,0.0017655960440331414,-0.002850390021098664,0.002850390021098664,BUY
2008-05-28,100.53689575195312,-0.01825378643532527,0.005024901400652482,0.001280065964879812,-0.00374483543577267,0.00374483543577267,BUY
2008-05-29,101.04208374023438,0.0036559305692998034,0.002499964511663677,0.000424580014434323,-0.002075384497229354,0.002075384497229354,BUY
2008-05-30,101.29468536376952,0.00602086602118268,-0.010331254358604935,0.00033223883757799166,0.010663493196182927,0.010663493196182927,BUY
2008-06-02,100.24818420410156,0.00915407572605087,-0.005831170046872947,0.00020989965438596934,0.006041069701258916,0.006041069701258916,BUY
2008-06-03,99.6636199951172,-0.004110231101200901,-0.0005068471443631095,0.0007278172582836674,0.001234664402646777,0.001234664402646777,BUY
2008-06-04,99.61310577392578,-0.009188566755696681,0.01999710641965069,0.0009261057529798992,-0.01907100066667079,0.01907100066667079,BUY
2008-06-05,101.6050796508789,0.0055718952915888575,-0.0318941555527239,0.0003497693310685144,0.032243924883792414,0.032243924883792414,BUY
2008-06-06,98.36447143554688,-0.02892761765041929,0.002421423755905039,0.0016968359596730741,-0.0007245877962319648,0.0007245877962319648,BUY
2008-06-09,98.60265350341795,-0.016414568640299443,-0.004977310899596743,0.0012082519390244446,0.006185562838621188,0.006185562838621188,BUY
2008-06-10,98.11187744140624,-0.015569799228514758,-0.014712295446557055,0.0011752671057198732,0.01588756255227693,0.01588756255227693,BUY
2008-06-11,96.66842651367188,-0.02956116303548373,0.003807735181275751,0.0017215733479185632,-0.0020861618333571875,0.0020861618333571875,BUY
2008-06-12,97.03651428222656,-0.04496394653052982,0.012643596825793635,0.002322989827875105,-0.01032060699791853,0.01032060699791853,BUY
2008-06-13,98.2634048461914,-0.0010274704665260703,0.0005875967548945038,0.0006074479075068401,1.985115261233627e-05,1.985115261233627e-05,BUY
2008-06-16,98.3211441040039,-0.0028549880699132446,-0.00484420565014021,0.0006788050881385893,0.005523010738278799,0.005523010738278799,BUY
2008-06-17,97.84485626220705,-0.0027215989150616293,-0.009736586082457643,0.0006735967804323206,0.010410182862889965,0.010410182862889965,BUY
2008-06-18,96.89218139648438,0.0023146635450910225,0.0012663139696431625,0.0004769510740314973,-0.0007893628956116652,0.0007893628956116652,BUY
2008-06-19,97.01487731933594,-0.000222977536349811,-0.016231839517254487,0.000576035708122739,0.016807875225377227,0.016807875225377227,BUY
2008-06-20,95.44014739990234,-0.02873152472894891,-0.0009882065122983619,0.0016891793231558472,0.0026773858354542093,0.0026773858354542093,BUY
2008-06-23,95.34583282470705,-0.03026115396042972,-0.001977967970186012,0.0017489051661070058,0.003726873136293018,0.003726873136293018,BUY
2008-06-24,95.15724182128906,-0.02746812191859782,0.004726016139571687,0.0016398485465976404,-0.0030861675929740465,0.0030861675929740465,BUY
2008-06-25,95.6069564819336,-0.01326448528691515,-0.02716058347853534,0.0010852539080145691,0.028245837386549906,0.028245837386549906,BUY
2008-06-26,93.01021575927734,-0.04127883960391743,-0.005459011478516795,0.002179101287418797,0.007638112765935592,0.007638112765935592,BUY
2008-06-27,92.50247192382812,-0.030780290643989794,0.003529057401535418,0.0017691753566828473,-0.0017598820448525708,0.0017598820448525708,BUY
2008-06-30,92.82891845703124,-0.026397738559829298,0.003125351352382122,0.001598054399972021,-0.001527296952410101,0.001527296952410101,BUY
2008-07-01,93.1190414428711,-0.02141928811099658,-0.017136573221188556,0.001403666019096706,0.01854023924028526,0.01854023924028526,BUY
2008-07-02,91.52330017089844,-0.04271296212432851,0.001030414611630892,0.0022350979790771225,0.0012046833674462304,0.0012046833674462304,BUY
2008-07-03,91.61760711669922,-0.014972641781440199,-0.010212763406063141,0.0011519505194733078,0.011364713925536448,0.011364713925536448,BUY
2008-07-07,90.68193817138672,-0.019680920029256477,0.01775664080933792,0.0013357897671890432,-0.01642085104214888,0.01642085104214888,BUY
2008-07-08,92.29214477539062,-0.00578239723744145,-0.019254742283074444,0.000793108591625058,0.020047850874699503,0.020047850874699503,BUY
2008-07-09,90.51508331298828,-0.02796375574248533,0.0040867353849585175,0.0016592010454369375,-0.00242753433952158,0.00242753433952158,BUY
2008-07-10,90.88499450683594,-0.006974242218873328,-0.011651731906661245,0.0008396453240031485,0.012491377230664394,0.012491377230664394,BUY
2008-07-11,89.8260269165039,-0.019554977002545604,-0.009044158422215953,0.0013308722007099787,0.010375030622925932,0.010375030622925932,BUY
2008-07-14,89.01362609863281,-0.01839740202289053,-0.014097219948515427,0.001285673573476542,0.015382893521991969,0.015382893521991969,BUY
2008-07-15,87.75878143310547,-0.04911970951935185,0.02454741352892298,0.0024852555864683405,-0.022062157942454638,0.022062157942454638,BUY
2008-07-16,89.91303253173828,-0.006651386257561009,0.01000315568471688,0.000827039102806318,-0.009176116581910563,0.009176116581910563,BUY
2008-07-17,90.81244659423828,-0.0007982386200419134,0.006230378319896479,0.000598497329823866,-0.005631880990072613,0.005631880990072613,BUY
2008-07-18,91.37824249267578,0.017280243037073317,0.0005555588488692642,-0.00010739435557689759,-0.0006629532044461618,0.0006629532044461618,SELL
2008-07-21,91.42900848388672,0.027134973499197912,0.011344998486704894,-0.0004921817745104739,-0.011837180261215368,0.011837180261215368,SELL
2008-07-22,92.46627044677734,0.05364123039083202,0.005412492793780421,-0.0015271440410201292,-0.006939636834800551,0.006939636834800551,SELL
2008-07-23,92.96674346923828,0.03396294009349621,-0.020754124403781327,-0.0007587862902283292,0.019995338113552998,0.019995338113552998,SELL
2008-07-24,91.03730010986328,0.0024760208986513987,-0.000238760870470478,0.0004706507211358927,0.0007094115916063707,0.0007094115916063707,BUY
2008-07-25,91.01556396484376,-0.003968981214112155,-0.014663452027529722,0.0007223020207349157,0.015385754048264637,0.015385754048264637,BUY
2008-07-28,89.68096160888672,-0.019119171300081117,0.021352122132297646,0.0013138557483521644,-0.020038266383945482,0.020038266383945482,BUY
2008-07-29,91.59584045410156,-0.009413486544553429,0.01781752758076416,0.0009348879622299546,-0.016882639618534204,0.016882639618534204,BUY
2008-07-30,93.22785186767578,0.0028086215424325545,-0.013226579907412384,0.0004576640094497564,0.01368424391686214,0.01368424391686214,BUY
2008-07-31,91.99476623535156,0.010517294826766888,-0.0052825781655206905,0.00015667145487087278,0.005439249620391563,0.005439249620391563,BUY
2008-08-01,91.50879669189452,0.00541921299571646,-0.009274034096863448,0.0003557309580020355,0.009629765054865484,0.009629765054865484,BUY
2008-08-04,90.66014099121094,0.010918475502019964,0.026962201315054557,0.00014100696996690107,-0.026821194345087656,0.026821194345087656,BUY
2008-08-05,93.1045379638672,0.016471244788911932,0.004440812304900454,-7.580624172353375e-05,-0.004516618546623988,0.004516618546623988,SELL
2008-08-06,93.51799774169922,0.0031122230986857513,-0.014891914732674594,0.0004458095949973393,0.015337724327671933,0.015337724327671933,BUY
2008-08-07,92.12533569335938,0.0014193139822082923,0.018581203625458453,0.0005119108579311248,-0.018069292767527327,0.018069292767527327,BUY
2008-08-08,93.8371353149414,0.025443877607595367,0.010357967257157874,-0.00042615131068400526,-0.01078411856784188,0.01078411856784188,SELL
2008-08-11,94.80909729003906,0.04576384123680488,-0.010404755263978327,-0.0012195638132134756,0.009185191450764851,0.009185191450764851,SELL
2008-08-12,93.8226318359375,0.007712769836728972,-0.006030240243561358,0.00026617682758491745,0.006296417071146275,0.006296417071146275,BUY
2008-08-13,93.2568588256836,-0.0027923920776928846,0.00754448673413366,0.0006763609674825621,-0.006868125766651098,0.006868125766651098,BUY
2008-08-14,93.96043395996094,0.019919582955005177,0.004863594753378386,-0.00021044991844719918,-0.005074044671825585,0.005074044671825585,SELL
2008-08-15,94.41741943359376,0.006183949634702479,-0.013674782715499045,0.0003258710812037483,0.014000653796702794,0.014000653796702794,BUY
2008-08-18,93.12628173828124,-0.017749515604075117,-0.010903842032375599,0.0012603762257899411,0.01216421825816554,0.01216421825816554,BUY
2008-08-19,92.11084747314452,-0.01824489815832797,0.004646010863939454,0.0012797189135649433,-0.0033662919503745104,0.0033662919503745104,BUY
2008-08-20,92.5387954711914,-0.007699844960834423,0.0017240974190890768,0.0008679771801937785,-0.0008561202388952982,0.0008561202388952982,BUY
2008-08-21,92.6983413696289,-0.013432170724858916,0.01447602693528971,0.0010918013470446993,-0.013384225588245011,0.013384225588245011,BUY
2008-08-22,94.04024505615234,-0.003994754142869761,-0.020285504439664814,0.0007233083494998792,0.021008812789164694,0.021008812789164694,BUY
2008-08-25,92.1325912475586,-0.010670355050954039,0.0029127187199273763,0.0009839636006125111,-0.0019287551193148652,0.0019287551193148652,BUY
2008-08-26,92.40094757080078,0.0031494672518439515,0.009734148877520221,0.0004443553612545505,-0.00928979351626567,0.00928979351626567,BUY
2008-08-27,93.3003921508789,0.008230025858988022,0.012127660740159474,0.0002459800692364402,-0.011881680670923035,0.011881680670923035,BUY
2008-08-28,94.4319076538086,0.01870115752413737,-0.01075348827889977,-0.00016287532688342564,0.010590612952016343,0.010590612952016343,SELL
2008-08-29,93.41643524169922,-0.006633434590484599,-0.006211635654496228,0.0008263381627180594,0.007037973817214288,0.007037973817214288,BUY
2008-09-02,92.83616638183594,0.007636549941234749,-0.0008595339565632409,0.00026915290663358644,0.0011286868631968274,0.0011286868631968274,BUY
2008-09-03,92.7563705444336,0.0038465295321834514,-0.030106196345495495,0.0004171378948084958,0.03052333424030399,0.03052333424030399,BUY
2008-09-04,89.96382904052734,-0.03576151218052659,0.003144489544756768,0.001963671937339921,-0.0011808176074168467,0.0011808176074168467,BUY
2008-09-05,90.24671936035156,-0.04431964150083789,0.020655909998784194,0.0022978323189676896,-0.018358077679816506,0.018358077679816506,BUY
2008-09-08,92.11084747314452,-0.013975996463328033,-0.029687605217957436,0.0011130355454897437,0.030800640763447178,0.030800640763447178,BUY
2008-09-09,89.37629699707031,-0.03726855082032532,0.004057882682742209,0.0020225157089346947,-0.002035366973807514,0.002035366973807514,BUY
2008-09-10,89.73897552490234,-0.03253032650825649,0.014467789245049545,0.0018375071883692104,-0.012630282056680334,0.012630282056680334,BUY
2008-09-11,91.03730010986328,0.011932251892617263,0.004621183544926133,0.00010142309679929016,-0.004519760448126842,0.004519760448126842,BUY
2008-09-12,91.45800018310548,0.013421882051106282,-0.04758482172761613,4.3259056082642355e-05,0.047628080783698776,0.047628080783698776,BUY
2008-09-15,87.10598754882812,-0.05433518485187738,0.016737092845188428,0.002688898831651687,-0.014048194013536741,0.014048194013536741,BUY
2008-09-16,88.56388854980469,-0.00908975281547253,-0.044962779045171875,0.0009222474677472749,0.04588502651291915,0.04588502651291915,BUY
2008-09-17,84.5818099975586,-0.05746851351019322,0.029671197090248347,0.0028112426594953588,-0.026859954430752987,0.026859954430752987,BUY
2008-09-18,87.0914535522461,-0.04334318518733926,0.039714326036282666,0.0022597056440660677,-0.0374546203922166,0.0374546203922166,BUY
2008-09-19,90.55023193359376,-0.009925520432267243,-0.02263948570176788,0.0009548808173178904,0.023594366519085773,0.023594366519085773,BUY
2008-09-22,88.5002212524414,0.01600617526816661,-0.02275148727562415,-5.764715546541135e-05,0.022693840120158737,0.022693840120158737,SELL
2008-09-23,86.48670959472656,-0.023454017084062473,0.0032051909732422335,0.0014831139667381473,-0.0017220770065040861,0.0017220770065040861,BUY
2008-09-24,86.763916015625,0.02579876238318124,0.01563920114805062,-0.0004400081277061796,-0.0160792092757568,0.0160792092757568,SELL
2008-09-25,88.12083435058594,0.011819538615489122,0.0004968756314840395,0.00010582409499527041,-0.00039105153648876905,0.00039105153648876905,BUY
2008-09-26,88.16461944580078,-0.026345735807087767,-0.07836135491847329,0.0015960239025290153,0.0799573788210023,0.0799573788210023,BUY
2008-09-29,81.25592041015625,-0.08185630204947436,0.04138971243832135,0.0037634872938457856,-0.03762622514447556,0.03762622514447556,BUY
2008-09-30,84.61907958984375,-0.021594416224578916,0.000603451820146983,0.001410504064547776,0.000807052244400793,0.000807052244400793,BUY
2008-10-01,84.6701431274414,-0.02413183941359376,-0.036274209004688696,0.0015095801908199024,0.0377837891955086,0.0377837891955086,BUY
2008-10-02,81.59880065917969,-0.07401239150163452,-0.013500486848544435,0.003457214270382652,0.01695770111892709,0.01695770111892709,BUY
2008-10-03,80.49717712402344,-0.08696733871222462,-0.050933728470846984,0.003963052630827165,0.05489678110167415,0.05489678110167415,BUY
2008-10-06,76.39715576171875,-0.05979582317093779,-0.04478571388625463,0.002902114701187305,0.04768782858744194,0.04768782858744194,BUY
2008-10-07,72.97565460205078,-0.1375981048745707,-0.025191987717804287,0.00593997953969753,0.03113196725750182,0.03113196725750182,BUY
2008-10-08,71.13725280761719,-0.15983072450291202,-0.06983964782882035,0.006808073533318243,0.0766477213621386,0.0766477213621386,BUY
2008-10-09,66.16905212402344,-0.1890928348273515,-0.024255641993287114,0.007950640744828067,0.03220628273811518,0.03220628273811518,BUY
2008-10-10,64.56407928466797,-0.19793362212946997,0.14519796236190463,0.00829583777892224,-0.1369021245829824,0.1369021245829824,BUY
2008-10-13,73.93865203857422,-0.0321805661301392,-0.014800614201189166,0.0018238504583695176,0.016624464659558684,0.016624464659558684,BUY
2008-10-14,72.84431457519531,-0.0017997786737465882,-0.09844729441706768,0.0006376034234613101,0.09908489784052898,0.09908489784052898,BUY
2008-10-15,65.67298889160156,-0.07681297351744976,0.041657130841588286,0.003566565685879916,-0.03809056515570837,0.03809056515570837,BUY
2008-10-16,68.40873718261719,0.03384792416847393,-0.005972584528805669,-0.0007542953829330285,0.0052182891458726404,0.0052182891458726404,SELL
2008-10-17,68.00016021728516,0.053219700035793016,0.06007999401318331,-0.001510684983317739,-0.06159067899650105,0.06159067899650105,SELL
2008-10-20,72.08560943603516,-0.025061893224295195,-0.029855409457998472,0.0015458950354180962,0.03140130449341657,0.03140130449341657,BUY
2008-10-21,69.93346405029297,-0.03995988625711544,-0.054454138024216725,0.00212760148679408,0.0565817395110108,0.0565817395110108,BUY
2008-10-22,66.12529754638672,0.0068872859667119535,0.011584512831458893,0.0002984086383823758,-0.011286104193076517,0.011286104193076517,BUY
2008-10-23,66.89132690429688,-0.022181527401530343,-0.050714393253326495,0.00143342838452532,0.05214782163785182,0.05214782163785182,BUY
2008-10-24,63.49897384643555,-0.06619376125683651,-0.03550116770671419,0.0031519283406401134,0.0386530960473543,0.0386530960473543,BUY
2008-10-27,61.24468612670898,-0.15038956310615403,0.11685565434212197,0.006439434315882902,-0.11041622002623908,0.11041622002623908,BUY
2008-10-28,68.40147399902344,-0.02190639448616183,-0.007252787847841002,0.0014226855555078029,0.008675473403348805,0.008675473403348805,BUY
2008-10-29,67.9053726196289,0.02691972874667936,0.03459392642632264,-0.0004837773363496403,-0.03507770376267228,0.03507770376267228,SELL
2008-10-30,70.25448608398438,0.05027795583273842,0.0055037815489256126,-0.0013958217545966005,-0.006899603303522213,0.006899603303522213,SELL
2008-10-31,70.64115142822266,0.11247705512626993,0.0028914329149654083,-0.0038244453449765023,-0.006715878259941911,0.006715878259941911,SELL
2008-11-03,70.84540557861328,0.1567600400799083,0.03398213776683212,-0.005553517037852751,-0.03953565480468487,0.03953565480468487,SELL
2008-11-04,73.25288391113281,0.07092551707553318,-0.0420280288232906,-0.002202025620691492,0.0398260032025991,0.0398260032025991,SELL
2008-11-05,70.17420959472656,0.03341174472020825,-0.05541106564408249,-0.0007372643373113261,0.054673801306771165,0.054673801306771165,SELL
2008-11-06,66.28578186035156,-0.056490402888841884,0.03301784832548926,0.0027730513905542343,-0.03024479693493503,0.03024479693493503,BUY
2008-11-07,68.47439575195312,-0.03067271176165831,-0.013104624406523158,0.0017649748358646285,0.014869599242387786,0.014869599242387786,BUY
2008-11-10,67.57706451416016,-0.046133423018186015,-0.030875665159575627,0.0023686531609229495,0.033244318320498574,0.033244318320498574,BUY
2008-11-11,65.4905776977539,-0.10596587873312668,-0.04400120410331754,0.004704868878998107,0.04870607298231564,0.04870607298231564,BUY
2008-11-12,62.60891342163086,-0.10780735852654644,0.06233991291177099,0.004776771226754004,-0.057563141685016986,0.057563141685016986,BUY
2008-11-13,66.51194763183594,0.0034119801432055397,-0.04990689222370537,0.00043410529319920976,0.05034099751690458,0.05034099751690458,BUY
2008-11-14,63.19254302978516,-0.07713617132601425,-0.013276230074155237,0.003579185254831141,0.01685541532898638,0.01685541532898638,BUY
2008-11-17,62.35358428955078,-0.07729664290929417,0.018836913966789215,0.0035854510219751317,-0.015251462944814083,0.015251462944814083,BUY
2008-11-18,63.528133392333984,-0.029965292327650772,-0.0640789493199605,0.0017373529644028566,0.06581630228436336,0.06581630228436336,BUY
2008-11-19,59.45731735229492,-0.05033781768598922,-0.07423327765865306,0.002532817790145421,0.07676609544879848,0.07676609544879848,BUY
2008-11-20,55.04360580444336,-0.17242528952652802,0.05394331318158385,0.00729984042503123,-0.046643472756552624,0.046643472756552624,BUY
2008-11-21,58.012840270996094,-0.08196699342116476,0.06929067201272421,0.0037678093448013815,-0.06552286266792283,0.06552286266792283,BUY
2008-11-24,62.03258895874024,-0.0051479852276002935,0.007409292800140799,0.0007683373651825427,-0.006640955434958256,0.006640955434958256,BUY
2008-11-25,62.49220657348633,-0.016306583611547798,0.03864123193584268,0.001204035559829041,-0.037437196376013636,0.037437196376013636,BUY
2008-11-26,64.906982421875,0.09165676004670487,0.012588439736852974,-0.0030114969202689945,-0.01559993665712197,0.01559993665712197,SELL
2008-11-28,65.72406005859375,0.1940362390519157,-0.08857827609551427,-0.007009002040230061,0.08156927405528422,0.08156927405528422,SELL
2008-12-01,59.90233612060547,0.03257030410479733,0.03848548287280451,-0.0007044094800593456,-0.03918989235286385,0.03918989235286385,SELL
2008-12-02,62.207706451416016,0.0028229918437265855,0.024040898790774312,0.000457102907229307,-0.023583795883545006,0.023583795883545006,BUY
2008-12-03,63.7032356262207,0.019378881289946026,-0.023133077488135645,-0.00018933770244993463,0.02294373978568571,0.02294373978568571,SELL
2008-12-04,62.229583740234375,-0.04124977901820137,0.030831640216777867,0.002177966588929238,-0.02865367362784863,0.02865367362784863,BUY
2008-12-05,64.14822387695312,-0.02397654953506756,0.034914574580793944,0.0015035167483164,-0.033411057832477546,0.033411057832477546,BUY
2008-12-08,66.38793182373047,0.10826949536771169,-0.01648386693066417,-0.0036601571317446046,0.012823709798919565,0.012823709798919565,SELL
2008-12-09,65.2936019897461,0.04960632234110984,0.006815715007998824,-0.00136959717963675,-0.008185312187635574,0.008185312187635574,SELL
2008-12-10,65.7386245727539,0.03195110776595178,-0.02408114298938091,-0.0006802323641094759,0.023400910625271436,0.023400910625271436,SELL
2008-12-11,64.15556335449219,0.030949582152074884,0.011939591375809577,-0.0006411268342889807,-0.012580718210098558,0.012580718210098558,SELL
2008-12-12,64.92155456542969,0.01205537178955951,-0.013933888155190255,9.661576213439442e-05,0.01403050391732465,0.01403050391732465,BUY
2008-12-15,64.0169448852539,-0.03571412564518317,0.047065194630947715,0.001961821684540306,-0.045103372946407407,0.045103372946407407,BUY
2008-12-16,67.02991485595703,0.026592389044237663,-0.009686258820395977,-0.00047099604317261,0.009215262777223367,0.009215262777223367,SELL
2008-12-17,66.38064575195312,0.009766270337595584,-0.01868367444984531,0.00018599592760554673,0.018869670377450857,0.018869670377450857,BUY
2008-12-18,65.14041137695312,0.015350937174678947,-0.004301667680945753,-3.206275457803083e-05,0.004269604926367723,0.004269604926367723,SELL
2008-12-19,64.86019897460938,-0.0009450727301743012,-0.012813250027407408,0.0006042306087264601,0.013417480636133869,0.013417480636133869,BUY
2008-12-22,64.02912902832031,0.00019032684374820086,-0.010337356564121047,0.0005598978415151149,0.010897254405636162,0.010897254405636162,BUY
2008-12-23,63.36723709106445,-0.05464243498986143,0.005802963168355824,0.0027008957084832,-0.0031020674598726235,0.0031020674598726235,BUY
2008-12-24,63.734954833984375,-0.03985636005794513,0.00576978233316594,0.002123559206883549,-0.0036462231262823913,0.0036462231262823913,BUY
2008-12-26,64.10269165039062,-0.015930506188507887,-0.0028684009698564106,0.0011893512555259562,0.004057752225382367,0.004057752225382367,BUY
2008-12-29,63.91881942749024,-0.01451397871116078,0.023702586576039852,0.0011340415792286936,-0.022568544996811157,0.022568544996811157,BUY
2008-12-30,65.4338607788086,0.021938948285036952,0.014274625907139571,-0.00028929797788558554,-0.014563923885025157,0.014563923885025157,SELL
2008-12-31,66.36790466308594,0.04735361220987522,0.030141600607151986,-0.0012816379482468322,-0.031423238555398816,0.031423238555398816,SELL
2009-01-02,68.36833953857422,0.07269770123253094,-0.0011829921857345882,-0.0022712222537467535,-0.0010882300680121653,0.0010882300680121653,SELL
2009-01-05,68.28746032714844,0.06528226146229721,0.0066771136689109944,-0.001981679283453229,-0.008658792952364224,0.008658792952364224,SELL
2009-01-06,68.74342346191406,0.07548018060466322,-0.029955923962008968,-0.002379866834129104,0.027576057127879864,0.027576057127879864,SELL
2009-01-07,66.68415069580078,0.019107689843010256,0.004080579605682866,-0.00017874877185418295,-0.004259328377537049,0.004259328377537049,SELL
2009-01-08,66.95626068115234,0.00886506845519941,-0.02141921728022189,0.0002211842209432565,0.021640401501165148,0.021640401501165148,BUY
2009-01-09,65.52210998535156,-0.04163081292352844,-0.02402023308027812,0.0021928444238452196,0.026213077504123338,0.026213077504123338,BUY
2009-01-12,63.9482536315918,-0.0635432431484283,0.0018399929705050777,0.003048436314583094,0.001208443344078016,0.001208443344078016,BUY
2009-01-13,64.06591796875,-0.06804295243974201,-0.03145488855396439,0.003224131787007284,0.03467902034097167,0.03467902034097167,BUY
2009-01-14,62.05073165893555,-0.06948306289453887,0.00035552190437271314,0.003280362283316675,0.002924840378943962,0.002924840378943962,BUY
2009-01-15,62.072792053222656,-0.0729352054348571,0.007819869825547165,0.003415154505487049,-0.0044047153200601164,0.0044047153200601164,BUY
2009-01-16,62.55819320678711,-0.04523536832417452,-0.0527859344829994,0.002333587752579415,0.05511952223557881,0.05511952223557881,BUY
2009-01-20,59.25600051879883,-0.07337578192244631,0.0431920986789609,0.0034323572377336423,-0.03975974144122726,0.03975974144122726,BUY
2009-01-21,61.815391540527344,-0.035128294412645644,-0.015466782321540418,0.0019389473412221231,0.01740572966276254,0.01740572966276254,BUY
2009-01-22,60.85930633544922,-0.019200826350204037,0.0043509731976540955,0.001317044048235195,-0.0030339291494189003,0.0030339291494189003,BUY
2009-01-23,61.12410354614258,-0.015283483724506053,0.006857880924405313,0.0011640876417851056,-0.0056937932826202076,0.0056937932826202076,BUY
2009-01-26,61.54328536987305,-0.016223419905355474,0.010157623380800507,0.0012007883530203228,-0.008956835027780184,0.008956835027780184,BUY
2009-01-27,62.168418884277344,0.04914976272410687,0.033834040678948796,-0.0013517703707462306,-0.03518581104969502,0.03518581104969502,SELL
2009-01-28,64.2718276977539,0.03973826090895294,-0.03249795797530386,-0.000984289240170387,0.03151366873513347,0.03151366873513347,SELL
2009-01-29,62.18312454223633,0.021752108042283336,-0.020343068706558,-0.00028200262109846677,0.02006106608545953,0.02006106608545953,SELL
2009-01-30,60.91812896728516,-0.003369776682318526,-0.003017786227868635,0.0006989055040987352,0.0037166917319673702,0.0037166917319673702,BUY
2009-02-02,60.73429107666016,-0.013145126854227196,0.014046804466768315,0.0010805934433353501,-0.012966211023432964,0.012966211023432964,BUY
2009-02-03,61.5874137878418,-0.009345663069171062,-0.0048957647030112295,0.0009322397294715054,0.005828004432482735,0.005828004432482735,BUY
2009-02-04,61.28589630126953,-0.046457857251641865,0.014879684894492762,0.002381321007271966,-0.012498363887220795,0.012498363887220795,BUY
2009-02-05,62.19781112670898,0.0002361828000887467,0.028497343386906904,0.0005581073516431874,-0.027939236035263715,0.027939236035263715,BUY
2009-02-06,63.97028350830078,0.050102565406345834,0.0013797729272306825,-0.0013889734668898342,-0.0027687463941205165,0.0027687463941205165,SELL
2009-02-09,64.05854797363281,0.0547344315384648,-0.045808787746767,-0.0015698291301343935,0.04423895861663261,0.04423895861663261,SELL
2009-02-10,61.12410354614258,-0.0075228072296597,0.005895283729330236,0.0008610645718891278,-0.005034219157441108,0.005034219157441108,BUY
2009-02-11,61.48444747924805,0.003239753188930772,0.0007177787957013404,0.0004408300600977954,-0.000276948735603545,0.000276948735603545,BUY
2009-02-12,61.52857971191406,-0.010759726149069171,-0.010757967402030166,0.000987453181002675,0.011745420583032842,0.011745420583032842,BUY
2009-02-13,60.86665725708008,-0.048516687452510254,-0.04277408588422449,0.0024617100105084736,0.045235795894732964,0.045235795894732964,BUY
2009-02-17,58.26314163208008,-0.09047046061578212,-0.0023987560540976727,0.004099835391214196,0.006498591445311869,0.006498591445311869,BUY
2009-02-18,58.123382568359375,-0.049092269721681236,-0.01075535011002382,0.002484184173205206,0.013239534283229026,0.013239534283229026,BUY
2009-02-19,57.49824523925781,-0.06483269189880314,-0.009720875058549128,0.0030987840798934498,0.012819659138442577,0.012819659138442577,BUY
2009-02-20,56.93931198120117,-0.0745875778735755,-0.03577913051319692,0.0034796729748916766,0.0392588034880886,0.0392588034880886,BUY
2009-02-23,54.90207290649414,-0.09799428158825219,0.03791040580245664,0.004393610209677462,-0.033516795592779175,0.033516795592779175,BUY
2009-02-24,56.98343276977539,-0.02196429554701651,-0.007873146530645414,0.0014249463580579505,0.009298092888703365,0.009298092888703365,BUY
2009-02-25,56.534793853759766,-0.02733131907337394,-0.016261256468089624,0.0016345069480710461,0.01789576341616067,0.01789576341616067,BUY
2009-02-26,55.6154670715332,-0.03274496743144284,-0.022348389263351587,0.0018458880494336327,0.024194277312785218,0.024194277312785218,BUY
2009-02-27,54.37255096435547,-0.04507889062117809,-0.045042817038247196,0.0023274779303282572,0.047370294968575456,0.047370294968575456,BUY
2009-03-02,51.923458099365234,-0.054253230332521385,-0.007506930024876901,0.0026856988387047327,0.010192628863581634,0.010192628863581634,BUY
2009-03-03,51.53367233276367,-0.09563762960771172,0.02369096477130528,0.00430159246891813,-0.01938937230238715,0.01938937230238715,BUY
2009-03-04,52.75455474853516,-0.06686570954876137,-0.04084793940976017,0.00317816520727998,0.04402610461704015,0.04402610461704015,BUY
2009-03-05,50.599639892578125,-0.09018763022350718,0.0017441432671772006,0.004088792006815433,0.002344648739638232,0.002344648739638232,BUY
2009-03-06,50.68789291381836,-0.06776687841908735,-0.011752977058861136,0.003213352211629692,0.014966329270490828,0.014966329270490828,BUY
2009-03-09,50.09215927124024,-0.03526919999473954,0.05960974793241114,0.0019444491350515563,-0.057665298797359585,0.057665298797359585,BUY
2009-03-10,53.07814025878906,0.029970073082555393,0.0065122354880469135,-0.0006028809615955557,-0.007115116449642469,0.007115116449642469,SELL
2009-03-11,53.42379760742188,0.012685973032599662,0.03937220344443659,7.19933307428602e-05,-0.03930021011369373,0.03930021011369373,BUY
2009-03-12,55.5272102355957,0.09738350615693503,0.00781437367431237,-0.0032351032241768026,-0.011049476898489171,0.011049476898489171,SELL
2009-03-13,55.96112060546875,0.10403327872823898,-0.0030223167591373334,-0.0034947499830649898,-0.00047243322392765633,0.00047243322392765633,SELL
2009-03-16,55.791988372802734,0.11378685176454306,0.030582471000206057,-0.0038755876131193025,-0.03445805861332536,0.03445805861332536,SELL
2009-03-17,57.49824523925781,0.08327543050525099,0.02238426518727077,-0.0026842398558690334,-0.025068505043139802,0.025068505043139802,SELL
2009-03-18,58.785301208496094,0.10035796482445059,-0.012385616448934433,-0.0033512438205935977,0.009034372628340837,0.009034372628340837,SELL
2009-03-19,58.05720901489258,0.045563225102834615,-0.021294274807680647,-0.0012117305635184648,0.02008254424416218,0.02008254424416218,SELL
2009-03-20,56.8209228515625,0.015364278570392464,0.07182934119193862,-3.258368219155681e-05,-0.07186192487413018,0.07186192487413018,SELL
2009-03-23,60.9023323059082,0.09159637579069768,-0.019703378245445546,-0.003009139158978361,0.016694239086467187,0.016694239086467187,SELL
2009-03-24,59.70235061645508,0.0383334372731845,0.010545529430700196,-0.0009294365516121573,-0.011474965982312353,0.011474965982312353,SELL
2009-03-25,60.33194351196289,0.02631001749878359,0.020381322129077617,-0.0004599705748888096,-0.020841292703966428,0.020841292703966428,SELL
2009-03-26,61.56158828735352,0.060360794669995554,-0.018048951663840018,-0.0017895158841948397,0.016259435779645177,0.016259435779645177,SELL
2009-03-27,60.45046615600586,0.06387688059775232,-0.034554706470301455,-0.001926804837362059,0.032627901632939396,0.032627901632939396,SELL
2009-03-30,58.36161804199219,-0.04171784836012815,0.009265287191156046,0.0021962428060875016,-0.007069044385068545,0.007069044385068545,BUY
2009-03-31,58.9023551940918,-0.013399730732591708,0.01936616514362277,0.0010905346963795493,-0.018275630447243223,0.018275630447243223,BUY
2009-04-01,60.043067932128906,-0.004788103333298155,0.029237995340512857,0.0007542854308590552,-0.028483709909653803,0.028483709909653803,BUY
2009-04-02,61.798606872558594,0.003850105102856105,0.009948374501099755,0.0004169982832163134,-0.009531376217883442,0.009531376217883442,BUY
2009-04-03,62.41340255737305,0.03247181578883773,-0.007833179993837924,-0.0007005639091389778,0.007132616084698946,0.007132616084698946,SELL
2009-04-06,61.92450714111328,0.06104849760261155,-0.023325126663741758,-0.0018163679059169347,0.021508758757824823,0.021508758757824823,SELL
2009-04-07,60.48011016845703,0.02678594037821247,0.010777004733924622,-0.0004785534409642144,-0.011255558174888837,0.011255558174888837,SELL
2009-04-08,61.13190460205078,0.018134261079941316,0.0397440631918331,-0.00014074031056784063,-0.039884803502400944,0.039884803502400944,SELL
2009-04-09,63.5615348815918,0.028526986258261777,0.00023274132733974717,-0.000546534250079584,-0.0007792755774193312,0.0007792755774193312,SELL
2009-04-13,63.57632827758789,0.018632628130565987,-0.017243511445022786,-0.00016019953087106778,0.017083311914151716,0.017083311914151716,SELL
2009-04-14,62.48004913330078,0.0089712783812963,0.010669726725511142,0.00021703715233645698,-0.010452689573174684,0.010452689573174684,BUY
2009-04-15,63.14669418334961,0.04409026384815218,0.014663159095943623,-0.0011542173761657764,-0.0158173764721094,0.0158173764721094,SELL
2009-04-16,64.07262420654297,0.04810449835704178,0.00670506649875624,-0.0013109570192850176,-0.008016023518041258,0.008016023518041258,SELL
2009-04-17,64.50223541259766,0.014799839757776212,-0.04191526887006192,-1.0544626462201368e-05,0.041904724243599714,0.041904724243599714,SELL
2009-04-20,61.798606872558594,-0.027962001788895186,0.019537122347259572,0.0016591325606338805,-0.017877989786625692,0.017877989786625692,BUY
2009-04-21,63.00597381591797,0.008417481898823853,-0.006113774486066759,0.00023866066806061255,0.0063524351541273715,0.0063524351541273715,BUY
2009-04-22,62.62076950073242,-0.008328617822654927,0.009818247321048856,0.0008925282206839545,-0.008925719100364903,0.008925719100364903,BUY
2009-04-23,63.235595703125,-0.013063746237702789,0.015111451934844977,0.0010774158589758383,-0.014034036075869139,0.014034036075869139,BUY
2009-04-24,64.19117736816406,-0.004822438206115942,-0.009462759753001815,0.0007556260689558298,0.010218385821957644,0.010218385821957644,BUY
2009-04-27,63.5837516784668,0.028886489457432774,-0.003145469678335844,-0.0005605713978878407,0.002584898280448003,0.002584898280448003,SELL
2009-04-28,63.383750915527344,0.0059958933531145675,0.02126895876001389,0.0003332139193954747,-0.020935744840618414,0.020935744840618414,BUY
2009-04-29,64.73185729980469,0.03371226217601131,0.00034344844395706176,-0.0007489983300985844,-0.0010924467740556461,0.0010924467740556461,SELL
2009-04-30,64.75408935546875,0.024013273465038454,0.005376056501318116,-0.00037029199746931593,-0.005746348498787432,0.005746348498787432,SELL
2009-05-01,65.10221099853516,0.014192505383503473,0.03402008443144244,1.3169327684410905e-05,-0.034006915103758036,0.034006915103758036,BUY
2009-05-04,67.3169937133789,0.05871377413825063,-0.0034110537999469948,-0.001725206385139895,0.0016858474148070998,0.0016858474148070998,SELL
2009-05-05,67.08737182617188,0.05843170934425146,0.017334381406884036,-0.001714192894261366,-0.019048574301145402,0.019048574301145402,SELL
2009-05-06,68.25028991699219,0.0543539574477514,-0.013891699052796525,-0.0015549731537178506,0.012336725899078674,0.012336725899078674,SELL
2009-05-07,67.30217742919922,0.039350226357793394,0.023332722321355748,-0.0009691380583119295,-0.024301860379667677,0.024301860379667677,SELL
2009-05-08,68.87252044677734,0.057913692798037486,-0.01871387538565139,-0.001693966440524387,0.017019908945127005,0.017019908945127005,SELL
2009-05-11,67.58364868164062,0.003961183551913772,-0.0029590247545697723,0.0004126611184530237,0.003371685873022796,0.003371685873022796,BUY
2009-05-12,67.3836669921875,0.004416556468829214,-0.025173027697112493,0.00039488064540755695,0.02556790834252005,0.02556790834252005,BUY
2009-05-13,65.68741607666016,-0.037551105547669716,0.008569555950377783,0.002033548329731397,-0.006536007620646386,0.006536007620646386,BUY
2009-05-14,66.25032806396484,-0.015628756830949553,-0.008161857062590538,0.0011775691619511,0.009339426224541638,0.009339426224541638,BUY
2009-05-15,65.70960235595703,-0.045924239018731994,0.028407272107468406,0.0023604853706884546,-0.026046786736779952,0.026046786736779952,BUY
2009-05-18,67.57623291015625,-0.00010972730281710863,-0.0012055521785743206,0.0005716137439480558,0.0017771659225223765,0.0017771659225223765,BUY
2009-05-19,67.49476623535156,0.0016487562657721,-0.006694493320314465,0.0005029520635301961,0.007197445383844661,0.007197445383844661,BUY
2009-05-20,67.04292297363281,0.020635716518224934,-0.014363097371820066,-0.00023841204145625685,0.014124685330363809,0.014124685330363809,SELL
2009-05-21,66.0799789428711,-0.0025712947553901966,-0.002129834833023203,0.0006677280101115865,0.0027975628431347894,0.0027975628431347894,BUY
2009-05-22,65.93923950195312,0.0034947273726011474,0.025612799943721898,0.0004308743481271539,-0.025181925595594744,0.025181925595594744,BUY
2009-05-26,67.62812805175781,0.0007679496084156412,-0.017853480433665747,0.0005373440057112949,0.018390824439377042,0.018390824439377042,BUY
2009-05-27,66.42073059082031,-0.015912873018718687,0.013939630351745391,0.0011886627514702762,-0.012750967600275115,0.012750967600275115,BUY
2009-05-28,67.34661102294922,0.004529755503587474,0.017708222997976142,0.0003904606803382117,-0.01731776231763793,0.01731776231763793,BUY
2009-05-29,68.53919982910156,0.0372158243021925,0.024208082087633365,-0.0008857982794009066,-0.02509388036703427,0.02509388036703427,SELL
2009-06-01,70.19840240478516,0.06459223574615036,0.0008443606133867743,-0.001954736566416532,-0.0027990971798033063,0.0027990971798033063,SELL
2009-06-02,70.25767517089844,0.03888244721380074,-0.012651574893357553,-0.0009508731722108149,0.011700701721146739,0.011700701721146739,SELL
2009-06-03,69.36880493164062,0.04438485265965664,0.009396514064415662,-0.001165719879340386,-0.010562233943756048,0.010562233943756048,SELL
2009-06-04,70.0206298828125,0.03970532175631036,0.0002118167601972143,-0.000983003099308807,-0.0011948198595060212,0.0011948198595060212,SELL
2009-06-05,70.03546142578125,0.02183074212145053,-0.004124649988104134,-0.0002850729642681003,0.003839577023836034,0.003839577023836034,SELL
2009-06-08,69.74658966064453,-0.0064362254504787275,0.005096794130274862,0.000818637942375695,-0.004278156187899167,0.004278156187899167,BUY
2009-06-09,70.1020736694336,-0.0022147260222652454,-0.0025352566094341,0.0006538054413494181,0.0031890620507835183,0.0031890620507835183,BUY
2009-06-10,69.92434692382812,0.008008527647765495,0.004449148751288101,0.0002546286797004493,-0.004194520071587652,0.004194520071587652,BUY
2009-06-11,70.2354507446289,0.003067965286458252,0.002742154190013668,0.0004475376837969385,-0.0022946165062167297,0.0022946165062167297,BUY
2009-06-12,70.42804718017578,0.005605528205316013,-0.02292868327818487,0.00034845610163884846,0.023277139379823716,0.023277139379823716,BUY
2009-06-15,68.81322479248047,-0.01338222947824974,-0.01356296649687505,0.001089851343089246,0.014652817839964296,0.014652817839964296,BUY
2009-06-16,67.87991333007812,-0.031698924483091195,-0.0009816620052520708,0.0018050442975180556,0.0027867063027701266,0.0027867063027701266,BUY
2009-06-17,67.81327819824219,-0.03019075355663492,0.007318284392887842,0.001746156314702881,-0.005572128078184961,0.005572128078184961,BUY
2009-06-18,68.30955505371094,-0.027420564266333103,0.003685721848624146,0.0016379916123734307,-0.0020477302362507154,0.0020477302362507154,BUY
2009-06-19,68.56132507324219,-0.026505379343515933,-0.02998685802100265,0.0016022573377881242,0.031589115358790776,0.031589115358790776,BUY
2009-06-22,66.50538635253906,-0.03353771672380035,0.0007843300110106366,0.0018768417071962722,0.0010925116961856356,0.0010925116961856356,BUY
2009-06-23,66.55754852294922,-0.019480944247802334,0.008617658916134419,0.00132798152067325,-0.007289677395461169,0.007289677395461169,BUY
2009-06-24,67.13111877441406,-0.010059378368848848,0.021748469430083572,0.0009601074290571936,-0.020788362001026378,0.020788362001026378,BUY
2009-06-25,68.59111785888672,0.00412186560071115,-0.002605897974222393,0.0004063871334806968,0.00301228510770309,0.00301228510770309,BUY
2009-06-26,68.4123764038086,-0.002172488196143796,0.009363610602360017,0.0006521562248480534,-0.008711454377511965,0.008711454377511965,BUY
2009-06-29,69.05296325683594,0.03830632440494974,-0.008091120119413375,-0.0009283779036229468,0.007162742215790429,0.007162742215790429,SELL
2009-06-30,68.49424743652344,0.02909811068096113,0.004133251381927439,-0.0005688343518779071,-0.004702085733805345,0.004702085733805345,SELL
2009-07-01,68.77735137939453,0.02452264516121705,-0.027293274326564587,-0.0003901809047310295,0.026903093421833557,0.026903093421833557,SELL
2009-07-02,66.90019226074219,-0.024652253104013977,-0.00011107636648444164,0.0015299002433554966,0.0016409766098399383,0.0016409766098399383,BUY
2009-07-06,66.89276123046875,-0.022212576922781002,-0.019376653214364215,0.0014346407429137184,0.020811293957277932,0.020811293957277932,BUY
2009-07-07,65.59660339355469,-0.05005375150123026,-0.0006814472129053062,0.002521726153041818,0.0032031733659471243,0.0032031733659471243,BUY
2009-07-08,65.5519027709961,-0.0429575442558755,0.001932141909835261,0.0022446479233883283,0.00031250601355306724,0.00031250601355306724,BUY
2009-07-09,65.67855834960938,-0.04505542838792054,-0.00238191487137307,0.0023265618248891192,0.004708476696262189,0.004708476696262189,BUY
2009-07-10,65.5221176147461,-0.02059896391067273,0.024328621589254418,0.0013716356725596264,-0.022956985916694792,0.022956985916694792,BUY
2009-07-13,67.11618041992188,0.0033399606376445234,0.005661101014294401,0.00043691736398736617,-0.005224183650307034,0.005224183650307034,BUY
2009-07-14,67.49613189697266,0.02895772654601525,0.029245992897135364,-0.0005633529184533542,-0.02980934581558872,0.02980934581558872,SELL
2009-07-15,69.47012329101562,0.059772796126265515,-0.001608462847209835,-0.0017665569161288773,-0.00015809406891904225,0.00015809406891904225,SELL
2009-07-16,69.35838317871094,0.056027795395777735,0.010954640344202016,-0.0016203297645566285,-0.012574970108758644,0.012574970108758644,SELL
2009-07-17,70.11817932128906,0.07014519484194137,0.010623979248204352,-0.0021715571893777914,-0.012795536437582144,0.012795536437582144,SELL
2009-07-20,70.86311340332031,0.05582756587093041,0.004625023013144602,-0.0016125116103862618,-0.006237534623530864,0.006237534623530864,SELL
2009-07-21,71.19085693359375,0.05473980408626655,-0.00020908511811223995,-0.0015700389064250465,-0.0013609537883128066,0.0013609537883128066,SELL
2009-07-22,71.17597198486328,0.024555141304438477,0.022082655308179877,-0.00039144974786413465,-0.02247410505604401,0.02247410505604401,SELL
2009-07-23,72.74772644042969,0.04886710310108677,0.004095985502124311,-0.001340733654197091,-0.005436719156321402,0.005436719156321402,SELL
2009-07-24,73.04570007324219,0.041751237415034836,0.002957204149548698,-0.001062887841839518,-0.004020091991388216,0.004020091991388216,SELL
2009-07-27,73.26171112060547,0.03384832534288229,-0.004677190736344317,-0.0007543110471732355,0.003922879689171081,0.003922879689171081,SELL
2009-07-28,72.91905212402344,0.024275521673263967,-0.0024510219357360974,-0.00038053173071731135,0.002070490205018786,0.002070490205018786,SELL
2009-07-29,72.74032592773438,0.02197868043451212,0.010444797791534066,-0.0002908493578349401,-0.010735647149369006,0.010735647149369006,SELL
2009-07-30,73.50008392333984,0.010342006818951699,0.0014186505578326347,0.00016351574354588473,-0.00125513481428675,0.00125513481428675,BUY
2009-07-31,73.60435485839844,0.007648017400012419,0.016496449328165852,0.00026870514868812604,-0.016227744179477727,0.016227744179477727,BUY
2009-08-03,74.81856536865234,0.0212505853908318,0.0025888637052178254,-0.00026242018732917666,-0.002851283892547002,0.002851283892547002,SELL
2009-08-04,75.01226043701172,0.028705917754225263,-0.00287987996753869,-0.0005535208022498673,0.0023263591652888226,0.0023263591652888226,SELL
2009-08-05,74.79623413085938,0.028263664987801862,-0.00517886526830913,-0.0005362526180856901,0.004642612650223439,0.004642612650223439,SELL
2009-08-06,74.40887451171875,0.012364483683131144,0.013114123770112007,8.454619126726219e-05,-0.013029577578844745,0.013029577578844745,BUY
2009-08-07,75.38468170166016,0.024187792239830808,-0.0020750300000373922,-0.00037710625070190237,0.00169792374933549,0.00169792374933549,SELL
2009-08-10,75.22825622558594,0.005475791401705399,-0.012476473882485295,0.0003535217997818759,0.01282999568226717,0.01282999568226717,BUY
2009-08-11,74.2896728515625,-0.009632926420821253,0.010729159306649416,0.0009434562030280895,-0.009785703103621327,0.009785703103621327,BUY
2009-08-12,75.08673858642578,0.0038839449464549425,0.00763887061360613,0.0004156769740109975,-0.007223193639595133,0.007223193639595133,BUY
2009-08-13,75.66031646728516,0.01681845026925277,-0.007679983027037873,-8.936321328489915e-05,0.0075906198137529746,0.0075906198137529746,SELL
2009-08-14,75.0792465209961,-0.0040516876077403285,-0.024605450763236725,0.0007255313713351987,0.025330982134571925,0.025330982134571925,BUY
2009-08-17,73.23188781738281,-0.0265374808398674,0.007934240752605737,0.0016035107715550306,-0.006330729981050706,0.006330729981050706,BUY
2009-08-18,73.81292724609375,-0.0064173873321711206,0.008780122561605319,0.0008179023899474466,-0.007962220171657873,0.007962220171657873,BUY
2009-08-19,74.46101379394531,-0.008333359582001987,0.010303948234760885,0.0008927133672333575,-0.009411234867527526,0.009411234867527526,BUY
2009-08-20,75.22825622558594,-0.005710526493581836,0.019606365636483547,0.0007903023293804573,-0.01881606330710309,0.01881606330710309,BUY
2009-08-21,76.70320892333984,0.021629977358518238,-9.737763714112724e-05,-0.00027723391121247016,-0.00017985627407134293,0.00017985627407134293,SELL
2009-08-24,76.69573974609375,0.047299776531074755,0.0019423706989509792,-0.0012795358824448518,-0.003221906581395831,0.003221906581395831,SELL
2009-08-25,76.84471130371094,0.04107389004515638,9.699975874166711e-05,-0.0010364401630137304,-0.0011334399217553975,0.0011334399217553975,SELL
2009-08-26,76.85216522216797,0.032112797105336766,0.002229487508744743,-0.0006865456797105613,-0.0029160331884553045,0.0029160331884553045,SELL
2009-08-27,77.02350616455078,0.023864037650712655,-0.0001932520274871008,-0.00036446494171902665,-0.00017121291423192585,0.00017121291423192585,SELL
2009-08-28,77.00862121582031,0.003981740748104867,-0.008899435428566416,0.00041185844297719163,0.009311293871543608,0.009311293871543608,BUY
2009-08-31,76.32328796386719,-0.004856225175734474,-0.022057416717530476,0.0007569453136457855,0.02281436203117626,0.02281436203117626,BUY
2009-09-01,74.6397933959961,-0.028693164048732234,-0.0037924246975959974,0.0016876814935413446,0.005480106191137342,0.005480106191137342,BUY
2009-09-02,74.35672760009766,-0.032470622198559784,0.008314518085980271,0.001835175976235535,-0.006479342109744737,0.006479342109744737,BUY
2009-09-03,74.97496795654297,-0.026596273138116744,0.014009395836155125,0.001605806373325519,-0.012403589462829606,0.012403589462829606,BUY
2009-09-04,76.02532196044922,-0.012768690567973584,0.008622458815242595,0.0010658951268733045,-0.007556563688369291,0.007556563688369291,BUY
2009-09-08,76.68084716796875,0.0046847982266020605,0.0076745806665239336,0.0003844068882591177,-0.007290173778264816,0.007290173778264816,BUY
2009-09-09,77.26934051513672,0.035229828480228376,0.010218460053750711,-0.0008082531644651408,-0.011026713218215852,0.011026713218215852,SELL
2009-09-10,78.05891418457031,0.049789530873165955,-0.0001911773416145568,-0.001376750732790479,-0.0011855733911759223,0.0011855733911759223,SELL
2009-09-11,78.04399108886719,0.04093397057672754,0.004868231531484524,-0.001030976872939769,-0.005899208404424292,0.005899208404424292,SELL
2009-09-14,78.4239273071289,0.0315500846931962,0.004179418574300708,-0.0006645740329464373,-0.004843992607247146,0.004843992607247146,SELL
2009-09-15,78.75169372558594,0.027006046934784367,0.015134261861539988,-0.00048714771293534233,-0.015621409574475331,0.015621409574475331,SELL
2009-09-16,79.94354248046875,0.034608836409159904,-0.0014905958566034938,-0.000784005932425358,0.0007065899241781358,0.0007065899241781358,SELL
2009-09-17,79.82437896728516,0.022617080972205272,0.0006369267862025296,-0.0003157763201794582,-0.0009527031063819878,0.0009527031063819878,SELL
2009-09-18,79.8752212524414,0.023464076324454464,-0.0025295611355181657,-0.00034884806746806316,0.002180713068050103,0.002180713068050103,SELL
2009-09-21,79.67317199707031,0.015929381922548114,0.005824040436192002,-5.4648685505691514e-05,-0.005878689121697693,0.005878689121697693,SELL
2009-09-22,80.13719177246094,0.017593247603065354,-0.008312085350154264,-0.00011961591957861193,0.008192469430575652,0.008192469430575652,SELL
2009-09-23,79.47108459472656,-0.005909894296435736,-0.011019030121056761,0.0007980868367876818,0.011817116957844443,0.011817116957844443,BUY
2009-09-24,78.59539031982422,-0.015396156705016373,-0.0053331236582859765,0.0011684870665609277,0.006501610724846904,0.006501610724846904,BUY
2009-09-25,78.17623138427734,-0.021270549759035973,0.01790368913354179,0.001397858387242408,-0.016505830746299383,0.016505830746299383,BUY
2009-09-28,79.57587432861328,-0.0012212099257277176,-0.0030097307148139185,0.0006150126508286698,0.0036247433656425884,0.0036247433656425884,BUY
2009-09-29,79.33637237548828,-0.00999310531427755,-0.003867858691459558,0.0009575197339688963,0.004825378425428455,0.004825378425428455,BUY
2009-09-30,79.02951049804688,-0.005556412108020825,-0.02481272486242292,0.0007842847851291484,0.025597009647552068,0.025597009647552068,BUY
2009-10-01,77.06857299804688,-0.01942629606602042,-0.004661867130649089,0.0013258477299117376,0.0059877148605608265,0.0059877148605608265,BUY
2009-10-02,76.70928955078125,-0.018764550394931412,0.014927932336360916,0.0013000092344046866,-0.01362792310195623,0.01362792310195623,BUY
2009-10-05,77.85440063476562,-0.021633110642790165,0.01432461576875843,0.0014120149252829191,-0.012912600843475511,0.012912600843475511,BUY
2009-10-06,78.96963500976562,-0.004622562826378518,0.0027483144148205962,0.000747821742721528,-0.0020004926720990682,0.0020004926720990682,BUY
2009-10-07,79.1866683959961,0.001988597638512557,0.007655632852578087,0.0004896826306252344,-0.007165950221952853,0.007165950221952853,BUY
2009-10-08,79.79289245605469,0.03534929157280309,0.0060971750176457284,-0.0008129177156901914,-0.006910092733335919,0.006910092733335919,SELL
2009-10-09,80.27940368652344,0.04654083171215895,0.003916223531896135,-0.0012499021528257603,-0.005166125684721895,0.005166125684721895,SELL
2009-10-12,80.59379577636719,0.035186131024921075,-0.002043150103326563,-0.00080654695533986,0.0012366031479867032,0.0012366031479867032,SELL
2009-10-13,80.42913055419922,0.018481730911547256,0.017215412586996104,-0.00015430760397833014,-0.017369720190974432,0.017369720190974432,SELL
2009-10-14,81.81375122070312,0.033175822116540354,0.0036591625190749433,-0.000728052512585895,-0.004387215031660839,0.004387215031660839,SELL
2009-10-15,82.11312103271484,0.02907813597480513,-0.007474125294035461,-0.0005680544202851289,0.006906070873750332,0.006906070873750332,SELL
2009-10-16,81.49939727783203,0.015196844212650662,0.008265269737600223,-2.604604682914023e-05,-0.008291315784429362,0.008291315784429362,SELL
2009-10-19,82.17301177978516,0.01959475897871843,-0.005282537682971822,-0.00019776685421490036,0.005084770828756921,0.005084770828756921,SELL
2009-10-20,81.73892974853516,0.016285134320248584,-0.008974129816211707,-6.853937966690789e-05,0.008905590436544798,0.008905590436544798,SELL
2009-10-21,81.0053939819336,-0.00988045685118244,0.010163560501166957,0.0009531212664991066,-0.00921043923466785,0.00921043923466785,BUY
2009-10-22,81.82869720458984,-0.0034638048651406406,-0.011432992421484212,0.0007025769248356282,0.01213556934631984,0.01213556934631984,BUY
2009-10-23,80.89315032958984,-0.007438667873524096,-0.0108256977125063,0.0008577792698910078,0.011683476982397308,0.011683476982397308,BUY
2009-10-26,80.01742553710938,-0.02623228960443269,-0.004583123411762924,0.0015915942865516698,0.006174717698314593,0.006174717698314593,BUY
2009-10-27,79.65069580078125,-0.025547605702426424,-0.01888692081284482,0.0015648601457802982,0.02045178095862512,0.02045178095862512,BUY
2009-10-28,78.1463394165039,-0.035294619591225374,0.021453612719260162,0.0019454416676185006,-0.01950817105164166,0.01950817105164166,BUY
2009-10-29,79.82286071777344,-0.024512628886188548,-0.028973264814611932,0.0015244484816250106,0.030497713296236944,0.030497713296236944,BUY
2009-10-30,77.5101318359375,-0.04182082759626282,0.007338715011740771,0.0022002637293008056,-0.005138451282439965,0.005138451282439965,BUY
2009-11-02,78.0789566040039,-0.024225584865967376,0.0031631923697217346,0.0015132405720747974,-0.0016499517976469372,0.0016499517976469372,BUY
2009-11-03,78.32593536376953,-0.01663212635737865,0.002580277658915664,0.0012167466891087552,-0.0013635309698069088,0.0013635309698069088,BUY
2009-11-04,78.52803802490234,0.004884408038156041,0.01839504346084908,0.000376612931389686,-0.018018430529459395,0.018018430529459395,BUY
2009-11-05,79.97256469726562,0.0018754524474071665,0.0026200696726363937,0.0004941004933174224,-0.0021259691793189713,0.0021259691793189713,BUY
2009-11-06,80.18209838867188,0.03447248107370027,0.0227764484147297,-0.0007786818073474587,-0.02355513022207716,0.02355513022207716,SELL
2009-11-09,82.00836181640625,0.050326046649563416,0.0001824355754023177,-0.00139769950674331,-0.0015801350821456276,0.0015801350821456276,SELL
2009-11-10,82.02332305908203,0.04720515213946319,0.005109403708189353,-0.0012758411821629605,-0.006385244890352314,0.006385244890352314,SELL
2009-11-11,82.44241333007812,0.049846849655590164,-0.010167693698956093,-0.0013789887997198785,0.008788704899236215,0.008788704899236215,SELL
2009-11-12,81.60416412353516,0.020401989512852436,0.005411919067847659,-0.00022928594597571462,-0.005641205013823374,0.005641205013823374,SELL
2009-11-13,82.0457992553711,0.02324335361822505,0.014504216932506475,-0.000340229737341585,-0.01484444666984806,0.01484444666984806,SELL
2009-11-16,83.23580932617188,0.014967345799609344,0.0011688483580576392,-1.7085060798835167e-05,-0.0011859334188564744,0.0011859334188564744,SELL
2009-11-17,83.33309936523438,0.015968339946540677,-0.0006286943920863486,-5.616983898182825e-05,0.0005725245531045203,0.0005725245531045203,SELL
2009-11-18,83.28070831298828,0.010168248951590408,-0.013031331095408882,0.00017030028641677514,0.013201631381825658,0.013201631381825658,BUY
2009-11-19,82.19544982910156,0.007245778593740537,-0.0035511135541376193,0.00028441094933433794,0.003835524503471957,0.003835524503471957,BUY
2009-11-20,81.903564453125,-0.0017336024944236694,0.01270234248547597,0.0006350195109601597,-0.01206732297451581,0.01206732297451581,BUY
2009-11-23,82.94393157958984,-0.0035066367341760607,0.001533901043514474,0.0007042493363133022,-0.0008296517072011718,0.0008296517072011718,BUY
2009-11-24,83.07115936279297,-0.0031432888544487003,0.003513954378381978,0.0006900620692589036,-0.0028238923091230745,0.0028238923091230745,BUY
2009-11-25,83.36306762695312,0.0009889362810810987,-0.016250671299779196,0.0005287153687617128,0.016779386668540907,0.016779386668540907,BUY
2009-11-27,82.00836181640625,-0.0022761358820263533,0.0033763140757279153,0.000656203248323984,-0.0027201108274039314,0.0027201108274039314,BUY
2009-11-30,82.28524780273438,0.004660155539724098,0.012370365123169691,0.0003853690856439983,-0.011984996037525692,0.011984996037525692,BUY
2009-12-01,83.30314636230469,0.004330814513779702,-0.00044840461922701635,0.0003982285224199849,0.0008466331416470013,0.0008466331416470013,BUY
2009-12-02,83.26579284667969,0.0023429730050679165,-0.007820639054321399,0.00047584570396807656,0.008296484758289476,0.008296484758289476,BUY
2009-12-03,82.6146011352539,-0.008978394305840354,0.005707551608672645,0.0009178993677497822,-0.004789652240922863,0.004789652240922863,BUY
2009-12-04,83.08612823486328,0.013142152758396142,-0.00153118404373076,5.4181355069482864e-05,0.0015853653988002429,0.0015853653988002429,BUY
2009-12-07,82.95890808105469,0.008186890072146458,-0.011097530806293054,0.0002476643474768474,0.011345195153769902,0.011345195153769902,BUY
2009-12-08,82.03826904296875,-0.015184028149845541,0.0037407513494009947,0.0011602043033194563,-0.0025805470460815386,0.0025805470460815386,BUY
2009-12-09,82.34515380859375,-0.011056629698838583,0.005635058700226736,0.0009990460653567497,-0.0046360126348699866,0.0046360126348699866,BUY
2009-12-10,82.80917358398438,0.00235518232923404,0.004248401782058542,0.0004753689791757688,-0.0037730328028827732,0.0037730328028827732,BUY
2009-12-11,83.16098022460938,0.0009008963510070966,0.006840044051068972,0.0005321529724167766,-0.006307891078652195,0.006307891078652195,BUY
2009-12-14,83.72980499267578,0.009292515167483861,-0.004648447014127921,0.00020449415338801285,0.004852941167515934,0.004852941167515934,BUY
2009-12-15,83.34059143066406,0.015874571744233235,0.0015266919806240509,-5.2508569433909686e-05,-0.0015792005500579606,0.0015792005500579606,SELL
2009-12-16,83.46782684326172,0.013633747497485471,-0.012015580932689618,3.498656617672538e-05,0.012050567498866344,0.012050567498866344,BUY
2009-12-17,82.46491241455078,-0.004157282998174638,0.0056575908554858945,0.0007296544448066309,-0.004927936410679264,0.004927936410679264,BUY
2009-12-18,82.93146514892578,-0.0027598890136179,0.010162012063853254,0.0006750918541180806,-0.009486920209735173,0.009486920209735173,BUY
2009-12-21,83.77421569824219,0.0005304049802850042,0.0035933851186844556,0.0005466191639402515,-0.003046765954744204,0.003046765954744204,BUY
2009-12-22,84.07524871826172,0.008815119679212557,0.001969072164012875,0.00022313451889049518,-0.00174593764512238,0.00174593764512238,BUY
2009-12-23,84.24079895019531,0.009260719203641132,0.004733911087241749,0.0002057356573445717,-0.0045281754298971775,0.0045281754298971775,BUY
2009-12-24,84.63958740234375,0.026370912478035358,0.002133698940316675,-0.00046234827785921113,-0.002596047218175886,0.002596047218175886,SELL
2009-12-28,84.82018280029297,0.022774439689151604,-0.0014192873952185714,-0.0003219205424667336,0.0010973668527518377,0.0010973668527518377,SELL
2009-12-29,84.69979858398438,0.011048541344465423,-0.0003555288290914005,0.00013592842418643945,0.0004914572532778399,0.0004914572532778399,BUY
2009-12-30,84.66968536376953,0.007070293035941866,-0.009598096924397392,0.00029126295153825333,0.009889359875935646,0.009889359875935646,BUY
2009-12-31,83.85701751708984,-0.004555766776765391,0.016959584515290116,0.0007452136267893493,-0.01621437088850077,0.01621437088850077,BUY
2010-01-04,85.2791976928711,0.00755686919274412,0.002647052640007308,0.0002722641180125524,-0.0023747885219947557,0.0023747885219947557,BUY
2010-01-05,85.50493621826172,0.008073000969368138,0.0007040052365854255,0.0002521112569150262,-0.00045189397967039925,0.00045189397967039925,BUY
2010-01-06,85.56513214111328,0.010216477153377035,0.004221059771329916,0.0001684171699422447,-0.004052642601387671,0.004052642601387671,BUY
2010-01-07,85.92630767822266,0.014841466683787052,0.003328380924610741,-1.216998978181838e-05,-0.0033405509143925594,0.0033405509143925594,SELL
2010-01-08,86.2123031616211,0.028086923602443248,0.001396369333538372,-0.0005293515808881468,-0.0019257209144265188,0.0019257209144265188,SELL
2010-01-11,86.33268737792969,0.012353419281132094,-0.009326253437892729,8.497821147356017e-05,0.009411231649366289,0.009411231649366289,BUY
2010-01-12,85.52752685546875,0.00026420272566918257,0.008446099039237653,0.0005570132867284498,-0.007889085752509203,0.007889085752509203,BUY
2010-01-13,86.2499008178711,0.008002893931473132,0.002704833556495201,0.0002548486535657391,-0.0024499849029294618,0.0024499849029294618,BUY
2010-01-14,86.48319244384766,0.006480957702854173,-0.011224447037080365,0.00031427411582902006,0.011538721152909385,0.011538721152909385,BUY
2010-01-15,85.51246643066406,-0.008117596970412144,0.012495572473588679,0.0008842887087675465,-0.011611283764821132,0.011611283764821132,BUY
2010-01-19,86.58099365234375,0.002876155972384886,-0.010168443959753026,0.0004550270627478264,0.010623471022500853,0.010623471022500853,BUY
2010-01-20,85.70059967041016,0.0020235919510904754,-0.01922941161755476,0.0004883162440694616,0.01971772786162422,0.01971772786162422,BUY
2010-01-21,84.05262756347656,-0.02547566123043299,-0.02229138637876593,0.0015620510047498774,0.023853437383515808,0.023853437383515808,BUY
2010-01-22,82.1789779663086,-0.04976937548106508,0.005127391955874083,0.002510622418117102,-0.0026167695377569814,0.0026167695377569814,BUY
2010-01-25,82.600341796875,-0.034054971811043444,-0.00419070008364586,0.0018970384290361534,0.006087738512682013,0.006087738512682013,BUY
2010-01-26,82.25418853759766,-0.04997407551269151,0.004757717145395635,0.0025186151275197466,-0.002239102017875888,0.002239102017875888,BUY
2010-01-27,82.6455307006836,-0.03564816327395415,-0.011472682013364377,0.0019592461203816,0.013431928133745977,0.013431928133745977,BUY
2010-01-28,81.6973648071289,-0.028021286479937402,-0.010868175592303353,0.001661447388354038,0.012529622980657391,0.012529622980657391,BUY
2010-01-29,80.80946350097656,-0.016665021873276342,0.015550718297016486,0.0012180311261317067,-0.014332687170884779,0.014332687170884779,BUY
2010-02-01,82.06610870361328,-0.006467686230348435,0.012102836880421686,0.0008198663587519956,-0.01128297052166969,0.01128297052166969,BUY
2010-02-02,83.05934143066406,0.009788594445842458,-0.004982109451540873,0.0001851242613509167,0.005167233712891789,0.005167233712891789,BUY
2010-02-03,82.6455307006836,0.0,-0.030866239280536445,0.0005673293359878572,0.0314335686165243,0.0314335686165243,BUY
2010-02-04,80.09457397460938,-0.019618635635352488,0.002067029676449783,0.0013333578131886502,-0.0007336718632611329,0.0007336718632611329,BUY
2010-02-05,80.2601318359375,-0.006797863037816376,-0.007219205281897345,0.0008327584294205553,0.008051963711317901,0.008051963711317901,BUY
2010-02-08,79.68071746826172,-0.02906670333263328,0.012560237252117634,0.0017022666937632077,-0.010857970558354427,0.010857970558354427,BUY
2010-02-09,80.68152618408203,-0.028627908741209684,-0.0019585650768518814,0.0016851335373643773,0.0036436986142162585,0.0036436986142162585,BUY
2010-02-10,80.52350616455078,-0.02567621646496676,0.010465894860492542,0.0015698818765678805,-0.00889601298392466,0.00889601298392466,BUY
2010-02-11,81.36625671386719,0.015877264540553604,-0.0008322676818907082,-5.2613712253371915e-05,0.0007796539696373363,0.0007796539696373363,SELL
2010-02-12,81.29853820800781,0.012938009797852645,0.015734947253002618,6.215231309648266e-05,-0.015672794939906136,0.015672794939906136,BUY
2010-02-16,82.57776641845703,0.036358218678807175,0.004738704647506031,-0.0008523122438818572,-0.005591016891387889,0.005591016891387889,SELL
2010-02-17,82.96907806396484,0.028352858306913475,0.005895398063967994,-0.0005397352569238587,-0.006435133320891852,0.006435133320891852,SELL
2010-02-18,83.45821380615234,0.036445353430145655,0.0020734004416294027,-0.0008557145039635324,-0.002929114945592935,0.002929114945592935,SELL
2010-02-19,83.63125610351562,0.027837084820228952,0.00017989884065605644,-0.000519596385601251,-0.0006994952262573074,0.0006994952262573074,SELL
2010-02-22,83.64630126953125,0.028878293672593758,-0.012144636002046072,-0.0005602513855946115,0.01158438461645146,0.01158438461645146,SELL
2010-02-23,82.63044738769531,0.0006379558508682326,0.009197604034074658,0.0005424197368676558,-0.008655184297207002,0.008655184297207002,BUY
2010-02-24,83.39044952392578,0.005078656648879187,-0.0013532289987157053,0.00036902830775752647,0.0017222573064732318,0.0017222573064732318,BUY
2010-02-25,83.27760314941406,-0.002164084857576576,0.0006325946862779652,0.0006518281084200969,1.92334221421317e-05,1.92334221421317e-05,BUY
2010-02-26,83.33028411865234,-0.003598797852452984,0.010384382656091429,0.0007078478557212256,-0.009676534800370203,0.009676534800370203,BUY
2010-03-01,84.19561767578125,0.006567133249322676,0.0027709192213480893,0.0003109093088230599,-0.0024600099125250295,0.0024600099125250295,BUY
2010-03-02,84.42891693115234,0.021765216095451567,0.0008910863979696426,-0.00028251443762812556,-0.0011736008355977682,0.0011736008355977682,SELL
2010-03-03,84.504150390625,0.013355256783688096,0.003027682598106596,4.586050365993873e-05,-0.002981822094446657,0.002981822094446657,BUY
2010-03-04,84.76000213623047,0.017800692272047502,0.014293142825304361,-0.00012771579598375128,-0.014420858621288113,0.014420858621288113,SELL
2010-03-05,85.97148895263672,0.03169561776872887,0.0001749130648345254,-0.0006702565117031021,-0.0008451695765376275,0.0008451695765376275,SELL
2010-03-08,85.98652648925781,0.021270807946002,0.001662581343420344,-0.000263209796424838,-0.001925791139845182,0.001925791139845182,SELL
2010-03-09,86.12948608398438,0.020142022598948595,0.0044560429806848045,-0.00021913528805628723,-0.004675178268741092,0.004675178268741092,SELL
2010-03-10,86.5132827758789,0.02377554683369487,0.0041749750363089255,-0.0003610097327500484,-0.004535984769058974,0.004535984769058974,SELL
2010-03-11,86.87447357177734,0.024946571286635688,8.659140825284517e-05,-0.00040673350758965525,-0.0004933249158425004,0.0004933249158425004,SELL
2010-03-12,86.88199615478516,0.010590804151944466,0.00026010298567835655,0.0001538012126444272,-0.00010630177303392935,0.00010630177303392935,BUY
2010-03-15,86.90459442138672,0.01067688124654742,0.007965930979665137,0.0001504402497861461,-0.00781549072987899,0.00781549072987899,BUY
2010-03-16,87.59687042236328,0.017036956855263963,0.005927362956241744,-9.789501286829505e-05,-0.006025257969110039,0.006025257969110039,SELL
2010-03-17,88.1160888671875,0.01852670526283018,-0.0005125739942121177,-0.00015606367073377106,0.00035651032347834663,0.00035651032347834663,SELL
2010-03-18,88.0709228515625,0.013772161494557178,-0.005061751795275571,2.9582058678301153e-05,0.005091333853953872,0.005091333853953872,BUY
2010-03-19,87.62512969970703,0.008553366379818739,0.005346097120981996,0.00023335492794766805,-0.005112742193034328,0.005112742193034328,BUY
2010-03-22,88.09358215332031,0.013681529035949325,0.00703375763709535,3.312089010076933e-05,-0.007000636746994581,0.007000636746994581,BUY
2010-03-23,88.71321105957031,0.012744069871724939,-0.004855253152397099,6.972488384204107e-05,0.00492497803623914,0.00492497803623914,BUY
2010-03-24,88.28248596191406,0.0018883849347577364,-0.001626515530323891,0.000493595531923791,0.002120111062247682,0.002120111062247682,BUY
2010-03-25,88.1388931274414,0.0007717674991718493,-0.0005999545900767789,0.0005371949324986385,0.0011371495225754175,0.0011371495225754175,BUY
2010-03-26,88.08601379394531,0.005259725101894208,0.006348040510635755,0.0003619583160460612,-0.0059860821945896935,0.0059860821945896935,BUY
2010-03-29,88.64518737792969,0.006261582411864586,0.0006818200205147562,0.00032283983483291526,-0.00035898018568184095,0.00035898018568184095,BUY
2010-03-30,88.70562744140625,-8.548465412860917e-05,-0.003407293341672668,0.0005706671664386238,0.003977960508111292,0.003977960508111292,BUY
2010-03-31,88.40338134765625,0.0013694152857719466,0.006837281250150928,0.0005138592004741994,-0.006323422049676729,0.006323422049676729,BUY
2010-04-01,89.00782012939453,0.009858610326507478,0.008149791800115658,0.00018239042402182898,-0.007967401376093829,0.007967401376093829,BUY
2010-04-05,89.73321533203125,0.01869992144200272,0.0023578601118632303,-0.00016282706286889893,-0.002520687174732129,0.002520687174732129,SELL
2010-04-06,89.94479370117188,0.014660765707465329,-0.005712664866381556,-5.114346550900138e-06,0.0057075505198306556,0.0057075505198306556,SELL
2010-04-07,89.43096923828125,0.00817695356874748,0.003463859430249183,0.00024805232779866464,-0.0032158071024505188,0.0032158071024505188,BUY
2010-04-08,89.7407455444336,0.015127975608964617,0.006567822024894587,-2.3357006031955426e-05,-0.0065911790309265425,0.0065911790309265425,SELL
2010-04-09,90.33014678955078,0.01485629755041673,0.001588968959065351,-1.2749075218291281e-05,-0.0016017180342836424,0.0016017180342836424,SELL
2010-04-12,90.4736785888672,0.008251830206864819,0.0007517772384957322,0.0002451286975248253,-0.0005066485409709069,0.0005066485409709069,BUY
2010-04-13,90.54169464111328,0.006636303396553744,0.011349333527477246,0.0003082084939684485,-0.011041125033508797,0.011041125033508797,BUY
2010-04-14,91.56928253173828,0.023910210430121648,0.0008251008630189016,-0.00036626780225205286,-0.0011913686652709546,0.0011913686652709546,SELL
2010-04-15,91.64483642578124,0.02121768511946298,-0.01591249203301459,-0.00026113556462428614,0.015651356468390304,0.015651356468390304,SELL
2010-04-16,90.18653869628906,-0.0015898135712797412,0.003770177134963193,0.0006294051343092267,-0.0031407720006539665,0.0031407720006539665,BUY
2010-04-19,90.52655792236328,0.0005844720179486451,0.008931189313013954,0.0005445080645091777,-0.008386681248504776,0.008386681248504776,BUY
2010-04-20,91.33506774902344,0.008762516662129016,-0.0018199937016923906,0.00022518845423144524,0.002045182155923836,0.002045182155923836,BUY
2010-04-21,91.16883850097656,-0.004373126224101687,0.002983175619234002,0.0007380822509366892,-0.002245093368297313,0.002245093368297313,BUY
2010-04-22,91.44081115722656,-0.0022262603820555338,0.006528147326773537,0.0006542558115091921,-0.005873891515264345,0.005873891515264345,BUY
2010-04-23,92.03775024414062,0.020526472959403463,-0.003776244714252308,-0.00023414652174513024,0.0035420981925071778,0.0035420981925071778,SELL
2010-04-26,91.69019317626952,0.012854075981814983,-0.02365090680101367,6.542958958400357e-05,0.023716336390597673,0.023716336390597673,BUY
2010-04-27,89.52163696289062,-0.01985470456009164,0.007596443771742845,0.001342575351160888,-0.0062538684205819565,0.0062538684205819565,BUY
2010-04-28,90.2016830444336,-0.010608399453642336,0.012397281042788366,0.0009815444847909589,-0.011415736557997408,0.011415736557997408,BUY
2010-04-29,91.31993865966795,-0.0013218659811621292,-0.016961712728373213,0.000618942863219511,0.017580655591592723,0.017580655591592723,BUY
2010-04-30,89.77099609375,-0.024628526277291618,0.012962007957530775,0.001528973806610314,-0.01143303415092046,0.01143303415092046,BUY
2010-05-03,90.93460845947266,-0.00824062738470066,-0.02351501357372754,0.0008890925494962558,0.024404106123223794,0.024404106123223794,BUY
2010-05-04,88.79627990722656,-0.008102589276430927,-0.005956418179134393,0.0008837027189372439,0.006840120898071637,0.006840120898071637,BUY
2010-05-05,88.26737213134766,-0.021444288485538476,-0.033213445040836675,0.0014046421827400772,0.03461808722357675,0.03461808722357675,BUY
2010-05-06,85.33570861816406,-0.06553037736704992,-0.014875206546696607,0.003126025879310078,0.018001232426006684,0.018001232426006684,BUY
2010-05-07,84.06632232666016,-0.06354695854251535,0.04404114771369971,0.003048581385714828,-0.04099256632798488,0.04099256632798488,BUY
2010-05-10,87.7686996459961,-0.034815224556528745,-0.002840746351340351,0.0019267232279047554,0.004767469579245107,0.004767469579245107,BUY
2010-05-11,87.51937103271484,-0.014380206871794865,0.013985812815748844,0.0011288183292378958,-0.012856994486510948,0.012856994486510948,BUY
2010-05-12,88.74340057373047,0.005393028373773756,-0.012430776902063512,0.0003567533617229499,0.012787530263786462,0.012787530263786462,BUY
2010-05-13,87.64025115966797,0.027005606197232357,-0.01810513508838507,-0.0004871305039141807,0.01761800458447089,0.01761800458447089,SELL
2010-05-14,86.05351257324219,0.02363836303984268,0.0005269874492939142,-0.0003556532597182614,-0.0008826407090121755,0.0008826407090121755,SELL
2010-05-17,86.09886169433594,-0.01902543797954437,-0.013602743428310693,0.0013101958407964955,0.014912939269107188,0.014912939269107188,BUY
2010-05-18,84.92768096923828,-0.029612759242839903,-0.005693769678702387,0.0017235879714064047,0.007417357650108792,0.007417357650108792,BUY
2010-05-19,84.44412231445312,-0.048446174380092466,-0.037759051558239554,0.002458956759849717,0.04021800831808927,0.04021800831808927,BUY
2010-05-20,81.2555923461914,-0.07285075897197768,0.014598886250786647,0.0034118572122110603,-0.011187029038575587,0.011187029038575587,BUY
2010-05-21,82.44183349609375,-0.041970152863596955,-0.012831145745957562,0.0022060942778297484,0.01503724002378731,0.01503724002378731,BUY
2010-05-24,81.3840103149414,-0.0547609026020921,0.0010210772965451032,0.002705521390221799,0.001684444093676696,0.001684444093676696,BUY
2010-05-25,81.46710968017578,-0.04074727167360137,-0.006028531220614419,0.0021583457068699114,0.008186876927484332,0.008186876927484332,BUY
2010-05-26,80.97598266601562,-0.04107023145462796,0.03349817085189266,0.0021709559818072315,-0.031327214870085426,0.031327214870085426,BUY
2010-05-27,83.68852996826172,0.029941786796713332,-0.012549567093311897,-0.0006017764963884944,0.011947790596923403,0.011947790596923403,SELL
2010-05-28,82.63827514648438,0.00238279089705018,-0.01682351689931394,0.00047429097612015453,0.017297807875434095,0.017297807875434095,BUY
2010-06-01,81.24800872802734,-0.001671109427856421,0.026039080923238478,0.0006325794091351453,-0.025406501514103334,0.025406501514103334,BUY
2010-06-02,83.36363220214844,0.02327960976421095,0.0034443348448076616,-0.0003416453933950928,-0.0037859802382027544,0.0037859802382027544,SELL
2010-06-03,83.65076446533203,0.03303179178878879,-0.0351369397679171,-0.0007224287100601246,0.03441451105785697,0.03441451105785697,SELL
2010-06-04,80.71153259277344,-0.035572346373120456,-0.01245058380632913,0.001956285776646633,0.014406869582975762,0.014406869582975762,BUY
2010-06-07,79.70662689208984,-0.03547567091880732,0.010711947107517661,0.001952510990650978,-0.008759436116866682,0.008759436116866682,BUY
2010-06-08,80.56044006347656,-0.00846259096456592,-0.0053465133497575534,0.0008977593307260284,0.006244272680483582,0.006244272680483582,BUY
2010-06-09,80.12972259521484,-0.03879281074379881,0.029231546022699062,0.0020820319020960864,-0.027149514120602975,0.027149514120602975,BUY
2010-06-10,82.47203826904297,-0.014091039141400419,0.004855882754266405,0.0011175274973835895,-0.003738355256882816,0.003738355256882816,BUY
2010-06-11,82.87251281738281,0.02677411957362419,-0.0015502290221948156,-0.0004780918862920978,0.0010721371359027178,0.0010721371359027178,SELL
2010-06-14,82.7440414428711,0.038107428067347904,0.022737693960781735,-0.0009206118050294543,-0.02365830576581119,0.02365830576581119,SELL
2010-06-15,84.62545013427734,0.050459134379079895,-0.00035683288545906855,-0.0014028960450077706,-0.001046063159548702,0.001046063159548702,SELL
2010-06-16,84.59525299072266,0.05572876394525905,0.0016072230430745904,-0.0016086537942733945,-0.0032158768373479847,0.0032158768373479847,SELL
2010-06-17,84.73121643066406,0.02739326211692661,0.0010846496768832647,-0.0005022669017433015,-0.0015869165786265662,0.0015869165786265662,SELL
2010-06-18,84.8231201171875,0.02353744605407382,-0.0028642906381184385,-0.0003517128590518199,0.0025125777790666187,0.0025125777790666187,SELL
2010-06-21,84.58016204833984,0.02219036650193673,-0.016515289293584146,-0.00029911484371723525,0.01621617444986691,0.01621617444986691,SELL
2010-06-22,83.18329620361328,-0.0170416101583597,-0.003103274043540827,0.0012327353775340943,0.0043360094210749215,0.0043360094210749215,BUY
2010-06-23,82.92515563964844,-0.01974221120016484,-0.01657045259958312,0.001338182939843322,0.01790863553942644,0.01790863553942644,BUY
2010-06-24,81.5510482788086,-0.03753242648720634,0.004188862649181724,0.0020328189878694933,-0.0021560436613122305,0.0021560436613122305,BUY
2010-06-25,81.89265441894531,-0.034547959261503225,-0.0031517163391943104,0.0019162875976824329,0.0050680039368767435,0.0050680039368767435,BUY
2010-06-28,81.63455200195312,-0.03482625210274748,-0.030874848271084776,0.0019271538090417013,0.03280200208012648,0.03280200208012648,BUY
2010-06-29,79.11409759521484,-0.04891845832170427,-0.009500423495775068,0.0024773975401019047,0.011977821035876973,0.011977821035876973,BUY
2010-06-30,78.36248016357422,-0.05502160883364926,-0.00445647298490226,0.002715700915509308,0.007172173900411568,0.007172173900411568,BUY
2010-07-01,78.01325988769531,-0.04338127425435667,-0.005449395688403524,0.0022611928682822495,0.007710588556685774,0.007710588556685774,BUY
2010-07-02,77.588134765625,-0.052562951877213715,0.006555596112032269,0.002619700292463758,-0.003935895819568511,0.003935895819568511,BUY
2010-07-06,78.09677124023438,-0.043336806229231306,0.03149634145150104,0.002259456571518089,-0.029236884879982952,0.029236884879982952,BUY
2010-07-07,80.55653381347656,0.018232353804272794,0.009895246633441657,-0.00014457043523301934,-0.010039817068674677,0.010039817068674677,SELL
2010-07-08,81.3536605834961,0.03817107898675576,0.00746531032420239,-0.0009230971163310502,-0.00838840744053344,0.00838840744053344,SELL
2010-07-09,81.96099090576172,0.05060333363519742,0.0006484348434219189,-0.0014085264435038894,-0.002056961286925808,0.002056961286925808,SELL
2010-07-12,82.0141372680664,0.05704483702065133,0.015088248041327912,-0.001660041131933667,-0.016748289173261578,0.016748289173261578,SELL
2010-07-13,83.2515869140625,0.0660054902650371,-9.090949080425847e-05,-0.002009918446906179,-0.0019190089561019206,0.0019190089561019206,SELL
2010-07-14,83.2440185546875,0.03336147440794357,0.00027339482501997914,-0.0007353014846712001,-0.0010086963096911793,0.0010086963096911793,SELL
2010-07-15,83.26677703857422,0.023516046375253508,-0.02753459496719013,-0.00035087728803230567,0.027183717679157823,0.027183717679157823,SELL
2010-07-16,80.97406005859375,-0.012041470414904332,0.005906760414538859,0.001037500117312011,-0.0048692602972268476,0.0048692602972268476,BUY
2010-07-19,81.45235443115234,-0.006849829256605489,0.011091104888918846,0.0008347875003602884,-0.010256317388558558,0.010256317388558558,BUY
2010-07-20,82.35575103759766,-0.010760586190261878,-0.012997042113818136,0.0009874867621373381,0.013984528875955474,0.013984528875955474,BUY
2010-07-21,81.28536987304688,-0.023529002030985402,0.02232098106330671,0.0014860418260333598,-0.02083493923727335,0.02083493923727335,BUY
2010-07-22,83.09973907470703,-0.002006057755661761,0.00867926686705145,0.0006456577883995689,-0.00803360907865188,0.00803360907865188,BUY
2010-07-23,83.82098388671875,0.03515846711977799,0.010415885410788306,-0.0008054667915851493,-0.011221352202373455,0.011221352202373455,SELL
2010-07-26,84.69405364990234,0.039798717193498145,-8.981157495546732e-05,-0.0009866498138844902,-0.0008968382389290229,0.0008968382389290229,SELL
2010-07-27,84.68644714355469,0.028300344257597754,-0.006454041262260568,-0.0005376847954148799,0.005916356466845688,0.005916356466845688,SELL
2010-07-28,84.13987731933594,0.035117112104518844,-0.004872337574088337,-0.0008038520452820733,0.004068485528806264,0.004068485528806264,SELL
2010-07-29,83.72991943359375,0.007583421631687459,-0.0001816003574783842,0.00027122735252346406,0.00045282771000184827,0.00045282771000184827,BUY
2010-07-30,83.71471405029297,-0.0012678190054342675,0.022580587834029275,0.0006168325471259944,-0.02196375528690328,0.02196375528690328,BUY
2010-08-02,85.60504150390625,0.010756219766852038,-0.004788945587082982,0.00014734240103550245,0.004936287988118485,0.004936287988118485,BUY
2010-08-03,85.19508361816406,0.006006114222115944,0.0066832696170484596,0.00033281483574550445,-0.006350454781302955,0.006350454781302955,BUY
2010-08-04,85.76446533203125,0.019308181381457512,-0.0010621528432603888,-0.00018657715659729129,0.0008755756866630975,0.0008755756866630975,SELL
2010-08-05,85.67337036132812,0.02321094945368629,-0.004076004196135519,-0.00033896448560451415,0.0037370397105310044,0.0037370397105310044,SELL
2010-08-06,85.32416534423828,0.01922542903244473,0.005338437708256816,-0.00018334601162486408,-0.00552178371988168,0.00552178371988168,SELL
2010-08-09,85.7796630859375,0.0020398516134505496,-0.00539885400316209,0.0004876813699309643,0.005886535373093055,0.005886535373093055,BUY
2010-08-10,85.3165512084961,0.0014257582148335946,-0.027406926700749956,0.0005116592366769029,0.027918585937426858,0.027918585937426858,BUY
2010-08-11,82.97828674316406,-0.03248639839449463,-0.006129569984911876,0.0018357919729629635,0.00796536195787484,0.00796536195787484,BUY
2010-08-12,82.46966552734375,-0.03739440645877157,-0.0029460295163571404,0.002027429863255008,0.0049734593796121485,0.0049734593796121485,BUY
2010-08-13,82.2267074584961,-0.036302234815255074,-0.00046141916874220534,0.0019847849721180717,0.002446204140860277,0.002446204140860277,BUY
2010-08-16,82.18876647949219,-0.04186186419090743,0.012285189729617008,0.002201866042565061,-0.010083323687051947,0.010083323687051947,BUY
2010-08-17,83.19847106933594,-0.024826134075485617,0.001824577555779472,0.001536689592944649,-0.00028788796283482285,0.00028788796283482285,BUY
2010-08-18,83.35027313232422,0.004482936485680211,-0.017396427075172527,0.0003922887738742835,0.017788715849046812,0.017788715849046812,BUY
2010-08-19,81.90027618408203,-0.006904227628677928,-0.003244484567202832,0.0008369115370616869,0.004081396104264519,0.004081396104264519,BUY
2010-08-20,81.63455200195312,-0.007201497844746552,-0.0038128023129710975,0.0008485187382536931,0.00466132105122479,0.00466132105122479,BUY
2010-08-23,81.32329559326172,-0.010530281975291822,-0.014843224266120392,0.0009784943127965425,0.015821718578916934,0.015821718578916934,BUY
2010-08-24,80.11619567871094,-0.03704726001582759,0.003885062265557737,0.002013875196865524,-0.0018711870686922132,0.0018711870686922132,BUY
2010-08-25,80.42745208740234,-0.03506672425993973,-0.0067018997822665405,0.001936543275455524,0.008638443057722064,0.008638443057722064,BUY
2010-08-26,79.88843536376953,-0.024564518143877945,0.015489721889800467,0.001526474547544664,-0.013963247342255803,0.013963247342255803,BUY
2010-08-27,81.12588500976562,-0.006231025708027804,-0.014504766709061645,0.0008106257212838051,0.01531539243034545,0.01531539243034545,BUY
2010-08-30,79.94917297363281,-0.01689703558623079,0.0,0.0012270903244637219,0.0012270903244637219,0.0012270903244637219,BUY
2010-08-31,79.94917297363281,-0.0020847558182609527,0.029911925625659697,0.0006487306298637775,-0.02926319499579592,0.02926319499579592,BUY
2010-09-01,82.34060668945312,0.02378733321020432,0.009311888165797422,-0.0003614699431447498,-0.009673358108942171,0.009673358108942171,SELL
2010-09-02,83.10735321044922,0.04029266353787553,0.012971668992156182,-0.0010059364234650504,-0.013977605415621232,0.013977605415621232,SELL
2010-09-03,84.18539428710938,0.0377131081771922,-0.01127261891685849,-0.000905215206071184,0.010367403710787306,0.010367403710787306,SELL
2010-09-07,83.23640441894531,0.041116515944406684,0.0070231225369987715,-0.0010381045322032567,-0.008061227069202028,0.008061227069202028,SELL
2010-09-08,83.82098388671875,0.048428404811177383,0.004619452233742605,-0.0013236042579834054,-0.00594305649172601,0.00594305649172601,SELL
2010-09-09,84.20819091796875,0.022681205587410824,0.005048500833896963,-0.0003182801273885833,-0.005366780961285546,0.005366780961285546,SELL
2010-09-10,84.63331604003906,0.018361345544547714,0.011122631829744378,-0.00014960704166227688,-0.011272238871406656,0.011272238871406656,SELL
2010-09-13,85.57466125488281,0.01650247028641827,-0.0006205176293873071,-7.70254712739065e-05,0.0005434921581134006,0.0005434921581134006,SELL
2010-09-14,85.52156066894531,0.027453807813446085,0.003817214747300568,-0.0005046309666338436,-0.004321845713934411,0.004321845713934411,SELL
2010-09-15,85.84801483154297,0.024182857929270885,-0.0002655463950343995,-0.00037691358580539745,-0.00011136719077099798,0.00011136719077099798,SELL
2010-09-16,85.8252182006836,0.019202731528694894,0.0003735349177365066,-0.00018245976578407715,-0.0005559946835205838,0.0005559946835205838,SELL
2010-09-17,85.8572769165039,0.014461927450482914,0.015290641076964206,2.6494842290052762e-06,-0.015287991592735202,0.015287991592735202,BUY
2010-09-20,87.17008972167969,0.018643701808470192,-0.0020141685859018654,-0.00016063191326399443,0.001853536672637871,0.001853536672637871,SELL
2010-09-21,86.99451446533203,0.01722318658435773,-0.004913113695232063,-0.00010516653156300733,0.004807947163669056,0.004807947163669056,SELL
2010-09-22,86.56710052490234,0.00837626466692809,-0.008111295416225794,0.0002402700344798883,0.008351565450705683,0.008351565450705683,BUY
2010-09-23,85.86492919921875,0.0004626961558349407,0.020622173127733623,0.0005492629200428968,-0.020072910207690725,0.020072910207690725,BUY
2010-09-24,87.63565063476562,0.02071313908535899,-0.004790285707321096,-0.00024143507997458297,0.0045488506273465125,0.0045488506273465125,SELL
2010-09-27,87.21585083007812,0.0005249634197297404,0.003500660802431499,0.0005468316349001705,-0.0029538291675313285,0.0029538291675313285,BUY
2010-09-28,87.52116394042969,0.00605382394895182,-0.001744311635003215,0.0003309519636235565,0.0020752635986267714,0.0020752635986267714,BUY
2010-09-29,87.36849975585938,0.009257549647588181,-0.0029701619796212997,0.00020585941570584477,0.0031760213953271445,0.0031760213953271445,BUY
2010-09-30,87.10900115966797,0.01448870885996767,0.004205542852403266,1.603778365141307e-06,-0.004203939074038124,0.004203939074038124,BUY
2010-10-01,87.475341796875,-0.0018292651076299293,-0.007503335203279948,0.0006387547496016986,0.008142089952881647,0.008142089952881647,BUY
2010-10-04,86.81898498535156,-0.004550386666522077,0.020131748758165813,0.0007450035552158995,-0.019386745202949914,0.019386745202949914,BUY
2010-10-05,88.56680297851562,0.011947270705833457,-8.631510976142565e-05,0.00010083667280777502,0.00018715178256920067,0.00018715178256920067,BUY
2010-10-06,88.55915832519531,0.013628007493124983,-0.0012063620933341346,3.5210690161752546e-05,0.0012415727834958871,0.0012415727834958871,BUY
2010-10-07,88.45232391357422,0.015421170441892507,0.005608428012537692,-3.4805079973762804e-05,-0.005643233092511454,0.005643233092511454,SELL
2010-10-08,88.94840240478516,0.01683972394564326,0.0009436774170583639,-9.019386441848267e-05,-0.0010338712814768466,0.0010338712814768466,SELL
2010-10-11,89.03234100341797,0.02549391723987382,0.0030867257595710296,-0.00042810515620244054,-0.00351483091577347,0.00351483091577347,SELL
2010-10-12,89.30715942382812,0.008359299651948593,0.007777087134198668,0.0002409324497890862,-0.007536154684409582,0.007536154684409582,BUY
2010-10-13,90.001708984375,0.01628911889476803,-0.003901428738061097,-6.869496120724314e-05,0.0038327337768538534,0.0038327337768538534,SELL
2010-10-14,89.65057373046875,0.013546843812326737,0.002043286005575906,3.8379804057412834e-05,-0.002004906201518493,0.002004906201518493,BUY
2010-10-15,89.83375549316406,0.009953558067854473,0.0049280278291827795,0.00017868309823885608,-0.004749344730943923,0.004749344730943923,BUY
2010-10-18,90.27645874023438,0.013973773156977343,-0.013104430124072919,2.17099376184993e-05,0.013126140061691417,0.013126140061691417,BUY
2010-10-19,89.09343719482422,-0.0023931141734072625,0.009766173088689545,0.0006607707780991227,-0.009105402310590422,0.009105402310590422,BUY
2010-10-20,89.96353912353516,-0.00042410151174432364,0.0022057038250884453,0.0005838887869740737,-0.0016218150381143717,0.0016218150381143717,BUY
2010-10-21,90.16197204589844,0.005704350726936758,0.0018624589704772099,0.0003445974813373495,-0.0015178614891398602,0.0015178614891398602,BUY
2010-10-22,90.32989501953124,0.005522863022295876,0.0029573334504533477,0.0003516838431313471,-0.0026056496073220007,0.0026056496073220007,BUY
2010-10-25,90.59703063964844,0.003551002153689753,0.00016825640052231527,0.00042867704523293873,0.00026042064471062346,0.00026042064471062346,BUY
2010-10-26,90.61227416992188,0.017047686371964188,-0.0028637507354716263,-9.831395715635574e-05,0.0027654367783152703,0.0027654367783152703,SELL
2010-10-27,90.352783203125,0.004326687048798128,0.0001691334423172819,0.0003983896832556975,0.0002292562409384156,0.0002292562409384156,BUY
2010-10-28,90.3680648803711,0.0022858066410498257,0.0007598320365955757,0.0004780778195743715,-0.00028175421702120423,0.00028175421702120423,BUY
2010-10-29,90.43672943115234,0.001182713780393696,0.00033753108622502914,0.0005211491401272036,0.00018361805390217447,0.00018361805390217447,BUY
2010-11-01,90.46725463867188,-0.0014324531395819573,0.007930611304496571,0.0006232608450678334,-0.007307350459428738,0.007307350459428738,BUY
2010-11-02,91.1847152709961,0.006317478579124236,0.004017817287709002,0.00032065731527940904,-0.0036971599724295932,0.0036971599724295932,BUY
2010-11-03,91.55107879638672,0.013262409311374457,0.019257764911248865,4.9485822420647905e-05,-0.019208279088828217,0.019208279088828217,BUY
2010-11-04,93.31414794921876,0.032600931233259134,0.0037626916543642697,-0.0007056053457154849,-0.004468297000079754,0.004468297000079754,SELL
2010-11-05,93.6652603149414,0.035699332606304424,-0.0018742527119850472,-0.0008265854041489972,0.00104766730783605,0.00104766730783605,SELL
2010-11-08,93.48970794677734,0.03340936253871307,-0.0071844165641210544,-0.0007371713227461402,0.006447245241374914,0.006447245241374914,SELL
2010-11-09,92.81803894042967,0.017912252778104598,0.004029477275974136,-0.00013207178312572528,-0.004161549059099861,0.004161549059099861,SELL
2010-11-10,93.19204711914062,0.017924074127007028,-0.0037672940878280547,-0.00013253335905111067,0.003634760728776944,0.003634760728776944,SELL
2010-11-11,92.8409652709961,-0.005070856763115694,-0.01183825818887918,0.0007653258101847269,0.012603583999063908,0.012603583999063908,BUY
2010-11-12,91.74188995361328,-0.02053451145986207,-0.0014144110422524836,0.0013691190646943283,0.002783530106946812,0.002783530106946812,BUY
2010-11-15,91.61212921142578,-0.020083266667390243,-0.015579309589570545,0.001351499778233903,0.016930809367804448,0.016930809367804448,BUY
2010-11-16,90.18487548828124,-0.028369091635715216,0.0005079220270320928,0.001675027774818985,0.0011671057477868922,0.0011671057477868922,BUY
2010-11-17,90.23068237304688,-0.031777011425747737,0.014718117861289404,0.0018080932772169631,-0.01291002458407244,0.01291002458407244,BUY
2010-11-18,91.55870819091795,-0.013811328612701512,0.00275132047633897,0.0011066059310555951,-0.0016447145452833747,0.0016447145452833747,BUY
2010-11-19,91.81061553955078,0.0007491189245418806,-0.0008318236274641455,0.0005380792678549311,0.0013699028953190766,0.0013699028953190766,BUY
2010-11-22,91.73424530029295,0.0013329685699734473,-0.014477131214273298,0.0005152822975091321,0.01499241351178243,0.01499241351178243,BUY
2010-11-23,90.40619659423828,0.002454082292166593,0.014774356290751411,0.0004715073351038477,-0.014302848955647565,0.014302848955647565,BUY
2010-11-24,91.74188995361328,0.016748267228197555,-0.01164726910475733,-8.662284901777499e-05,0.011560646255739555,0.011560646255739555,SELL
2010-11-26,90.67334747314452,-0.009669869041045054,0.0030301890567709933,0.0009448986631277537,-0.0020852903936432396,0.0020852903936432396,BUY
2010-11-29,90.94810485839844,-0.009394454836007315,-0.005622716691483287,0.0009341448508848498,0.006556861542368137,0.006556861542368137,BUY
2010-11-30,90.43672943115234,-0.01414429109754134,0.021268001622781307,0.00111960677117351,-0.020148394851607798,0.020148394851607798,BUY
2010-12-01,92.36013793945312,0.021612913924302424,0.012808541472751678,-0.000276567653029633,-0.01308510912578131,0.01308510912578131,SELL
2010-12-02,93.54313659667967,0.01963385149332697,0.0026927091565815964,-0.0001992932590063511,-0.0028920024155879476,0.0028920024155879476,SELL
2010-12-03,93.7950210571289,0.034427686536101065,-0.0010580042900947273,-0.0007769327615900566,0.0002810715285046707,0.0002810715285046707,SELL
2010-12-06,93.69578552246094,0.030211521926053253,0.000570316786383751,-0.000612308563664543,-0.001182625350048294,0.001182625350048294,SELL
2010-12-07,93.7492218017578,0.03662773290720556,0.0036636860104146685,-0.0008628356858684106,-0.004526521696283079,0.004526521696283079,SELL
2010-12-08,94.09268951416016,0.018758650791998788,0.003893563866520733,-0.0001651202067643598,-0.004058684073285092,0.004058684073285092,SELL
2010-12-09,94.45904541015624,0.009791298932230408,0.005817815389725256,0.0001850186620815344,-0.005632796727643722,0.005632796727643722,BUY
2010-12-10,95.0085906982422,0.012938529438296431,0.0006421763297193017,6.213202323610478e-05,-0.0005800443064831969,0.0005800443064831969,BUY
2010-12-13,95.0696029663086,0.014662531897107867,0.0008834790697958006,-5.1833091223790284e-06,-0.0008886623789181796,0.0008886623789181796,SELL
2010-12-14,95.15359497070312,0.014980104815323303,-0.004572412446083307,-1.7583248825750312e-05,0.0045548291972575565,0.0045548291972575565,SELL
2010-12-15,94.71851348876952,0.006651143439950102,0.005802281041116242,0.0003076290502163039,-0.005494651990899938,0.005494651990899938,BUY
2010-12-16,95.26809692382812,0.008565103639983418,0.0010707953404267556,0.00023289663534783724,-0.0008378987050789183,0.0008378987050789183,BUY
2010-12-17,95.37010955810548,0.003805117592065921,0.002413452230261459,0.0004187548637973585,-0.0019946973664641005,0.0019946973664641005,BUY
2010-12-20,95.60028076171876,0.005581992338794528,0.006340518988836807,0.00034937508215952064,-0.005991143906677287,0.005991143906677287,BUY
2010-12-21,96.20643615722656,0.01106464959991893,0.00311007877100411,0.00013529946187607495,-0.002974779309128035,0.002974779309128035,BUY
2010-12-22,96.50564575195312,0.018867824223144147,-0.0014310009464640894,-0.00016938298827299668,0.0012616179581910927,0.0012616179581910927,SELL
2010-12-23,96.36754608154295,0.011540580668824463,0.0003982238424928841,0.00011671627603468599,-0.0002815075664581981,0.0002815075664581981,BUY
2010-12-27,96.40592193603516,0.010860975023821107,0.0014326394730279635,0.0001432521313823879,-0.0012893873416455755,0.0012893873416455755,BUY
2010-12-28,96.54403686523438,0.009871896776829647,0.0007150183891224682,0.00018187164180389763,-0.0005331467473185705,0.0005331467473185705,BUY
2010-12-29,96.61306762695312,0.004226655574914195,-0.0015885314912390536,0.0004022955082598267,0.00199082699949888,0.00199082699949888,BUY
2010-12-30,96.4595947265625,-0.0004771847805566942,0.00023854810888934708,0.0005859614742051829,0.0003474133653158358,0.0003474133653158358,BUY
2010-12-31,96.48260498046876,0.0011939589997285172,0.010338230521688363,0.0005207100597343082,-0.009817520461954055,0.009817520461954055,BUY
2011-01-03,97.48006439208984,0.011141872143159093,-0.0005506027397710334,0.00013228423348286096,0.0006828869732538943,0.0006828869732538943,BUY
2011-01-04,97.4263916015625,0.00913940171737182,0.005197467915105225,0.00021047261515305692,-0.004986995299952168,0.004986995299952168,BUY
2011-01-05,97.9327621459961,0.013659586135269297,-0.0019585169897452515,3.397767173970241e-05,0.0019924946614849537,0.0019924946614849537,BUY
2011-01-06,97.74095916748048,0.013283950078271767,-0.0019625944776185955,4.864474248161539e-05,0.002011239220100211,0.002011239220100211,BUY
2011-01-07,97.54913330078124,0.011054099550156016,-0.0012582551486159943,0.00013571139870514345,0.0013939665473211378,0.0013939665473211378,BUY
2011-01-10,97.4263916015625,-0.0005506027397710334,0.0035436533741293186,0.0005888281489598129,-0.0029548252251695058,0.0029548252251695058,BUY
2011-01-11,97.77163696289062,0.0035436533741293186,0.00902441521439834,0.0004289639853912961,-0.008595451229007045,0.008595451229007045,BUY
2011-01-12,98.65396881103516,0.007364304337336147,-0.0016330810230755777,0.0002797829978007447,0.0019128640208763224,0.0019128640208763224,BUY
2011-01-13,98.49285888671876,0.007692780239141106,0.00724473216017496,0.00026695734062795993,-0.0069777748195470005,0.0069777748195470005,BUY
2011-01-14,99.20641326904295,0.01698918188387899,0.001701737182350227,-9.602959321024327e-05,-0.0017977667755604701,0.0017977667755604701,SELL
2011-01-18,99.37523651123048,0.02000325453536278,-0.00980575435012665,-0.0002137169556906465,0.009592037394436002,0.009592037394436002,SELL
2011-01-19,98.40078735351562,0.006434896767288478,-0.0013255966929630603,0.0003160726093117295,0.0016416693022747897,0.0016416693022747897,BUY
2011-01-20,98.27034759521484,-0.0038885532983991,0.002264277037265172,0.000719161635493901,-0.001545115401771271,0.001545115401771271,BUY
2011-01-21,98.49285888671876,0.0,0.005686905987270174,0.0005673293359878572,-0.005119576651282317,0.005119576651282317,BUY
2011-01-24,99.052978515625,-0.0015466213157192543,0.0005421675239882795,0.0006277186511934363,8.555112720515679e-05,8.555112720515679e-05,BUY
2011-01-25,99.10668182373048,-0.002702430675167733,0.003870790634506349,0.0006728483380895676,-0.0031979422964167814,0.0031979422964167814,BUY
2011-01-26,99.49030303955078,0.011072225287394932,0.002467947093312217,0.00013500366188014994,-0.0023329434314320672,0.0023329434314320672,BUY
2011-01-27,99.73583984375,0.014912863182001468,-0.017463275792009125,-1.4957734649565695e-05,0.01744831805735956,0.01744831805735956,SELL
2011-01-28,97.99412536621094,-0.005063651579871875,0.007516649816112775,0.0007650444768825135,-0.006751605339230261,0.006751605339230261,BUY
2011-01-31,98.730712890625,-0.003253467284168199,0.01600886249044886,0.0006943640919024311,-0.01531449839854643,0.01531449839854643,BUY
2011-02-01,100.311279296875,0.012154553567709891,-0.0019126102829327696,9.274311431653622e-05,0.002005353397249306,0.002005353397249306,BUY
2011-02-02,100.11942291259766,0.0063234290561642315,0.0022225349929623217,0.00032042497318639663,-0.001902110019775925,0.001902110019775925,BUY
2011-02-03,100.3419418334961,0.006077073103265995,0.00282929944064092,0.0003300441780564806,-0.002499255262584439,0.002499255262584439,BUY
2011-02-04,100.62583923339844,0.02685583301399541,0.006252222457262535,-0.00048128246607847267,-0.006733504923341007,0.006733504923341007,SELL
2011-02-07,101.25497436523438,0.025567135096105087,0.004546669708730411,-0.0004309640177438455,-0.004977633726474256,0.004977633726474256,SELL
2011-02-08,101.71534729003906,0.013997109826589638,-0.002263120541096564,2.0798734932526985e-05,0.002283919276029091,0.002283919276029091,BUY
2011-02-09,101.4851531982422,0.013641012362174632,0.00037821772620993954,3.470290255513898e-05,-0.00034351482365480056,0.00034351482365480056,BUY
2011-02-10,101.5235366821289,0.011775682501675266,0.005970214083783398,0.00010753649909437275,-0.005862677584689026,0.005862677584689026,BUY
2011-02-11,102.12965393066406,0.014944617691859285,0.002403868780244345,-1.6197619995456363e-05,-0.002420066400239801,0.002420066400239801,SELL
2011-02-14,102.37516021728516,0.011063020449841643,-0.003147516227016922,0.00013536307360606634,0.0032828793006229886,0.0032828793006229886,BUY
2011-02-15,102.0529327392578,0.0033189234290880165,0.006315656323633068,0.0004377387820071829,-0.005877917541625885,0.005877917541625885,BUY
2011-02-16,102.6974639892578,0.011945696023609065,0.002988166643166368,0.00010089815778811957,-0.002887268485378248,0.002887268485378248,BUY
2011-02-17,103.00434112548828,0.0145858240537442,0.0020852552610051145,-2.188177680346429e-06,-0.002087443438685461,0.002087443438685461,SELL
2011-02-18,103.21913146972656,0.010667592585813956,-0.020069719149882315,0.00015080293446866647,0.020220522084350982,0.020220522084350982,BUY
2011-02-22,101.14755249023438,-0.011991265502737769,-0.0061442437748217005,0.00103553981828155,0.007179783593103251,0.007179783593103251,BUY
2011-02-23,100.5260772705078,-0.014961407063637022,-0.0006866950705037844,0.0011515118491228046,0.001838206919626589,0.001838206919626589,BUY
2011-02-24,100.45704650878906,-0.02181570404409483,0.010692782453486815,0.0014191444600654642,-0.009273637993421352,0.009273637993421352,BUY
2011-02-25,101.53121185302734,-0.014301623177864431,0.006196395088360784,0.0011257499534082396,-0.005070645134952544,0.005070645134952544,BUY
2011-02-28,102.16033935546876,-0.010257711910396483,-0.016672740688077226,0.0009678515527380372,0.017640592240815264,0.017640592240815264,BUY
2011-03-01,100.45704650878906,-0.006826719623413302,0.0021386628162634036,0.000833885162529467,-0.0013047776537339366,0.0013047776537339366,BUY
2011-03-02,100.67189025878906,0.0014504991365462683,0.01722413174543047,0.0005106932036185208,-0.01671343854181195,0.01671343854181195,BUY
2011-03-03,102.40587615966795,0.019399631171800324,-0.007492544445564464,-0.00019014790152261133,0.007302396544041852,0.007302396544041852,SELL
2011-03-04,101.63859558105467,0.001057642532453773,-0.007850788479244586,0.0005260326671665854,0.008376821146411171,0.008376821146411171,BUY
2011-03-07,100.84065246582033,-0.012917800566975002,0.008749839037764273,0.001071717270043375,-0.0076781217677208986,0.0076781217677208986,BUY
2011-03-08,101.72299194335938,0.012601857993700394,-0.0014328319521524913,7.527768325112441e-05,0.0015081096354036157,0.0015081096354036157,BUY
2011-03-09,101.57723999023438,0.008993073728108314,-0.01850602812151947,0.00021618613208006438,0.018722214253599535,0.018722214253599535,BUY
2011-03-10,99.69744873046876,-0.02644796891319301,0.006926397186800992,0.0016000156923784677,-0.0053263814944225244,0.0053263814944225244,BUY
2011-03-11,100.38799285888672,-0.01230440774017405,-0.006037670461173761,0.0010477667577970741,0.0070854372189708345,0.0070854372189708345,BUY
2011-03-14,99.7818832397461,-0.010499428555691859,-0.011457562274770794,0.000977289611385502,0.012434851886156296,0.012434851886156296,BUY
2011-03-15,98.6386260986328,-0.03032122616334354,-0.018512368005536683,0.0017512507429848008,0.020263618748521485,0.020263618748521485,BUY
2011-03-16,96.81259155273438,-0.046906653872049175,0.013234726252263851,0.0023988447025020242,-0.010835881549761827,0.010835881549761827,BUY
2011-03-17,98.09387969970705,-0.016084353724005074,0.0036371382898867655,0.0011953583803601437,-0.002441779909526622,0.002441779909526622,BUY
2011-03-18,98.4506607055664,-0.019298444944940596,0.015498067478422639,0.0013208556600548152,-0.014177211818367823,0.014177211818367823,BUY
2011-03-21,99.97645568847656,0.00194997771552341,-0.0034688342912767567,0.0004911905826228585,0.003960024873899615,0.003960024873899615,BUY
2011-03-22,99.62965393066406,0.010047056322948889,0.002862009250873987,0.0001750323690392249,-0.002686976881834762,0.002686976881834762,BUY
2011-03-23,99.914794921875,0.03204338732581946,0.009563202044711172,-0.0006838355081831046,-0.010247037552894276,0.010247037552894276,SELL
2011-03-24,100.87030029296876,0.028303708669298544,0.0030559843258650687,-0.0005378161621021325,-0.0035938004879672012,0.0035938004879672012,SELL
2011-03-25,101.17855834960938,0.02770827157982425,-0.002437323909888933,-0.0005145667488709218,0.0019227571610180114,0.0019227571610180114,SELL
2011-03-28,100.93195343017578,0.009557227600431428,0.006718771507571164,0.00019415820211821403,-0.00652461330545295,0.00652461330545295,BUY
2011-03-29,101.61009216308594,0.01987799971482529,0.006901213208534207,-0.00020882626088282333,-0.007110039469417031,0.007110039469417031,SELL
2011-03-30,102.3113250732422,0.023985738580968752,-0.0013559132448183187,-0.0003692168714663739,0.0009866963733519449,0.0009866963733519449,SELL
2011-03-31,102.17259979248048,0.012910633712096775,0.004223651387432303,6.322123866669396e-05,-0.00416043014876561,0.00416043014876561,BUY
2011-04-01,102.60414123535156,0.014089772665234701,0.0008262613088567683,1.7180625370796267e-05,-0.000809080683485972,0.000809080683485972,BUY
2011-04-04,102.6889190673828,0.017407427256646457,-0.00015000398970477224,-0.00011236038562375888,3.7643604081013366e-05,3.7643604081013366e-05,SELL
2011-04-05,102.67351531982422,0.010465723769165214,0.003152116833708307,0.00015868509636238697,-0.0029934317373459204,0.0029934317373459204,BUY
2011-04-06,102.99715423583984,0.006703355294310542,-0.002543843749238439,0.0003055903881996912,0.0028494341374381304,0.0028494341374381304,BUY
2011-04-07,102.73514556884766,0.005505837940012803,-0.00345039593556995,0.0003523486038261235,0.003802744539396073,0.003802744539396073,BUY
2011-04-08,102.38066864013672,-0.002178007559190509,-0.003010602911238114,0.0006523717336810006,0.0036629746449191145,0.0036629746449191145,BUY
2011-04-11,102.07244110107422,-0.006003354323985577,-0.007474041656379882,0.0008017360733561076,0.008275777729735988,0.008275777729735988,BUY
2011-04-12,101.3095474243164,-0.013284515400676655,-7.606083209799053e-05,0.0010860360030505375,0.001162096835148528,0.001162096835148528,BUY
2011-04-13,101.30184173583984,-0.016459799424342614,0.0007610427452968693,0.0012100180184433803,0.00044897527314651095,0.00044897527314651095,BUY
2011-04-14,101.37893676757812,-0.013201020875185043,0.0036484210494629465,0.0010827758790844405,-0.002565645170378506,0.002565645170378506,BUY
2011-04-15,101.74880981445312,-0.006171661448164056,-0.01120870518474959,0.000808307786722564,0.012017012971472153,0.012017012971472153,BUY
2011-04-18,100.60833740234376,-0.014343770786089727,0.005744397333846241,0.0011273956472651714,-0.004617001686581069,0.004617001686581069,BUY
2011-04-19,101.18627166748048,-0.0012168226980583396,0.013631702233491527,0.000614841347309242,-0.013016860886182285,0.013016860886182285,BUY
2011-04-20,102.56561279296876,0.012475301884682377,0.005109316932817798,8.021918811789688e-05,-0.005029097744699901,0.005029097744699901,BUY
2011-04-21,103.08965301513672,0.016874474147234197,-0.0010467603012899174,-9.15507194262366e-05,0.0009552095818636808,0.0009552095818636808,SELL
2011-04-25,102.98174285888672,0.012117419817312403,0.008604963852854697,9.419303727746243e-05,-0.008510770815577235,0.008510770815577235,BUY
2011-04-26,103.8678970336914,0.03239850409526501,0.006528857830732759,-0.0006977013836284207,-0.00722655921436118,0.00722655921436118,SELL
2011-04-27,104.54603576660156,0.033203754261862395,0.0032432906581874033,-0.0007291431500361077,-0.003972433808223511,0.003972433808223511,SELL
2011-04-28,104.8851089477539,0.022614754512968238,0.0023508999926604712,-0.00031568548134337706,-0.0026665854740038483,0.0026665854740038483,SELL
2011-04-29,105.13168334960938,0.019808295738203974,-0.0015392799035109928,-0.00020610460214678722,0.0013331753013642055,0.0013331753013642055,SELL
2011-05-02,104.96985626220705,0.019305493848988275,-0.0035971659635070097,-0.0001864722193099538,0.0034106937441970558,0.0034106937441970558,SELL
2011-05-03,104.5922622680664,0.0069739087346694095,-0.0066306969296419105,0.0002950263691837065,0.006925723298825617,0.006925723298825617,BUY
2011-05-04,103.89874267578124,-0.006191464708096728,-0.009048174885755822,0.0008090810240328335,0.009857255909788655,0.009857255909788655,BUY
2011-05-05,102.95864868164062,-0.0183673381802264,0.004415636729347749,0.0012844997018555558,-0.0031311370274921934,0.0031311370274921934,BUY
2011-05-06,103.41327667236328,-0.016345278820768305,0.003874924979259786,0.0012055464514499005,-0.0026693785278098857,0.0026693785278098857,BUY
2011-05-09,103.81399536132812,-0.011011360232709655,0.008535906380694458,0.000997278475558612,-0.007538627905135846,0.007538627905135846,BUY
2011-05-10,104.70014190673828,0.0010314303977418948,-0.010524615257150649,0.0005270561451500053,0.011051671402300654,0.011051671402300654,BUY
2011-05-11,103.59821319580078,-0.0028925227797824693,0.004760352976049154,0.0006802706669473156,-0.004080082309101838,0.004080082309101838,BUY
2011-05-12,104.09137725830078,0.011001781697452806,-0.00769914387584103,0.00013775419952888866,0.007836898075369919,0.007836898075369919,BUY
2011-05-13,103.28996276855467,-0.001192437835610738,-0.006341211701038629,0.0006138892169269525,0.006955100917965582,0.006955100917965582,BUY
2011-05-16,102.63497924804688,-0.011357005470964188,-0.00014978548340049969,0.0010107745259686977,0.0011605600093691974,0.0011605600093691974,BUY
2011-05-17,102.6196060180664,-0.019871376015183517,0.008935615082706017,0.001343226304142233,-0.007592388778563783,0.007592388778563783,BUY
2011-05-18,103.5365753173828,-0.0005949704779317777,0.002381740841660651,0.0005905605299230882,-0.001791180311737563,0.001791180311737563,BUY
2011-05-19,103.78317260742188,-0.0029609047261820454,-0.007944678362263535,0.0006829407057431889,0.008627619068006725,0.008627619068006725,BUY
2011-05-20,102.95864868164062,-0.0032076116404111676,-0.011601114961427239,0.0006925736142356272,0.012293688575662867,0.012293688575662867,BUY
2011-05-23,101.76421356201172,-0.008484102519577652,-0.0008330060211693135,0.000898599270058923,0.0017316052912282366,0.0017316052912282366,BUY
2011-05-24,101.679443359375,-0.009161628027746338,0.00333457689343275,0.0009250539044654009,-0.0024095229889673493,0.0024095229889673493,BUY
2011-05-25,102.01850128173828,-0.014662200589414809,0.0046071690290194756,0.0011398290448709106,-0.003467339984148565,0.003467339984148565,BUY
2011-05-26,102.48851776123048,-0.012474612344803293,0.0038350005117848696,0.0010544125601107558,-0.002780587951674114,0.002780587951674114,BUY
2011-05-27,102.88156127929688,-0.0007487219707216219,0.01041113269576055,0.0005965639046774937,-0.009814568791083056,0.009814568791083056,BUY
2011-05-31,103.95267486572266,0.021505215115501963,-0.02246110815296709,-0.0002723624495672122,0.02218874570339988,0.02218874570339988,SELL
2011-06-01,101.61778259277344,-0.0006064231329790948,-0.0010617718150111033,0.0005910077098426742,0.0016527795248537775,0.0016527795248537775,BUY
2011-06-02,101.5098876953125,-0.004985503413946213,-0.009944153762345587,0.0007619931066622421,0.010706146869007829,0.010706146869007829,BUY
2011-06-03,100.50045776367188,-0.019397880279527824,-0.010581504488492821,0.001324738208227357,0.011906242696720179,0.011906242696720179,BUY
2011-06-06,99.43701171875,-0.033480727913875796,-0.0006199452975000908,0.0018746165243601466,0.002494561821860237,0.002494561821860237,BUY
2011-06-07,99.3753662109375,-0.044032620235099684,-0.004187303383070273,0.0022866252978881252,0.0064739286809583985,0.0064739286809583985,BUY
2011-06-08,98.9592514038086,-0.026162066531393746,0.0076309941717491725,0.0015888523591972797,-0.006042141812551893,0.006042141812551893,BUY
2011-06-09,99.71440887451172,-0.017687723448084336,-0.0139100413955352,0.0012579634916917925,0.015168004887226992,0.015168004887226992,BUY
2011-06-10,98.32737731933594,-0.021622592500483595,0.00078390957890484,0.001411604234311139,0.0006276946554062989,0.0006276946554062989,BUY
2011-06-13,98.40445709228516,-0.010384007007223306,0.012685542308697562,0.0009727828661330342,-0.011712759442564528,0.011712759442564528,BUY
2011-06-14,99.65277099609376,0.002791484406381217,-0.01778522040949082,0.00045833314539157145,0.018243553554882393,0.018243553554882393,BUY
2011-06-15,97.88042449951172,-0.010901728630652863,0.0022047825682653954,0.0009929978043265453,-0.0012117847639388502,0.0012117847639388502,BUY
2011-06-16,98.09622955322266,-0.01622813933867373,0.0029836667906133485,0.0012009726278284813,-0.0017826941627848672,0.0017826941627848672,BUY
2011-06-17,98.388916015625,0.0006258551582150051,0.005116457527400753,0.0005428922200381737,-0.004573565307362579,0.004573565307362579,BUY
2011-06-20,98.89231872558594,0.004957718864738503,0.013703888917262486,0.00037375043973159646,-0.01333013847753089,0.01333013847753089,BUY
2011-06-21,100.24752807617188,0.0059682944501504576,-0.006025657924978778,0.0003342915450776558,0.006359949470056434,0.006359949470056434,BUY
2011-06-22,99.64347076416016,0.018012245795452575,-0.0028752413102469676,-0.00013597610655746056,0.002739265203689507,0.002739265203689507,SELL
2011-06-23,99.35697174072266,0.01285209628588202,-0.011613450350639543,6.550688871372068e-05,0.011678957239353263,0.011678957239353263,BUY
2011-06-24,98.20309448242188,-0.0018886429562209317,0.008910960779311194,0.0006410732147478508,-0.008269887564563344,0.008269887564563344,BUY
2011-06-27,99.07817840576172,0.0018794147267546801,0.013052988228046791,0.0004939457823134956,-0.012559042445733295,0.012559042445733295,BUY
2011-06-28,100.37144470214844,0.0012361065490054113,0.00856415143761513,0.0005190643681790736,-0.008045087069436057,0.008045087069436057,BUY
2011-06-29,101.23104095458984,0.015932505945996267,0.00956208117613433,-5.477066600266436e-05,-0.009616851842136993,0.009616851842136993,SELL
2011-06-30,102.1990203857422,0.0286044209603733,0.01477608408240716,-0.0005495577624197643,-0.015325641844826923,0.015325641844826923,SELL
2011-07-01,103.70912170410156,0.056067756832909765,-0.0008215039075689656,-0.0016218900972628356,-0.0008003861896938699,0.0008003861896938699,SELL
2011-07-05,103.6239242553711,0.04588039387434906,0.0011957566505267359,-0.0012241147229256073,-0.0024198713734523434,0.0024198713734523434,SELL
2011-07-06,103.74783325195312,0.03363893545444219,0.01037560495927603,-0.0007461352178054694,-0.0111217401770815,0.0111217401770815,SELL
2011-07-07,104.82427978515624,0.03549542508585124,-0.007092237811953783,-0.0008186236391065252,0.006273614172847258,0.006273614172847258,SELL
2011-07-08,104.08084106445312,0.018413294683335968,-0.018080375403054072,-0.00015163544569696675,0.017928739957357106,0.017928739957357106,SELL
2011-07-11,102.1990203857422,-0.014560930548307205,-0.004319084941655449,0.001135874858819566,0.005454959800475015,0.005454959800475015,BUY
2011-07-12,101.7576141357422,-0.018010417314726967,0.003348435030238406,0.0012705633837465109,-0.002077871646491895,0.002077871646491895,BUY
2011-07-13,102.0983428955078,-0.015899034271294243,-0.006902136070853215,0.0011881224042813612,0.008090258475134577,0.008090258475134577,BUY
2011-07-14,101.39364624023438,-0.03272747069622761,0.005804873306491931,0.0018452048725969745,-0.003959668433894957,0.003959668433894957,BUY
2011-07-15,101.9822235107422,-0.02016334161261568,-0.00820130808571018,0.0013546263814031084,0.009555934467113288,0.009555934467113288,BUY
2011-07-18,101.14583587646484,-0.010305230963097212,0.016231328239871168,0.0009697069798051861,-0.015261621260065982,0.015261621260065982,BUY
2011-07-19,102.78756713867188,0.010121630815319138,-0.0006027060014969221,0.00017212053633637044,0.0007748265378332926,0.0007748265378332926,BUY
2011-07-20,102.72561645507812,0.0061438172430703375,0.013871266353803424,0.00032743808899265883,-0.013543828264810766,0.013543828264810766,BUY
2011-07-21,104.15055084228516,0.02719011204625965,0.0006690976580043806,-0.000494334712055461,-0.0011634323700598415,0.0011634323700598415,SELL
2011-07-22,104.2202377319336,0.02194514047789564,-0.005572475971524882,-0.00028953975800497,0.005282936213519912,0.005282936213519912,SELL
2011-07-25,103.63947296142578,0.02465387787201201,-0.0037363169492159454,-0.00039530501200727894,0.003341011937208666,0.003341011937208666,SELL
2011-07-26,103.2522430419922,0.004520740360489661,-0.020475741712514872,0.00039081268526186297,0.020866554397776734,0.020866554397776734,BUY
2011-07-27,101.13807678222656,-0.015454175186632169,-0.002909620054358797,0.0011707524539175062,0.0040803725082763035,0.0040803725082763035,BUY
2011-07-28,100.84380340576172,-0.03174968744554063,-0.0068348747019078004,0.0018070263861579643,0.008641901088065765,0.008641901088065765,BUY
2011-07-29,100.15454864501952,-0.03901055280042154,-0.004252384905926387,0.00209053384989498,0.006342918755821367,0.006342918755821367,BUY
2011-08-01,99.72865295410156,-0.03773485039604374,-0.02554722691899125,0.002040722823871031,0.027587949742862283,0.027587949742862283,BUY
2011-08-02,97.1808624267578,-0.058801440398395965,0.005418564904625667,0.002863288070469301,-0.002555276834156366,0.002555276834156366,BUY
2011-08-03,97.70744323730467,-0.033920296431074415,-0.04684138236908597,0.0018917798994344205,0.04873316226852039,0.04873316226852039,BUY
2011-08-04,93.13069152832033,-0.0764857295832686,-0.0014967854870711061,0.0035537881320666298,0.005050573619137736,0.005050573619137736,BUY
2011-08-05,92.99129486083984,-0.07152200155749877,-0.06512322420500216,0.0033599746023445336,0.0684831988073467,0.0684831988073467,BUY
2011-08-08,86.9354019165039,-0.12828059598363906,0.04649885381898433,0.005576168453152675,-0.04092268536583166,0.04092268536583166,BUY
2011-08-09,90.97779846191406,-0.06383009792199357,-0.044177594597808456,0.003059636834815806,0.04723723143262426,0.04723723143262426,BUY
2011-08-10,86.9586181640625,-0.11001029928841977,0.04488341650698735,0.004862787165300746,-0.040020629341686605,0.040020629341686605,BUY
2011-08-11,90.8616180419922,-0.02436440070498258,0.0067334967110892485,0.0015186607698779795,-0.005214835941211269,0.005214835941211269,BUY
2011-08-12,91.4734344482422,-0.01632260756094539,0.021165082488949105,0.0012046612303284543,-0.01996042125862065,0.01996042125862065,BUY
2011-08-15,93.40947723388672,0.07446995326024686,-0.008539235979775794,-0.002340421536879413,0.0061988144428963814,0.0061988144428963814,SELL
2011-08-16,92.61183166503906,0.01796079077258672,0.0006689283915450872,-0.00013396699575368807,-0.0008028953872987753,0.0008028953872987753,SELL
2011-08-17,92.6737823486328,0.06572280361893124,-0.04311876787384594,-0.001998880675214693,0.04111988719863125,0.04111988719863125,SELL
2011-08-18,88.67780303955078,-0.024034515888019525,-0.01633021677291846,0.0015057801002592163,0.017835996873177676,0.017835996873177676,BUY
2011-08-19,87.22967529296875,-0.04639335104089337,0.0007989771692820113,0.0023788023002982448,0.0015798251310162334,0.0015798251310162334,BUY
2011-08-22,87.29936981201172,-0.06541207169563734,0.03291019456145228,0.003121406520706308,-0.02978878804074597,0.02978878804074597,BUY
2011-08-23,90.1724090576172,-0.026340291122249115,0.014084685793595675,0.0015958113095784498,-0.012488874484017224,0.012488874484017224,BUY
2011-08-24,91.44245910644533,-0.013286640633219382,-0.015243944664682041,0.0010861189847970088,0.01633006364947905,0.01633006364947905,BUY
2011-08-25,90.04851531982422,0.015457219656897614,0.01453387612929391,-3.6212656208314234e-05,-0.014570088785502224,0.014570088785502224,SELL
2011-08-26,91.35726928710938,0.04731869034566194,0.02873618508849729,-0.0012802743905070623,-0.030016459479004352,0.030016459479004352,SELL
2011-08-29,93.98252868652344,0.07655449161778671,0.0026366081913691275,-0.0024218143397925504,-0.005058422531161678,0.005058422531161678,SELL
2011-08-30,94.2303237915039,0.045001733637767494,0.004438117629265381,-0.0011898065898058616,-0.005627924219071243,0.005627924219071243,SELL
2011-08-31,94.64852905273438,0.035061064385385476,-0.010473350630658018,-0.0008016636082400527,0.009671687022417965,0.009671687022417965,SELL
2011-09-01,93.65724182128906,0.04007535814052865,-0.025549530533221065,-0.0009974515254471076,0.02455207900777396,0.02455207900777396,SELL
2011-09-02,91.26434326171876,-0.0010171716614971738,-0.007297487084315879,0.0006070457807697974,0.007904532865085676,0.007904532865085676,BUY
2011-09-06,90.5983428955078,-0.03600866925280877,0.02820763381200675,0.001973322422686035,-0.026234311389320714,0.026234311389320714,BUY
2011-09-07,93.1539077758789,-0.011423244368837127,-0.010391675782926102,0.0010133608873758911,0.011405036670301993,0.011405036670301993,BUY
2011-09-08,92.18588256835938,-0.02601885638394774,-0.026209411115859726,0.0015832605813995372,0.027792671697259262,0.027792671697259262,BUY
2011-09-09,89.76974487304688,-0.041507702689558945,0.006469578372130469,0.002188037466480379,-0.00428154090565009,0.00428154090565009,BUY
2011-09-12,90.35051727294922,-0.01001295748273745,0.009171433920237337,0.0009582948809596008,-0.008213139039277737,0.008213139039277737,BUY
2011-09-13,91.17916107177734,0.006410913905339655,0.013843821894923725,0.0003170090431983179,-0.013526812851725406,0.013526812851725406,BUY
2011-09-14,92.4414291381836,-0.007648403107355151,0.017257565582355916,0.0008659685836013578,-0.01639159699875456,0.01639159699875456,BUY
2011-09-15,94.0367431640625,0.02007748414547783,0.005918583654940912,-0.00021661532213449722,-0.006135198977075409,0.006135198977075409,SELL
2011-09-16,94.5933074951172,0.0537326092314494,-0.009957225588122065,-0.001530712015645254,0.00842651357247681,0.00842651357247681,SELL
2011-09-19,93.65142059326172,0.0365344152965994,-0.0011635770327832473,-0.0008591920101063797,0.00030438502267686766,0.00030438502267686766,SELL
2011-09-20,93.54244995117188,0.02591917771138652,-0.02945844625422367,-0.00044470985988629666,0.029013736394337374,0.029013736394337374,SELL
2011-09-21,90.78683471679688,-0.017898840777476388,-0.03232449931980974,0.001266206770651185,0.03359070609046093,0.03359070609046093,BUY
2011-09-22,87.8521957397461,-0.06576735025293734,0.006025377589142122,0.003135278713313841,-0.0028900988758282812,0.0028900988758282812,BUY
2011-09-23,88.38153839111328,-0.06566816689779631,0.02378002381662503,0.0031314060039208677,-0.020648617812704162,0.020648617812704162,BUY
2011-09-26,90.4832534790039,-0.033829354580935944,0.011183726971933483,0.0018882289875223881,-0.009295497984411094,0.009295497984411094,BUY
2011-09-27,91.49519348144533,-0.021885854719383535,-0.02041883323668936,0.0014218835605801393,0.0218407167972695,0.0218407167972695,BUY
2011-09-28,89.62696838378906,-0.012775710670230311,0.007903581212344468,0.0010661692335105582,-0.00683741197883391,0.00683741197883391,BUY
2011-09-29,90.33534240722656,0.028265049570719514,-0.024988864428449165,-0.0005363066804559631,0.024452557747993202,0.024452557747993202,SELL
2011-09-30,88.07796478271484,-0.0034348079239697737,-0.028457744798305318,0.0007014447114084838,0.0291591895097138,0.0291591895097138,BUY
2011-10-03,85.57146453857422,-0.05428395588769852,0.02192292223366521,0.002686898547526537,-0.01923602368613867,0.01923602368613867,BUY
2011-10-04,87.44744110107422,-0.04424005487448879,0.018515149873350012,0.0022947247826781685,-0.01622042509067184,0.01622042509067184,BUY
2011-10-05,89.06654357910156,-0.006252859098030861,0.018091198230617778,0.0008114782269731423,-0.017279720003644635,0.017279720003644635,BUY
2011-10-06,90.67786407470705,0.00379166844728851,-0.006695902149616684,0.00041927999857660524,0.007115182148193289,0.007115182148193289,BUY
2011-10-07,90.07069396972656,0.022624605279285337,0.03344591692892607,-0.0003160701139784595,-0.03376198704290453,0.03376198704290453,SELL
2011-10-10,93.08319091796876,0.08778307605111024,0.0010032293493760225,-0.002860245206976797,-0.0038634745563528193,0.0038634745563528193,SELL
2011-10-11,93.17657470703124,0.06551516583927386,0.008771997340504045,-0.0019907732586177066,-0.010762770599121752,0.010762770599121752,SELL
2011-10-12,93.9939193725586,0.05532240946434541,-0.0019872611713128707,-0.001592787293156616,0.00039447387815625475,0.00039447387815625475,SELL
2011-10-13,93.80712890625,0.034509688372950986,0.01709366883201402,-0.000780134602094022,-0.017873803434108042,0.017873803434108042,SELL
2011-10-14,95.41063690185548,0.05928613066891342,-0.019090951035542814,-0.0017475545957774113,0.0173433964397654,0.0173433964397654,SELL
2011-10-17,93.5891571044922,0.005435634313066595,0.019545740829114422,0.00035508977188913947,-0.019190651057225283,0.019190651057225283,BUY
2011-10-18,95.41842651367188,0.02406025134203027,-0.011829114735768531,-0.0003721262938109699,0.011456988441957562,0.011456988441957562,SELL
2011-10-19,94.28971099853516,0.003146922991945411,0.004375769344142633,0.0004444547043267144,-0.003931314639815918,0.003931314639815918,BUY
2011-10-20,94.70230102539062,0.009542687528953708,0.018987224498542732,0.00019472593317859405,-0.01879249856536414,0.01879249856536414,BUY
2011-10-21,96.50043487548828,0.011422185293174625,0.012260974715984307,0.00012133913722658414,-0.012139635578757723,0.012139635578757723,BUY
2011-10-24,97.68362426757812,0.04374937535247225,-0.0194440027279853,-0.0011409070573396084,0.01830309567064569,0.01830309567064569,SELL
2011-10-25,95.78426361083984,0.0038340298675492157,0.01015847931859426,0.0004176259562233288,-0.00974085336237093,0.00974085336237093,BUY
2011-10-26,96.75728607177734,0.026170141440782668,0.03483520290019748,-0.0004545089798167132,-0.035289711880014195,0.035289711880014195,SELL
2011-10-27,100.12784576416016,0.057290527051870654,-0.00023300899263845043,-0.0016696343352520062,-0.0014366253426135558,0.0014366253426135558,SELL
2011-10-28,100.1045150756836,0.037347813041936684,-0.02410604639209557,-0.0008909519065538414,0.02321509448554173,0.02321509448554173,SELL
2011-10-31,97.69139099121094,7.950896264397045e-05,-0.027888245839036374,0.0005642248321523192,0.028452470671188692,0.028452470671188692,BUY
2011-11-01,94.96694946289062,-0.008532864555600428,0.016311377345569866,0.0009005032306040909,-0.015410874114965775,0.015410874114965775,BUY
2011-11-02,96.5159912109375,-0.0024938159247340774,0.01822727939604807,0.0006647027747299855,-0.017562576621318084,0.017562576621318084,BUY
2011-11-03,98.27521514892578,-0.018502651296403938,-0.006098999551980233,0.001289783132480262,0.007388782684460495,0.007388782684460495,BUY
2011-11-04,97.67583465576172,-0.024261447329180674,0.006216487677822791,0.001514640856406214,-0.004701846821416576,0.004701846821416576,BUY
2011-11-07,98.28303527832033,0.006056258193340991,0.012830385353256757,0.0003308569162126545,-0.012499528437044102,0.012499528437044102,BUY
2011-11-08,99.5440444946289,0.048196715358608255,-0.03690954782920186,-0.001314557720709672,0.03559499010849219,0.03559499010849219,SELL
2011-11-09,95.8699188232422,-0.006693941383073998,0.009418374959075493,0.0008287007085672743,-0.008589674250508219,0.008589674250508219,BUY
2011-11-10,96.77285766601562,-0.015287246948617605,0.01882269075918952,0.0011642345804860998,-0.01765845617870342,0.01765845617870342,BUY
2011-11-11,98.5943832397461,0.009404051546849868,-0.009474220424526503,0.0002001391082958725,0.009674359532822375,0.009674359532822375,BUY
2011-11-14,97.6602783203125,-0.006336362692139996,0.004941983643174774,0.0008147387050321236,-0.004127244938142651,0.004127244938142651,BUY
2011-11-15,98.14291381835938,-0.014075484710138864,-0.015863056822764676,0.0011169201596708924,0.016979976982435568,0.016979976982435568,BUY
2011-11-16,96.58606719970705,0.007470000864246318,-0.015877117116804174,0.0002756559753584445,0.016152773092162617,0.016152773092162617,BUY
2011-11-17,95.05255889892578,-0.01777666598445371,-0.0010644745543465506,0.001261436338476848,0.0023259108928233986,0.0023259108928233986,BUY
2011-11-18,94.95137786865234,-0.036949420964836,-0.019019535385855546,0.0020100549771196203,0.021029590362975165,0.021029590362975165,BUY
2011-11-21,93.14544677734376,-0.04622996801381929,-0.0039278354230896095,0.0023724228530341094,0.006300258276123719,0.006300258276123719,BUY
2011-11-22,92.7795867919922,-0.05464813319373718,-0.022065313762920313,0.002701118200328141,0.024766431963248455,0.024766431963248455,BUY
2011-11-23,90.7323760986328,-0.060605957678873223,-0.0018878325905945514,0.0029337471813952213,0.004821579771989773,0.004821579771989773,BUY
2011-11-25,90.56108856201172,-0.04725249260979991,0.02896708793234848,0.0024123483082858464,-0.026554739624062632,0.026554739624062632,BUY
2011-11-28,93.18437957763672,-0.01860950657777649,0.0028400515054083364,0.001293955399603832,-0.0015460961058045043,0.0015460961058045043,BUY
2011-11-29,93.44902801513672,0.003259217152274063,0.041149683746265264,0.00044007007094884124,-0.040709613675316426,0.040709613675316426,BUY
2011-11-30,97.29442596435548,0.04866198835833746,-0.00016020293940655073,-0.0013327247520002147,-0.001172521812593664,0.001172521812593664,SELL
2011-12-01,97.27883911132812,0.07215134546436697,-0.0008802769955010836,-0.00224988926786152,-0.0013696122723604364,0.0013696122723604364,SELL
2011-12-02,97.19320678710938,0.07323364074357741,0.010892585374339125,-0.0022921485268653013,-0.013184733901204428,0.013184733901204428,SELL
2011-12-05,98.25189208984376,0.0543815662579481,0.000316972913336766,-0.0015560511662374465,-0.0018730240795742125,0.0018730240795742125,SELL
2011-12-06,98.28303527832033,0.05172881265710538,0.0037221259736530676,-0.0014524718532305484,-0.005174597826883616,0.005174597826883616,SELL
2011-12-07,98.64885711669922,0.013920953219251686,-0.02193609749280423,2.377234283432953e-05,0.02195986983563856,0.02195986983563856,BUY
2011-12-08,96.4848861694336,-0.008161620236708522,0.01694196489818056,0.0008860076394959224,-0.01605595725868464,0.01605595725868464,BUY
2011-12-09,98.1195297241211,0.009530737462348782,-0.014597235318729695,0.00019519253501034046,0.014792427853740036,0.014792427853740036,BUY
2011-12-12,96.687255859375,-0.015924744014476855,-0.009339309927758221,0.0011891262659048428,0.010528436193663063,0.010528436193663063,BUY
2011-12-13,95.78426361083984,-0.025424241939663306,-0.010646028339334479,0.00156004328914013,0.012206071628474608,0.012206071628474608,BUY
2011-12-14,94.76454162597656,-0.03937516971055832,0.0036143691744723316,0.002104770667460949,-0.0015095985070113825,0.0015095985070113825,BUY
2011-12-15,95.1070556640625,-0.014280272901514679,0.0014825276563081857,0.0011249163113556525,-0.0003576113449525332,0.0003576113449525332,BUY
2011-12-16,95.24805450439452,-0.029265073200006042,-0.010691543246173718,0.0017100122358207938,0.012401555481994512,0.012401555481994512,BUY
2011-12-19,94.22970581054688,-0.025417517820574664,0.03026012082057994,0.001559780739450043,-0.028700340081129896,0.028700340081129896,BUY
2011-12-20,97.08110809326172,0.013539222765138081,0.0019366401262437272,3.867737516689818e-05,-0.001897962751076829,0.001897962751076829,BUY
2011-12-21,97.26911926269533,0.026429480834762042,0.008858633184770204,-0.00046463513561779296,-0.009323268320387997,0.009323268320387997,SELL
2011-12-22,98.13079071044922,0.031792962417711346,0.008940772880282832,-0.0006740574270475575,-0.00961483030733039,0.00961483030733039,SELL
2011-12-23,99.0081558227539,0.03947693564896815,0.0007911569809719854,-0.0009740855443231833,-0.0017652425252951687,0.0017652425252951687,SELL
2011-12-27,99.08648681640624,0.05154193111484551,-0.01312327025507043,-0.0014451748838645287,0.0116780953712059,0.0116780953712059,SELL
2011-12-28,97.78614807128906,0.007262380826453363,0.010334066576755063,0.00028376269920728925,-0.010050303877547774,0.010050303877547774,BUY
2011-12-29,98.7966766357422,0.015704443348781627,-0.004916105498615653,-4.586574278078758e-05,0.004870239755834865,0.004870239755834865,SELL
2011-12-30,98.31098175048828,0.0018362334465513719,0.0159360481372659,0.0004956318368859203,-0.015440416300379982,0.015440416300379982,BUY
2012-01-03,99.87767028808594,0.008782250897478194,0.0015689969862118236,0.00022441791205235446,-0.0013445790741594692,0.0013445790741594692,BUY
2012-01-04,100.0343780517578,0.009566301781471775,0.002662201242157325,0.00019380389200137515,-0.0024683973501559496,0.0024683973501559496,BUY
2012-01-05,100.30068969726562,0.025714701678845042,-0.002577165888823729,-0.0004367258967431331,0.002140439992080596,0.002140439992080596,SELL
2012-01-06,100.04219818115234,0.012606917437135268,0.0024274119556026985,7.508013242129425e-05,-0.002352331823181404,0.002352331823181404,BUY
2012-01-09,100.28504180908205,0.02007975124898964,0.008670582456119957,-0.00021670384336926034,-0.008887286299489218,0.008887286299489218,SELL
2012-01-10,101.15457153320312,0.012784651878984699,0.000541764352192331,6.81403203789771e-05,-0.0004736240318133539,0.0004736240318133539,BUY
2012-01-11,101.2093734741211,0.011745916206480134,0.002399644497111497,0.00010869875268855993,-0.0022909457444229373,0.0022909457444229373,BUY
2012-01-12,101.45223999023438,0.011480980803266982,-0.0051735853858170255,0.00011904341004659959,0.005292628795863625,0.005292628795863625,BUY
2012-01-13,100.9273681640625,0.008847966148318065,0.0038807893594194898,0.00022185199694666673,-0.003658937362472823,0.003658937362472823,BUY
2012-01-17,101.3190460205078,0.010310652444003088,0.011056476273880733,0.00016474000523981143,-0.010891736268640921,0.010891736268640921,BUY
2012-01-18,102.43927764892578,0.012700425657983905,0.005276116542280995,7.142901409921477e-05,-0.005204687528181781,0.005204687528181781,BUY
2012-01-19,102.9797592163086,0.017492310063950578,0.0037272842914786164,-0.00011567471638703245,-0.003842959007865649,0.003842959007865649,SELL
2012-01-20,103.36359405517578,0.018839939513660697,-0.0025766764026146083,-0.0001682942030006762,0.002408382199613932,0.002408382199613932,SELL
2012-01-23,103.09725952148438,0.021499533742865617,-0.0011397034772907544,-0.00027214061491418525,0.0008675628623765691,0.0008675628623765691,SELL
2012-01-24,102.9797592163086,0.01639092807352971,0.008367534679635469,-7.267019840627334e-05,-0.008440204878041742,0.008440204878041742,SELL
2012-01-25,103.84144592285156,0.013687799310057702,-0.005129711860648478,3.287606122397331e-05,0.005162587921872451,0.005162587921872451,BUY
2012-01-26,103.30876922607422,0.003194899777096305,-0.00045462309817667634,0.0004425814046562775,0.0008972045028329538,0.0008972045028329538,BUY
2012-01-27,103.26180267333984,-0.000984789497369798,-0.003413957765396325,0.0006057813880599261,0.004019739153456251,0.004019739153456251,BUY
2012-01-30,102.90927124023438,-0.001823407160602808,-0.00038039744007589693,0.0006385260204319381,0.0010189234605078351,0.0010189234605078351,BUY
2012-01-31,102.87012481689452,-0.001064620856063514,0.008756846292324427,0.000608898480158972,-0.008147947812165456,0.008147947812165456,BUY
2012-02-01,103.77094268798828,-0.0006789508200383265,0.0015857115391613164,0.0005938396230656693,-0.000991871916095647,0.000991871916095647,BUY
2012-02-02,103.93549346923828,0.006066515435805719,0.014018317360018129,0.0003304564123258614,-0.013687860947692268,0.013687860947692268,BUY
2012-02-03,105.39249420166016,0.02063387887058865,-0.0006687416140357394,-0.00023834028873875813,0.00043040132529698126,0.00043040132529698126,SELL
2012-02-06,105.32201385498048,0.02344533768112811,0.0025285468418263513,-0.00034811639913602933,-0.0028766632409623805,0.0028766632409623805,SELL
2012-02-07,105.58832550048828,0.02642361607349142,0.0029677724321957033,-0.000464406140379348,-0.0034321785725750513,0.0034321785725750513,SELL
2012-02-08,105.90168762207033,0.020533155803437397,0.0012573531710757813,-0.00023440745981105062,-0.0014917606308868319,0.0014917606308868319,SELL
2012-02-09,106.03484344482422,0.020198585733441243,-0.0073876478527901135,-0.000221343849986202,0.007166304002803912,0.007166304002803912,SELL
2012-02-10,105.25149536132812,-0.0013378451795840185,0.007442631392616805,0.000619566786374083,-0.006823064606242722,0.006823064606242722,BUY
2012-02-13,106.03484344482422,0.006768096846545779,-0.0012557742193789467,0.000303062492091513,0.0015588367114704597,0.0015588367114704597,BUY
2012-02-14,105.90168762207033,0.0029677724321957033,-0.004660268259357503,0.00045144981005299867,0.005111718069410501,0.005111718069410501,BUY
2012-02-15,105.4081573486328,-0.004660268259357503,0.01107291240381314,0.000749293987578099,-0.010323618416235041,0.010323618416235041,BUY
2012-02-16,106.57533264160156,0.005097279151061285,0.002646280253148392,0.0003683011742680541,-0.002277979078880338,0.002277979078880338,BUY
2012-02-17,106.85736083984376,0.015257412476684662,0.0004400968498659008,-2.84109928899689e-05,-0.0004685078427558697,0.0004685078427558697,SELL
2012-02-21,106.90438842773438,0.008200558935729685,-0.0032240540581431887,0.0002471306335657303,0.003471184691708919,0.003471184691708919,BUY
2012-02-22,106.55972290039062,0.006213642984317813,0.004410325599004894,0.0003247116758398076,-0.004085613923165086,0.004085613923165086,BUY
2012-02-23,107.0296859741211,0.015383331482829776,0.0021960146400976654,-3.332762146296528e-05,-0.002229342261560631,0.002229342261560631,SELL
2012-02-24,107.26472473144533,0.006468589614091025,0.001679658921481808,0.00031475703973755356,-0.0013649018817442544,0.0013649018817442544,BUY
2012-02-27,107.44489288330078,0.005498283308134511,0.0029161365068295364,0.00035264358168600647,-0.00256349292514353,0.00256349292514353,BUY
2012-02-28,107.75821685791016,0.0079868417258937,-0.003925493226641041,0.0002554754273549198,0.004180968653995961,0.004180968653995961,BUY
2012-02-29,107.33521270751952,0.00727751336078275,0.005181595009781104,0.0002831718348656507,-0.004898423174915453,0.004898423174915453,BUY
2012-03-01,107.8913803100586,0.008050984435718611,-0.003049455932625289,0.0002529709136239972,0.003302426846249286,0.003302426846249286,BUY
2012-03-02,107.56237030029295,0.0027748690876039372,-0.004077976141289685,0.00045898190647657936,0.004536958047766265,0.004536958047766265,BUY
2012-03-05,107.1237335205078,-0.002989061221754019,-0.014625392833889306,0.0006840401031644572,0.015309432937053762,0.015309432937053762,BUY
2012-03-06,105.5570068359375,-0.020427305556430686,0.00697593333356461,0.001364933107195607,-0.005611000226369003,0.005611000226369003,BUY
2012-03-07,106.29336547851562,-0.009706481244350362,0.009949049977017177,0.0009463282217813836,-0.009002721755235794,0.009002721755235794,BUY
2012-03-08,107.35088348388672,-0.005009638625612101,0.0038675417241293975,0.0007629354891899049,-0.0031046062349394925,0.0031046062349394925,BUY
2012-03-09,107.7660675048828,0.0018937589792895615,7.256578601788632e-05,0.0004933856971918739,0.0004208199111739876,0.0004208199111739876,BUY
2012-03-12,107.77388763427734,0.006069188333928555,0.018025873878205534,0.00033035204645063924,-0.017695521831754893,0.017695521831754893,BUY
2012-03-13,109.71660614013672,0.03940618845572508,-0.0010708741357818852,-0.000971323152191869,9.955098359001619e-05,9.955098359001619e-05,SELL
2012-03-14,109.59911346435548,0.031100228795634788,0.005789615655699576,-0.0006470089772221852,-0.006436624632921761,0.006436624632921761,SELL
2012-03-15,110.23365020751952,0.026853684199678707,0.001384637691892232,-0.00048119856355898004,-0.001865836255451212,0.001865836255451212,SELL
2012-03-16,110.38628387451172,0.024313927661044232,0.0039199502424258625,-0.000382031329409164,-0.004301981571835026,0.004301981571835026,SELL
2012-03-19,110.8189926147461,0.02825457118891439,-0.0029105144848629028,-0.0005358975419711622,0.0023746169428917408,0.0023746169428917408,SELL
2012-03-20,110.49645233154295,0.0071078227703305075,-0.0016381284777431393,0.0002897975670019466,0.0019279260447450858,0.0019279260447450858,BUY
2012-03-21,110.31544494628906,0.006535924053496567,-0.007203408527099331,0.00031212790185866613,0.007515536428957997,0.007515536428957997,BUY
2012-03-22,109.5207977294922,-0.006466741114762531,0.0032327860949863396,0.0008198294558059138,-0.0024129566391804256,0.0024129566391804256,BUY
2012-03-23,109.8748550415039,-0.004633083160850093,0.014034979787198587,0.0007482325192884969,-0.01328674726791009,0.01328674726791009,BUY
2012-03-26,111.4169464111328,0.005395770005466982,-0.0031073755437169837,0.0003566463120794353,0.003464021855796419,0.003464021855796419,BUY
2012-03-27,111.07073211669922,0.0051972689895340984,-0.004957940380662218,0.00036439697495855374,0.0053223373556207714,0.0053223373556207714,BUY
2012-03-28,110.52005004882812,0.0018547276189537776,-0.0017087433705340604,0.0004949097141559903,0.002203653084690051,0.002203653084690051,BUY
2012-03-29,110.3311996459961,0.007399525325824552,0.0041360646540766766,0.0002784077604662656,-0.003857656893610411,0.003857656893610411,BUY
2012-03-30,110.78753662109376,0.008306555483009292,0.00731457521528589,0.00024299189653985756,-0.007071583318746032,0.007071583318746032,BUY
2012-04-02,111.597900390625,0.0016241154090193,-0.004088912831843872,0.0005039141894560813,0.004592827021299953,0.004592827021299953,BUY
2012-04-03,111.14158630371094,0.0006379195100405521,-0.00991072623742495,0.0005424211558301875,0.010453147393255136,0.010453147393255136,BUY
2012-04-04,110.04009246826172,-0.004342719536901796,-0.0005007912612861043,0.0007368949926214127,0.001237686253907517,0.001237686253907517,BUY
2012-04-05,109.9849853515625,-0.003137954590763492,-0.011230892000750226,0.0006898537878083625,0.011920745788558588,0.011920745788558588,BUY
2012-04-09,108.749755859375,-0.01839359213020697,-0.016784986271969782,0.0012855248125563162,0.0180705110845261,0.0180705110845261,BUY
2012-04-10,106.92439270019533,-0.04187809693615241,0.008094232423252024,0.0022024998656989384,-0.0058917325575530855,0.0058917325575530855,BUY
2012-04-11,107.78986358642578,-0.030157233028203057,0.013065894369097775,0.001744847473465045,-0.011321046895632729,0.011321046895632729,BUY
2012-04-12,109.19823455810548,-0.007650465310169108,-0.01188870322020863,0.0008660491042915127,0.012754752324500143,0.012754752324500143,BUY
2012-04-13,107.90000915527344,-0.018956916615704644,-0.0006560288828064698,0.001307520358312725,0.0019635492411191947,0.0019635492411191947,BUY
2012-04-16,107.8292236328125,-0.00846468315526927,0.0148120847422899,0.0008978410223221358,-0.013914243719967764,0.013914243719967764,BUY
2012-04-17,109.42639923095705,0.023399773125455825,-0.003379341056034324,-0.00034633728728316053,0.0030330037687511637,0.0030330037687511637,SELL
2012-04-18,109.05661010742188,0.011752000409392949,-0.006421035340879344,0.00010846118914036463,0.006529496530019709,0.006529496530019709,BUY
2012-04-19,108.35635375976562,-0.007709655762720979,0.0016699895595726488,0.0008683602523792743,-0.0008016293071933746,0.0008016293071933746,BUY
2012-04-20,108.5373077392578,0.00590638118544784,-0.008408568920924786,0.0003367090079818148,0.0087452779289066,0.0087452779289066,BUY
2012-04-23,107.62466430664062,-0.0018970675970778617,0.003801063050009157,0.0006414021629441754,-0.0031596608870649813,0.0031596608870649813,BUY
2012-04-24,108.03375244140624,-0.012726789872811839,0.01369175576616155,0.0010642590739741637,-0.012627496692187387,0.012627496692187387,BUY
2012-04-25,109.51292419433594,0.0041841946715983624,0.006969099652377464,0.00040395343502457,-0.006565146217352894,0.006565146217352894,BUY
2012-04-26,110.27613067626952,0.017717252841122688,0.001640778648956287,-0.00012445782323794734,-0.0017652364721942343,0.0017652364721942343,SELL
2012-04-27,110.45706939697266,0.01768757395684406,-0.003703593957353535,-0.00012329898268697616,0.0035802949746665588,0.0035802949746665588,SELL
2012-04-30,110.04798126220705,0.02251637179245436,0.006219821135425629,-0.00031184403349863944,-0.0065316651689242685,0.0065316651689242685,SELL
2012-05-01,110.73246002197266,0.02498022626799079,-0.0029842375511792696,-0.0004080475986710561,0.0025761899525082134,0.0025761899525082134,SELL
2012-05-02,110.40200805664062,0.008118529103715355,-0.0076255240621473375,0.0002503335671677868,0.007875857629315124,0.007875857629315124,BUY
2012-05-03,109.56013488769533,-0.006492754000193335,-0.01615798760273679,0.0008208451539097235,0.016978832756646512,0.016978832756646512,BUY
2012-05-04,107.78986358642578,-0.024146990546717984,0.0007298860374118643,0.0015101717813693542,0.0007802857439574899,0.0007802857439574899,BUY
2012-05-07,107.86853790283205,-0.019804482866270123,-0.004011869679659386,0.001340614396874586,0.005352484076533971,0.005352484076533971,BUY
2012-05-08,107.43578338623048,-0.029771546979882935,-0.005931476343652542,0.0017297879911563026,0.007661264334808845,0.007661264334808845,BUY
2012-05-09,106.79853057861328,-0.03263960086829776,0.0020625366071314044,0.0018417739107435566,-0.00022076269638784778,0.00022076269638784778,BUY
2012-05-10,107.01880645751952,-0.023195740246037433,-0.0030139367394802496,0.0014730292994551667,0.004486966038935416,0.004486966038935416,BUY
2012-05-11,106.69625854492188,-0.010145713197113881,-0.011061293859115917,0.0009634784553739311,0.012024772314489849,0.012024772314489849,BUY
2012-05-14,105.51605987548828,-0.02180875047609221,-0.005741709755339164,0.0014188729513220856,0.007160582706661249,0.007160582706661249,BUY
2012-05-15,104.91021728515624,-0.023507680788204977,-0.003824652427292685,0.0014852093176243811,0.005309861744917066,0.005309861744917066,BUY
2012-05-16,104.50897216796876,-0.021438107792683514,-0.014831072695682956,0.001404400851649387,0.016235473547332343,0.016235473547332343,BUY
2012-05-17,102.95899200439452,-0.03793552355432517,-0.00855869945115384,0.0020485583001350577,0.010607257751288898,0.010607257751288898,BUY
2012-05-18,102.07779693603516,-0.04328606899502696,0.017187884098565087,0.0022574754874622282,-0.014930408611102858,0.014930408611102858,BUY
2012-05-21,103.8322982788086,-0.015957396425402615,0.0017433401518514025,0.0011904012106605994,-0.000552938941190803,0.000552938941190803,BUY
2012-05-22,104.01331329345705,-0.008549253017571368,0.0005295882495368609,0.00090114313384714,0.00037155488431027915,0.00037155488431027915,BUY
2012-05-23,104.06839752197266,-0.004215663371829992,0.001965110689505556,0.0007319339625855858,-0.00123317672691997,0.00123317672691997,BUY
2012-05-24,104.2729034423828,0.012761502540081127,-0.0032443230383152333,6.904420855744723e-05,0.0033133672468726805,0.0033133672468726805,BUY
2012-05-25,103.93460845947266,0.018190160634060648,0.01211223704879072,-0.000142922962364537,-0.012255160011155257,0.012255160011155257,SELL
2012-05-29,105.19348907470705,0.01310951234309976,-0.01451023689503328,5.545583144436555e-05,0.014565692726477645,0.014565692726477645,BUY
2012-05-30,103.66710662841795,-0.0033284841533922638,-0.0022011568419003646,0.0006972931976345611,0.002898450039534926,0.002898450039534926,BUY
2012-05-31,103.4389190673828,-0.006048699409030078,-0.02517645371946442,0.0008035066157674557,0.025979960335231877,0.025979960335231877,BUY
2012-06-01,100.8346939086914,-0.03297318306276198,-0.00046827456824194424,0.0018547989480191488,0.002323073516261093,0.002323073516261093,BUY
2012-06-04,100.7874755859375,-0.030279931970517038,0.007571979565215825,0.0017496383715520432,-0.005822341193663782,0.005822341193663782,BUY
2012-06-05,101.5506362915039,-0.03463002145138505,0.022468219507311815,0.0019194917947285138,-0.0205487277125833,0.0205487277125833,BUY
2012-06-06,103.8322982788086,0.0015934818262339778,0.0006064143249273624,0.0005051103071274835,-0.00010130401779987884,0.00010130401779987884,BUY
2012-06-07,103.895263671875,0.004411730213411458,0.007951601438122013,0.0003950690911872208,-0.007556532346934793,0.007556532346934793,BUY
2012-06-08,104.72139739990234,0.03854529964389486,-0.012697177183547903,-0.0009377089214256298,0.011759468262122274,0.011759468262122274,SELL
2012-06-11,103.39173126220705,0.025839080313595053,0.011490757548040964,-0.00044158238003507897,-0.011932339928076043,0.011932339928076043,SELL
2012-06-12,104.57978057861328,0.02982890504412139,-0.006394756264845314,-0.0005973689199061654,0.005797387344939149,0.005797387344939149,SELL
2012-06-13,103.91101837158205,0.0007581464927421955,0.010600136198519294,0.0005377267777812151,-0.01006240942073808,0.01006240942073808,BUY
2012-06-14,105.01248931884766,0.010753383816427986,0.010227258444499121,0.00014745313344447988,-0.010079805311054641,0.010079805311054641,BUY
2012-06-15,106.08647918701172,0.013035366419877903,0.0019385878441855464,5.835093025306857e-05,-0.0018802369139324778,0.0018802369139324778,BUY
2012-06-18,106.2921371459961,0.028052590360765572,0.009672390523547847,-0.0005280110064808049,-0.010200401530028652,0.010200401530028652,SELL
2012-06-19,107.32023620605467,0.026204449964220222,-0.0016207806846789685,-0.00045584858907662105,0.0011649320956023475,0.0011649320956023475,SELL
2012-06-20,107.14629364013672,0.03113505496583091,-0.02243909962482593,-0.0006483687984971162,0.021790730826328816,0.021790730826328816,SELL
2012-06-21,104.74202728271484,-0.0025755225677167592,0.0077015768445583,0.0006678930891057941,-0.007033683755452506,0.007033683755452506,BUY
2012-06-22,105.5487060546875,-0.005069195777307467,-0.01603450220029956,0.0007652609553980344,0.016799763155697596,0.016799763155697596,BUY
2012-06-25,103.85628509521484,-0.022916577991422993,0.005025766105367646,0.0014621291410155607,-0.0035636369643520854,0.0035636369643520854,BUY
2012-06-26,104.37824249267578,-0.02741322435901339,0.009016768796873409,0.0016377050186402362,-0.007379063778233172,0.007379063778233172,BUY
2012-06-27,105.31939697265624,-0.017050488686209953,-0.0028539401571552325,0.0012330820481841502,0.004087022205339383,0.004087022205339383,BUY
2012-06-28,105.0188217163086,0.0026426300958128923,0.024926576606061124,0.0004641453049611163,-0.024462431301100006,0.024462431301100006,BUY
2012-06-29,107.63658142089844,0.01978115548976178,0.003012444870486908,-0.0002050448850710717,-0.0032174897555579795,0.0032174897555579795,SELL
2012-07-02,107.96083068847656,0.03952139814647415,0.006593411097531865,-0.0009758216252561353,-0.007569232722788,0.007569232722788,SELL
2012-07-03,108.67266082763672,0.04114284962464554,-0.004512233726293391,-0.0010391327560485537,0.0034731009702448374,0.0034731009702448374,SELL
2012-07-05,108.18230438232422,0.02718309724476753,-0.009503676072597167,-0.0004940608123916539,0.009009615260205514,0.009009615260205514,SELL
2012-07-06,107.1541748046875,0.020333051290055693,-0.0012546180424626296,-0.00022659418683346525,0.0010280238556291644,0.0010280238556291644,SELL
2012-07-09,107.01973724365234,-0.005730804240558385,-0.008720429340205449,0.0007910940934932235,0.009511523433698672,0.009511523433698672,BUY
2012-07-10,106.08647918701172,-0.017361403108070994,0.00014958683469012968,0.001245222000500141,0.0010956351658100113,0.0010956351658100113,BUY
2012-07-11,106.10234832763672,-0.02365187785432732,-0.004845313314897237,0.0014908396306100341,0.006336152945507271,0.006336152945507271,BUY
2012-07-12,105.58824920654295,-0.023978553522151613,0.01677779292747239,0.0015035949959174492,-0.01527419793155494,0.01527419793155494,BUY
2012-07-13,107.35978698730467,0.0019188443473336925,-0.0023572573409260666,0.0004924062148955495,0.0028496635558216163,0.0028496635558216163,BUY
2012-07-16,107.1067123413086,0.0008127014688723566,0.006867235698826857,0.0005355966263239238,-0.006331639072502933,0.006331639072502933,BUY
2012-07-17,107.8422393798828,0.016550273006760596,0.0074065988081581935,-7.889197441665824e-05,-0.007485490782574851,0.007485490782574851,SELL
2012-07-18,108.64098358154295,0.02392628715499412,0.0026205440796147617,-0.00036689553342058754,-0.002987439613035349,0.002987439613035349,SELL
2012-07-19,108.9256820678711,0.03160799507907108,-0.009148281931346425,-0.0006668351996009577,0.008481446731745466,0.008481446731745466,SELL
2012-07-20,107.92919921875,0.00530377571923335,-0.010112044707042744,0.00036023831736994264,0.010472283024412688,0.010472283024412688,BUY
2012-07-23,106.83781433105467,-0.0025105617040792616,-0.008587029221235887,0.0006653566297732087,0.009252385851009095,0.009252385851009095,BUY
2012-07-24,105.92039489746094,-0.017820888118356026,0.0002242999055404038,0.0012631630341819618,0.001038863128641558,0.001038863128641558,BUY
2012-07-25,105.94415283203124,-0.02482332781429164,0.016497540887746354,0.0015365800197801843,-0.01496096086796617,0.01496096086796617,BUY
2012-07-26,107.69197082519533,-0.011326174133176825,0.018433198005979534,0.0010095706867632457,-0.01742362731921629,0.01742362731921629,BUY
2012-07-27,109.67707824707033,0.016194681707752956,0.0,-6.500757050868073e-05,-6.500757050868073e-05,6.500757050868073e-05,SELL
2012-07-30,109.67707824707033,0.02657545864068056,-0.006995050082800214,-0.00047033497929965286,0.006524715103500561,0.006524715103500561,SELL
2012-07-31,108.90988159179688,0.02822390057391666,-0.0008715914972123873,-0.0005346999783414476,0.0003368915188709397,0.0003368915188709397,SELL
2012-08-01,108.81495666503906,0.027097331530502977,-0.0069042139178890904,-0.0004907120076778479,0.006413501910211243,0.006413501910211243,SELL
2012-08-02,108.0636749267578,0.0034515488825608287,0.01983306836809251,0.000432560293754984,-0.019400508074337526,0.019400508074337526,BUY
2012-08-03,110.2069091796875,0.004830826468805283,0.001937550882517458,0.0003787050752440643,-0.0015588458072733939,0.0015588458072733939,BUY
2012-08-06,110.42044067382812,0.006777737323410582,0.0050136018530468895,0.0003026860704101333,-0.004710915782636756,0.004710915782636756,BUY
2012-08-07,110.97404479980467,0.018952946948785243,0.0012115699672547997,-0.00017270668687824158,-0.0013842766541330414,0.0013842766541330414,SELL
2012-08-08,111.1084976196289,0.021077442153930814,0.0008540011053879137,-0.0002556596432951218,-0.0011096607486830354,0.0011096607486830354,SELL
2012-08-09,111.20338439941406,0.029054254121787526,0.001635879017402475,-0.0005671219303893054,-0.0022030009477917805,0.0022030009477917805,SELL
2012-08-10,111.3852996826172,0.010692528369599552,-0.0004969350307623133,0.00014982929283343126,0.0006467643235957446,0.0006467643235957446,BUY
2012-08-13,111.32994842529295,0.008236769803803279,0.00014185622919149488,0.00024571674543180986,0.00010386051624031498,0.00010386051624031498,BUY
2012-08-14,111.34574127197266,0.003349400058711982,0.0011362648276118659,0.0004365487927227604,-0.0006997160348891055,0.0006997160348891055,BUY
2012-08-15,111.47225952148438,0.003273934124289779,0.007378741831778557,0.00043949543263699603,-0.0069392463991415606,0.0069392463991415606,BUY
2012-08-16,112.29478454589844,0.009814450813514286,0.001337957654146349,0.00018411467463338256,-0.0011538429795129664,0.0011538429795129664,BUY
2012-08-17,112.44503021240234,0.009514096858425303,7.042829290426766e-05,0.00019584228337817466,0.000125413990473907,0.000125413990473907,BUY
2012-08-20,112.45294952392578,0.010087142898358659,-0.0030242683012298155,0.00017346715018873527,0.0031977354514185507,0.0031977354514185507,BUY
2012-08-21,112.11286163330078,0.0068895348179895954,0.00042361759627862483,0.00029832082982363177,-0.00012529676645499306,0.00012529676645499306,BUY
2012-08-22,112.1603546142578,0.006172792188183784,-0.008178989818572235,0.00032630673442270934,0.008505296552994944,0.008505296552994944,BUY
2012-08-23,111.24299621582033,-0.00936631504598695,0.006042517983529283,0.000933046105747894,-0.005109471877781389,0.005109471877781389,BUY
2012-08-24,111.9151840209961,-0.004712046325261343,0.00021153529288775452,0.0007513157119076568,0.0005397804190199022,0.0005397804190199022,BUY
2012-08-27,111.93885803222656,-0.0045716141183992365,-0.0009886144063031566,0.0007458324014689493,0.0017344468077721059,0.0017344468077721059,BUY
2012-08-28,111.82819366455078,-0.0025391196389321635,0.0007778928872468338,0.0006664717017768881,-0.00011142118546994572,0.00011142118546994572,BUY
2012-08-29,111.9151840209961,-0.0021858935281089398,-0.0072080156810164775,0.0006526796489139515,0.00786069532993043,0.00786069532993043,BUY
2012-08-30,111.1084976196289,-0.0012090522618654065,0.0047691398869191826,0.0006145379431625575,-0.004154601943756625,0.004154601943756625,BUY
2012-08-31,111.63838958740234,-0.0024732518291872285,-0.0009212264585806151,0.0006638998298621795,0.0015851262884427947,0.0015851262884427947,BUY
2012-09-04,111.5355453491211,-0.0036029729996830406,-0.0008503892863536144,0.0007080108783561415,0.001558400164709756,0.001558400164709756,BUY
2012-09-05,111.4406967163086,-0.003465109607372896,0.02029608903551794,0.0007026278697496321,-0.01959346116576831,0.01959346116576831,BUY
2012-09-06,113.70250701904295,0.015970335157663218,0.0038954010929856953,-5.624774391702872e-05,-0.003951648836902724,0.003951648836902724,SELL
2012-09-07,114.14542388916016,0.027332979336359253,-0.005681804130384771,-0.0004999131026587093,0.005181891027726062,0.005181891027726062,SELL
2012-09-10,113.4968719482422,0.016647341185308306,0.0027874609898639324,-8.268209470736634e-05,-0.0028701430845712987,0.0028701430845712987,SELL
2012-09-11,113.81324005126952,0.020421245039139224,0.0033353602280885575,-0.00023003779649953939,-0.0035653980245880968,0.0035653980245880968,SELL
2012-09-12,114.1928482055664,0.02469610806780831,0.015236627930477198,-0.00039695393057526725,-0.015633581861052466,0.015633581861052466,SELL
2012-09-13,115.9327621459961,0.019614828075687152,0.004434196115057132,-0.00019855047138764813,-0.00463274658644478,0.00463274658644478,SELL
2012-09-14,116.44683074951172,0.020162059782495634,-0.0033956807344650564,-0.0002199176591388244,0.003175763075326232,0.003175763075326232,SELL
2012-09-17,116.0514144897461,0.022507603052433378,-0.000818021534418456,-0.0003115016496198574,0.0005065198847985986,0.0005065198847985986,SELL
2012-09-18,115.95648193359376,0.018831217539881928,0.000545640638561995,-0.00016795364515475263,-0.0007135942837167476,0.0007135942837167476,SELL
2012-09-19,116.0197525024414,0.015998412558956954,6.845558222390302e-05,-5.7344053026212516e-05,-0.00012579963525011554,0.00012579963525011554,SELL
2012-09-20,116.02769470214844,0.0008188587453199503,-0.0004181356869044084,0.0005353562095493569,0.0009534918964537653,0.0009534918964537653,BUY
2012-09-21,115.97917938232422,-0.0040160076850306314,-0.0015082600061848694,0.0007241382144731231,0.0022323982206579928,0.0022323982206579928,BUY
2012-09-24,115.80425262451172,-0.0021297617639655098,-0.010642219242168127,0.0006504879302537659,0.011292707172421894,0.011292707172421894,BUY
2012-09-25,114.57183837890624,-0.011941062126052504,-0.0056207698393037075,0.0010335795792054312,0.006654349418509139,0.006654349418509139,BUY
2012-09-26,113.9278564453125,-0.018030516459556223,0.009420902456560132,0.0012713481741668418,-0.00814955428239329,0.00814955428239329,BUY
2012-09-27,115.00115966796876,-0.008847327673059957,-0.004631592858215794,0.0009127817451491727,0.005544374603364967,0.005544374603364967,BUY
2012-09-28,114.46852111816406,-0.0130252539482133,0.002639230084370281,0.0010759128905508339,-0.001563317193819447,0.001563317193819447,BUY
2012-10-01,114.7706298828125,-0.008925602629211493,0.001038873602559498,0.0009158380660156285,-0.00012303553654386952,0.00012303553654386952,BUY
2012-10-02,114.88986206054688,0.0027757578663343274,0.004083580386383012,0.00045894720325714736,-0.0036246331831258647,0.0036246331831258647,BUY
2012-10-03,115.35902404785156,0.012562051522720052,0.0071680937291216384,7.683196515505361e-05,-0.007091261763966585,0.007091261763966585,BUY
2012-10-04,116.18592834472656,0.010302232431207203,6.822634230219116e-05,0.000165068772729046,9.684243042685484e-05,9.684243042685484e-05,BUY
2012-10-05,116.19385528564452,0.015072564497442986,-0.0034213931525255425,-2.119342594576279e-05,0.00340019972657978,0.00340019972657978,SELL
2012-10-08,115.79631042480467,0.008936785857492024,-0.009887562333414479,0.00021838394606746384,0.010105946279481942,0.010105946279481942,BUY
2012-10-09,114.6513671875,-0.0020758565531324713,-0.006380000936943686,0.0006483831495067698,0.007028384086450456,0.007028384086450456,BUY
2012-10-10,113.91989135742188,-0.012475250222581002,0.0005583420195465205,0.0010544374666614344,0.0004960954471149139,0.0004960954471149139,BUY
2012-10-11,113.9834976196289,-0.018956088370383317,-0.0032783703128070885,0.001307488018678408,0.004585858331485497,0.004585858331485497,BUY
2012-10-12,113.6098175048828,-0.022239022660959673,0.008328147897538107,0.0014356733421689366,-0.006892474555369171,0.006892474555369171,BUY
2012-10-15,114.55597686767578,-0.01071133918324918,0.010133145468879112,0.0009855638654339275,-0.009147581603445185,0.009147581603445185,BUY
2012-10-16,115.71678924560548,0.00929271132339049,0.004534776321399647,0.0002044864942921796,-0.004330289827107468,0.004330289827107468,BUY
2012-10-17,116.24153900146484,0.02037965114238771,-0.0025992367687316387,-0.00022841372283908601,0.0023708230458925525,0.0023708230458925525,SELL
2012-10-18,115.93939971923828,0.01715951993451159,-0.01666420007516245,-0.0001026806060513357,0.016561519469111115,0.016561519469111115,SELL
2012-10-19,114.00736236572266,0.0034992122122083913,0.00013946167925649178,0.00043069923325583044,0.00029123755399933866,0.00029123755399933866,BUY
2012-10-22,114.02326202392578,-0.004650257963976334,-0.013876241807015965,0.0007489031259774407,0.014625144932993406,0.014625144932993406,BUY
2012-10-23,112.44104766845705,-0.02830826536498321,-0.002828562846212912,0.0016726527546387499,0.004501215600851662,0.004501215600851662,BUY
2012-10-24,112.1230010986328,-0.03543086179184318,0.002907421013860434,0.0019507613752378053,-0.0009566596386226286,0.0009566596386226286,BUY
2012-10-25,112.44898986816406,-0.030105467679897302,-0.0005656454742865025,0.001742826245706323,0.002308471719992825,0.002308471719992825,BUY
2012-10-26,112.38538360595705,-0.014226965049524476,0.0,0.0011228348550585939,0.0011228348550585939,0.0011228348550585939,BUY
2012-10-31,112.38538360595705,-0.014364423442166152,0.010470397731195291,0.0011282020500639404,-0.00934219568113135,0.00934219568113135,BUY
2012-11-01,113.56210327148438,0.009970163265757392,-0.008891412266409437,0.00017803473233311135,0.009069446998742549,0.009069446998742549,BUY
2012-11-02,112.55237579345705,0.0038294969864973716,0.00204826786574297,0.00041780294691901303,-0.001630464918823957,0.001630464918823957,BUY
2012-11-05,112.7829132080078,0.002969553930499691,0.00782537296006236,0.00045138024974012553,-0.007373992710322234,0.007373992710322234,BUY
2012-11-06,113.6654815673828,0.011390253076983825,-0.022663900904005274,0.00012258596128697936,0.022786486865292253,0.022786486865292253,BUY
2012-11-07,111.0893783569336,-0.01153179539402982,-0.012023729342263478,0.001017599366446123,0.013041328708709601,0.013041328708709601,BUY
2012-11-08,109.75366973876952,-0.03353613065452232,0.0008692700557564326,0.0018767797775974785,0.0010075097218410459,0.0010075097218410459,BUY
2012-11-09,109.8490753173828,-0.02401815560992715,0.0007963529728636232,0.0015051412974827834,0.0007087883246191602,0.0007087883246191602,BUY
2012-11-12,109.93655395507812,-0.02523750426343463,-0.0034721287274792623,0.0015527519371615192,0.0050248806646407814,0.0050248806646407814,BUY
2012-11-13,109.55484008789062,-0.0361643783390414,-0.01349845246083936,0.0019794022335571934,0.015477854694396553,0.015477854694396553,BUY
2012-11-14,108.07601928710938,-0.027125537242113307,-0.001692322462504614,0.001626471998762333,0.0033187944612669473,0.0033187944612669473,BUY
2012-11-15,107.89311981201172,-0.01695205209252859,0.004937572511271027,0.0012292384968098286,-0.003708334014461198,0.003708334014461198,BUY
2012-11-16,108.42584991455078,-0.012956189196130619,0.02023904005694499,0.0010732161909510506,-0.019165823865993938,0.019165823865993938,BUY
2012-11-19,110.62028503417967,0.006219324278446292,0.00043098864201152054,0.0003244898442521958,-0.00010649879775932476,0.00010649879775932476,BUY
2012-11-20,110.66796112060548,0.010160400323909524,0.0018682606031887872,0.00017060674362523004,-0.0016976538595635572,0.0016976538595635572,BUY
2012-11-21,110.87471771240234,0.025895646821133322,0.013624980741535841,-0.0004437910736688007,-0.014068771815204642,0.014068771815204642,SELL
2012-11-23,112.38538360595705,0.04163623965802876,-0.002122523781655228,-0.0010583976439318648,0.001064126137723363,0.001064126137723363,SELL
2012-11-26,112.14684295654295,0.034318320261493396,-0.005104184815192925,-0.0007726624503231574,0.004331522364869767,0.004331522364869767,SELL
2012-11-27,111.57442474365234,0.008625359346867256,0.008052155445843256,0.00023054389338122928,-0.007821611552462027,0.007821611552462027,BUY
2012-11-28,112.47283935546876,0.01630894991276044,0.004665772172643523,-6.946928235762389e-05,-0.004735241455001147,0.004735241455001147,SELL
2012-11-29,112.99761199951172,0.019146784144388418,0.00021106187009323207,-0.00018027524641177025,-0.0003913371165050023,0.0003913371165050023,SELL
2012-11-30,113.0214614868164,0.005659791873732889,-0.004924345291049792,0.00034633732457109944,0.0052706826156208916,0.0052706826156208916,BUY
2012-12-03,112.46490478515624,0.0028361193255928008,-0.001414151007394393,0.00045659033208746906,0.001870741339481862,0.001870741339481862,BUY
2012-12-04,112.3058624267578,0.0065556034439431254,0.0017698863748303317,0.0003113595011514909,-0.0014585268736788408,0.0014585268736788408,BUY
2012-12-05,112.50463104248048,0.0002826610157073972,0.0033921943452983605,0.0005562925650599039,-0.0028359017802384564,0.0028359017802384564,BUY
2012-12-06,112.88626861572266,-0.000985360502924082,0.003028744688933882,0.000605803683520393,-0.002422941005413489,0.002422941005413489,BUY
2012-12-07,113.2281723022461,0.0018289518885208356,0.00042139895423787266,0.0004959161523150591,7.451719807718645e-05,7.451719807718645e-05,BUY
2012-12-10,113.27588653564452,0.007210976188861018,0.006808040547717109,0.00028576984266964934,-0.00652227070504746,0.00652227070504746,BUY
2012-12-11,114.0470733642578,0.01550418562197109,0.00048787901938274203,-3.804648743767195e-05,-0.000525925506820414,0.000525925506820414,SELL
2012-12-12,114.10271453857422,0.014204601902034764,-0.006131453413223631,1.269700749649441e-05,0.0061441504207201255,0.0061441504207201255,BUY
2012-12-13,113.4030990600586,0.004578328707943058,-0.003715897992535133,0.0003885640929069113,0.004104462085442045,0.004104462085442045,BUY
2012-12-14,112.98170471191406,-0.002176733805029696,0.011752183069212219,0.0006523219987260184,-0.011099861070486201,0.011099861070486201,BUY
2012-12-17,114.30948638916016,0.009124623828835832,0.011128781034058344,0.0002110496320089624,-0.010917731402049382,0.010917731402049382,BUY
2012-12-18,115.58161163330078,0.013455305987044364,-0.007429611763757671,4.195398639152842e-05,0.007471565750149199,0.007471565750149199,BUY
2012-12-19,114.72288513183594,0.005435195786267277,0.005752892307074209,0.00035510689458933826,-0.0053977854124848705,0.0053977854124848705,BUY
2012-12-20,115.38287353515624,0.017457851606411,-0.009077285468461427,-0.0001143292528060602,0.008962956215655366,0.008962956215655366,SELL
2012-12-21,114.33551025390624,0.011982520049986567,-0.003081504938148294,9.946032829912448e-05,0.0031809652664474184,0.0031809652664474184,BUY
2012-12-24,113.98318481445312,-0.0028545450164665365,-0.004214858309274705,0.0006787877886910941,0.004893646097965799,0.004893646097965799,BUY
2012-12-26,113.50276184082033,-0.017985990704783572,-0.0013402537091735667,0.0012696096232931386,0.0026098633324667052,0.0026098633324667052,BUY
2012-12-27,113.35063934326172,-0.011961395383294993,-0.010808304045979433,0.0010343735107698631,0.011842677556749297,0.011842677556749297,BUY
2012-12-28,112.1255111694336,-0.028230900010738136,0.01699654646016402,0.0016696319500526418,-0.015326914510111377,0.015326914510111377,BUY
2012-12-31,114.03125762939452,-0.002661051005379389,0.02562981285341115,0.000671232629126712,-0.024958580224284436,0.024958580224284436,BUY
2013-01-02,116.953857421875,0.02606237588691407,-0.002258930826669059,-0.0004503011702289808,0.001808629656440078,0.001808629656440078,SELL
2013-01-03,116.68966674804688,0.0280777741047038,0.004391572845789948,-0.0005289943299584302,-0.004920567175748378,0.004920567175748378,SELL
2013-01-04,117.20211791992188,0.033978445988263495,-0.002733122613090777,-0.0007593917327869757,0.001973730880303801,0.001973730880303801,SELL
2013-01-07,116.8817901611328,0.04241924020762733,-0.002876775546624466,-0.0010889706526672706,0.0017878048939571954,0.0017878048939571954,SELL
2013-01-08,116.54554748535156,0.022049128530429618,0.0025418539502004567,-0.0002936000714238163,-0.002835454021624273,0.002835454021624273,SELL
2013-01-09,116.84178924560548,-0.0009582255663895811,0.007949297298730285,0.0006047441738532167,-0.007344553124877068,0.007344553124877068,BUY
2013-01-10,117.77059936523438,0.009263310516786527,-6.750266318100717e-05,0.00020563447703317734,0.0002731371402141845,0.0002731371402141845,BUY
2013-01-11,117.7626495361328,0.004782606544652346,-0.000680384669356382,0.0003805878685104345,0.0010609725378668165,0.0010609725378668165,BUY
2013-01-14,117.68252563476562,0.006850814592495036,0.0006808479078350693,0.0002998326982289464,-0.00038101520960612294,0.00038101520960612294,BUY
2013-01-15,117.7626495361328,0.0104431449938851,-0.0001363749503899836,0.00015956670633600394,0.00029594165672598753,0.00029594165672598753,BUY
2013-01-16,117.74658966064452,0.007743808280247233,0.0064606482574898205,0.0002649649017372234,-0.006195683355752597,0.006195683355752597,BUY
2013-01-17,118.50730895996094,0.0062554627275170915,0.0022293840400335885,0.00032307878378781674,-0.0019063052562457716,0.0019063052562457716,BUY
2013-01-18,118.7715072631836,0.00856687354627872,0.005393631485970829,0.0002328275276560804,-0.005160803958314749,0.005160803958314749,BUY
2013-01-22,119.41211700439452,0.014697095939262717,0.001609485556893997,-6.532895356096188e-06,-0.0016160184522500932,0.0016160184522500932,SELL
2013-01-23,119.60430908203124,0.01563874074804472,0.00026759328576253516,-4.3300321610523934e-05,-0.0003108936073730591,0.0003108936073730591,SELL
2013-01-24,119.63631439208984,0.016049082499048684,0.005622100825261489,-5.93225095187925e-05,-0.005681423334780281,0.005681423334780281,SELL
2013-01-25,120.30892181396484,0.01520254632237572,-0.0011982905082087436,-2.6268691181719362e-05,0.0011720218170270242,0.0011720218170270242,SELL
2013-01-28,120.16475677490234,0.011730502911203144,0.00393200482405498,0.00010930057961114174,-0.003822704244443838,0.003822704244443838,BUY
2013-01-29,120.63724517822266,0.010259663797628216,-0.003916604715420102,0.00016673090592541723,0.00408333562134552,0.00408333562134552,BUY
2013-01-30,120.16475677490234,0.004685848671946546,-0.00246536004065967,0.00038436587261141543,0.0028497259132710855,0.0028497259132710855,BUY
2013-01-31,119.8685073852539,0.0019408236900635423,0.010287049439563267,0.000491548010341769,-0.009795501429221498,0.009795501429221498,BUY
2013-02-01,121.10160064697266,0.0065886953440872364,-0.011240072704459925,0.0003100673961169596,0.011550140100576884,0.011550140100576884,BUY
2013-02-04,119.74040985107422,-0.0035313758810582296,0.010097730973330554,0.0007052153000717221,-0.009392515673258833,0.009392515673258833,BUY
2013-02-05,120.94951629638672,0.002588513337673959,0.0007278074092156306,0.0004662583457759174,-0.0002615490634397132,0.0002615490634397132,BUY
2013-02-06,121.03754425048828,0.0072632567069634835,-0.0013229426738078365,0.0002837284996112598,0.0016066711734190964,0.0016066711734190964,BUY
2013-02-07,120.8774185180664,0.008416815682620316,0.005564502360410284,0.00023868668111235418,-0.00532581567929793,0.00532581567929793,BUY
2013-02-08,121.55004119873048,0.0037030109376101628,-0.00019702724242154357,0.000422741716220667,0.0006197689586422106,0.0006197689586422106,BUY
2013-02-11,121.52609252929688,0.014912949441576062,0.0016465909139420365,-1.4961102737530581e-05,-0.0016615520166795672,0.0016615520166795672,SELL
2013-02-12,121.7261962890625,0.006421522106566657,0.0008551606980076176,0.0003165948357894644,-0.0005385658622181532,0.0005385658622181532,BUY
2013-02-13,121.83029174804688,0.006549599981291676,0.0009199338198733198,0.0003115939121186091,-0.0006083399077547107,0.0006083399077547107,BUY
2013-02-14,121.94236755371094,0.008810157006168717,-0.001181863740933431,0.00022332829122743427,0.001405192032160865,0.001405192032160865,BUY
2013-02-15,121.79824829101562,0.0020420156985330173,0.007495079658789372,0.00048759687114975094,-0.007007482787639621,0.007007482787639621,BUY
2013-02-19,122.7111358642578,0.00975134895146268,-0.012463757447310542,0.0001865785474629907,0.012650335994773533,0.012650335994773533,BUY
2013-02-20,121.18169403076172,-0.004473172372919221,-0.006079065436788822,0.0007419886489377,0.006821054085726522,0.006821054085726522,BUY
2013-02-21,120.4450225830078,-0.011370482210646848,0.009772932994742023,0.001011300738217532,-0.008761632256524491,0.008761632256524491,BUY
2013-02-22,121.62212371826172,-0.002626190075472823,-0.01902679556910658,0.000669871450625491,0.01969666701973207,0.01969666701973207,BUY
2013-02-25,119.30804443359376,-0.02044531750138112,0.006845720895278795,0.0013656364008913697,-0.005480084494387426,0.005480084494387426,BUY
2013-02-26,120.12479400634766,-0.02107666789728957,0.012597715960187328,0.0013902880836764034,-0.011207427876510925,0.011207427876510925,BUY
2013-02-27,121.63809204101562,0.0037662289993902753,-0.001974679345894015,0.00042027330626101924,0.002394952652155034,0.002394952652155034,BUY
2013-02-28,121.39789581298828,0.007911271130559117,0.0032978535199990056,0.00025842615385503345,-0.0030394273661439723,0.0030394273661439723,BUY
2013-03-01,121.79824829101562,0.0014481293975914244,0.005325368915971573,0.0005107857323527653,-0.004814583183618808,0.004814583183618808,BUY
2013-03-04,122.44686889648438,0.026308573556728332,0.008958801836036256,-0.00045991419478397895,-0.009418716030820236,0.009418716030820236,SELL
2013-03-05,123.5438461303711,0.02846250145363638,0.0013610085110737913,-0.0005440163789285051,-0.0019050248900022964,0.0019050248900022964,SELL
2013-03-06,123.71199035644533,0.017049743880645618,0.0018124377049699714,-9.839429455959614e-05,-0.0019108319995295676,0.0019108319995295676,SELL
2013-03-07,123.93621063232422,0.020909051201728923,0.004264441151309306,-0.00024908465678295257,-0.004513525808092259,0.004513525808092259,SELL
2013-03-08,124.46472930908205,0.021892605644830976,0.003795304858003501,-0.00028748848497454546,-0.0040827933429780465,0.0040827933429780465,SELL
2013-03-11,124.9371109008789,0.0203373269307503,-0.0022435604045663027,-0.00022676113333225465,0.002016799271234048,0.002016799271234048,SELL
2013-03-12,124.65680694580078,0.009008630136504214,0.0014136101333390716,0.00021557871716825714,-0.0011980314161708144,0.0011980314161708144,BUY
2013-03-13,124.83302307128906,0.009061633489314547,0.005324250888363302,0.00021350915033422762,-0.005110741738029075,0.005110741738029075,BUY
2013-03-14,125.49766540527344,0.012598858436793092,-0.0013206697213182794,7.539480383242706e-05,0.0013960645251507066,0.0013960645251507066,BUY
2013-03-15,125.33192443847656,0.006967396580608964,-0.005518305700208059,0.00029528064249561973,0.005813586342703679,0.005813586342703679,BUY
2013-03-18,124.64030456542967,-0.002375645901438461,-0.002323397148557227,0.0006600887126372677,0.0029834858611944948,0.0029834858611944948,BUY
2013-03-19,124.35071563720705,-0.0024554720764412563,0.0069854420210151424,0.0006632056023341214,-0.006322236418681021,0.006322236418681021,BUY
2013-03-20,125.2193603515625,0.0030948323670156874,-0.00854274773663799,0.0004464886328237323,0.008989236369461723,0.008989236369461723,BUY
2013-03-21,124.14964294433594,-0.010741414643724911,0.00803291827423136,0.0009867381906835295,-0.00704618008354783,0.00704618008354783,BUY
2013-03-22,125.1469268798828,-0.0014760609431524463,-0.004177279903784692,0.0006249635536549167,0.004802243457439608,0.004802243457439608,BUY
2013-03-25,124.62415313720705,-0.00012958431286691496,0.008002455135947217,0.0005723890799832898,-0.007430066055963928,0.007430066055963928,BUY
2013-03-26,125.62145233154295,0.010218973713374435,0.0,0.00016831968935854892,0.00016831968935854892,0.00016831968935854892,BUY
2013-03-27,125.62145233154295,0.0032111007343555986,0.003073343554733432,0.00044194882271484173,-0.0026313947320185903,0.0026313947320185903,BUY
2013-03-28,126.00753021240234,0.01496490222609359,-0.003957057794477525,-1.6989649123222536e-05,0.003940068145354303,0.003940068145354303,SELL
2013-04-01,125.5089111328125,0.0028924741658029607,0.0049339529785474845,0.0004543899032079351,-0.0044795630753395495,0.0044795630753395495,BUY
2013-04-02,126.12816619873048,0.012068391428646796,-0.010138900793503769,9.610739781747087e-05,0.01023500819132124,0.01023500819132124,BUY
2013-04-03,124.849365234375,-0.00614614051054152,0.004058724087425691,0.0008073112971935725,-0.003251412790232119,0.003251412790232119,BUY
2013-04-04,125.35609436035156,-0.002112361911650651,-0.004491294757598019,0.0006498085363030341,0.005141103293901053,0.005141103293901053,BUY
2013-04-05,124.79308319091795,-0.009637892429422923,0.006767244533630201,0.0009436501056050888,-0.005823594428025112,0.005823594428025112,BUY
2013-04-08,125.63758850097656,0.00102524487705824,0.0034565512701631995,0.0005272976647479052,-0.0029292536054152944,0.0029292536054152944,BUY
2013-04-09,126.07186126708984,-0.0004464104516664902,0.012248365169008846,0.0005847598609668923,-0.011663605308041954,0.011663605308041954,BUY
2013-04-10,127.61603546142578,0.022160066427706848,0.003277417575975994,-0.0002979317482078022,-0.003575349324183796,0.003575349324183796,SELL
2013-04-11,128.03428649902344,0.021364674388890004,-0.0024492140550634867,-0.00026687490187061015,0.0021823391531928765,0.0021823391531928765,SELL
2013-04-12,127.720703125,0.02345979327718939,-0.023174188177633726,-0.00034868083177261387,0.022825507345861112,0.022825507345861112,SELL
2013-04-15,124.76087951660156,-0.006978078732927773,0.01476273765402536,0.000839795124380377,-0.013922942529644983,0.013922942529644983,BUY
2013-04-16,126.60269165039062,0.004210538164231448,-0.014611185153634465,0.00040292482804491294,0.015014109981679378,0.015014109981679378,BUY
2013-04-17,124.75287628173828,-0.022435732071875436,-0.006253574189549194,0.0014433540501088576,0.007696928239658051,0.007696928239658051,BUY
2013-04-18,123.97272491455078,-0.03172245259869222,0.008693207661868207,0.0018059629753965916,-0.006887244686471616,0.006887244686471616,BUY
2013-04-19,125.05044555664062,-0.020907006483874446,0.0044379062844024375,0.001383663490785554,-0.0030542427936168836,0.0030542427936168836,BUY
2013-04-22,125.60540771484376,0.006769174772688347,0.01030920070226271,0.0003030204034296471,-0.010006180298833064,0.010006180298833064,BUY
2013-04-23,126.90029907226562,0.002350719546285962,0.0006340979864458696,0.0004755432328236439,-0.00015855475362222565,0.00015855475362222565,BUY
2013-04-24,126.98076629638672,0.017858426042354658,0.004053083874826946,-0.00012997006651374458,-0.00418305394134069,0.00418305394134069,SELL
2013-04-25,127.49542999267578,0.028415162129839855,-0.0017666720662775637,-0.0005421679695490973,0.0012245040967284663,0.0012245040967284663,SELL
2013-04-26,127.27018737792967,0.01775077099012523,0.006699374243101408,-0.00012576657156867935,-0.006825140814670087,0.006825140814670087,SELL
2013-04-29,128.12281799316406,0.020042212545780425,0.00238559226606494,-0.00021523810863673738,-0.002600830374701677,0.002600830374701677,SELL
2013-04-30,128.428466796875,0.0120422704736034,-0.008767700549194735,9.712731560313311e-05,0.008864827864797867,0.008864827864797867,BUY
2013-05-01,127.3024444580078,0.0025332825671429138,0.009287066249081821,0.00046841488427486807,-0.008818651364806952,0.008818651364806952,BUY
2013-05-02,128.48471069335938,0.007759342438708794,0.010140404689862992,0.00026435835559547935,-0.009876046334267512,0.009876046334267512,BUY
2013-05-03,129.78759765625,0.019780046923674854,0.002541101559413894,-0.00020500160004314073,-0.002746103159457035,0.002746103159457035,SELL
2013-05-06,130.11740112304688,0.015567743210184615,0.005068852380580413,-4.052815453311608e-05,-0.005109380535113529,0.005109380535113529,SELL
2013-05-07,130.77694702148438,0.018286290284254436,0.00455102432759058,-0.00014667643691396485,-0.004697700764504546,0.004697700764504546,SELL
2013-05-08,131.3721160888672,0.03196852698458441,-0.002816041575900763,-0.0006809125142366915,0.0021351290616640714,0.0021351290616640714,SELL
2013-05-09,131.00216674804688,0.01959342898545846,0.003253329680602768,-0.0001977149233502593,-0.0034510446039530272,0.0034510446039530272,SELL
2013-05-10,131.42835998535156,0.012641903839280655,0.0007958632294817747,7.37140547359597e-05,-0.000722149174745815,0.000722149174745815,BUY
2013-05-13,131.532958984375,0.010879081883824915,0.01033405010403543,0.0001425451316371757,-0.010191504972398254,0.010191504972398254,BUY
2013-05-14,132.89222717285156,0.016174717330109223,0.0053863575691293075,-6.42280422025874e-05,-0.005450585611331895,0.005450585611331895,SELL
2013-05-15,133.6080322265625,0.017019716240110006,-0.004695107522313502,-9.722183648549945e-05,0.004597885685828002,0.004597885685828002,SELL
2013-05-16,132.98072814941406,0.015103272338788942,0.009676965929529713,-2.2392443114009554e-05,-0.009699358372643723,0.009699358372643723,SELL
2013-05-17,134.267578125,0.021602781469424848,-6.0118008582410454e-05,-0.00027617202159407135,-0.0002160540130116609,0.0002160540130116609,SELL
2013-05-20,134.25950622558594,0.020729004063041234,0.001437463681254858,-0.00024205454327063682,-0.0016795182245254948,0.0016795182245254948,SELL
2013-05-21,134.45249938964844,0.011740883947767955,-0.007417143024457062,0.00010889524206477444,0.007526038266521837,0.007526038266521837,BUY
2013-05-22,133.4552459716797,-0.0011435409408898645,-0.0028930532991588986,0.0006119799906943504,0.003505033289853249,0.003505033289853249,BUY
2013-05-23,133.06915283203125,0.0006649435888022026,-0.0008456773560284736,0.00054136597471126,0.0013870433307397335,0.0013870433307397335,BUY
2013-05-24,132.9566192626953,-0.009763778274783586,0.005988217059957446,0.0009485654393833966,-0.00503965162057405,0.00503965162057405,BUY
2013-05-28,133.75279235839844,-0.0037741377235226414,-0.006494005046760565,0.0007146941694468365,0.007208699216207402,0.007208699216207402,BUY
2013-05-29,132.8842010498047,-0.011664330131184508,0.0036919406676014788,0.0010227743125925239,-0.002669166355008955,0.002669166355008955,BUY
2013-05-30,133.3748016357422,-0.0006027813695279605,-0.014351920653950079,0.0005908655136898606,0.01494278616763994,0.01494278616763994,BUY
2013-05-31,131.4606170654297,-0.01208796879192553,0.0055063007499474015,0.0010393156911166273,-0.004466985058830774,0.004466985058830774,BUY
2013-06-03,132.18447875976562,-0.005807461916612744,-0.004807082941141072,0.0007940872661044655,0.0056011702072455375,0.0056011702072455375,BUY
2013-06-04,131.54905700683594,-0.016476182012390872,-0.014000952767706631,0.0012106576923334748,0.015211610460040107,0.015211610460040107,BUY
2013-06-05,129.70724487304688,-0.023907704239175098,0.009053120912737578,0.0015008286175944088,-0.007552292295143169,0.007552292295143169,BUY
2013-06-06,130.88150024414062,-0.018693946390345717,0.012720680388693673,0.0012972524332120696,-0.011423427955481603,0.011423427955481603,BUY
2013-06-07,132.54640197753906,0.00825939308933088,0.0,0.00024483339751281603,0.00024483339751281603,0.00024483339751281603,BUY
2013-06-10,132.54640197753906,0.0027380159998300346,-0.010315244433326431,0.00046042087069571796,0.01077566530402215,0.01077566530402215,BUY
2013-06-11,131.1791534423828,-0.002811905861354047,-0.008277347438169103,0.000677122901913693,0.008954470340082796,0.008954470340082796,BUY
2013-06-12,130.0933380126953,0.0029766505334867244,0.015208431540183254,0.000451103156058358,-0.014757328384124895,0.014757328384124895,BUY
2013-06-13,132.0718536376953,0.009094894170178724,-0.006272802800451616,0.0002122104550943234,0.006485013255545939,0.006485013255545939,BUY
2013-06-14,131.24339294433594,-0.00983058773201495,0.007722207928296143,0.000951174078828911,-0.006771033849467232,0.006771033849467232,BUY
2013-06-17,132.2568817138672,-0.00218429364624273,0.007905314362578686,0.0006526171799893813,-0.007252697182589305,0.007252697182589305,BUY
2013-06-18,133.3024139404297,0.016185959752968326,-0.013816680587817931,-6.466701340440164e-05,0.01375201357441353,0.01375201357441353,SELL
2013-06-19,131.4606170654297,0.010509985166196278,-0.024778527481535084,0.00015695686759068845,0.024935484349125774,0.024935484349125774,BUY
2013-06-20,128.20321655273438,-0.029291911776853974,0.0032103353445389615,0.001711060173839277,-0.0014992751706996844,0.0014992751706996844,BUY
2013-06-21,128.6147918701172,-0.02002844497729206,-0.012635814001330403,0.0013493592126734818,0.013985173214003884,0.013985173214003884,BUY
2013-06-24,126.98963928222656,-0.03982584772440123,0.009613821409298895,0.0021223678235052696,-0.007491453585793626,0.007491453585793626,BUY
2013-06-25,128.2104949951172,-0.03819825009011446,0.009901096150708222,0.0020588167101423397,-0.007842279440565883,0.007842279440565883,BUY
2013-06-26,129.47991943359375,-0.015066851776985968,0.005870182836892113,0.0011556290392626743,-0.004714553797629438,0.004714553797629438,BUY
2013-06-27,130.239990234375,0.01588707160715286,-0.00409751941559211,-5.299663859098622e-05,0.004044522777001124,0.004044522777001124,SELL
2013-06-28,129.70632934570312,0.008486873552524532,0.005859583169518068,0.00023595120427308036,-0.005623631965244988,0.005623631965244988,BUY
2013-07-01,130.4663543701172,0.02737794285850237,-0.0009295642240810809,-0.0005016687465799821,0.00042789547750109874,0.00042789547750109874,SELL
2013-07-02,130.34507751464844,0.01664904670723355,0.0004345436443016215,-8.27486884495362e-05,-0.0005172923327511577,0.0005172923327511577,SELL
2013-07-03,130.40171813964844,0.007119240652041503,0.01078831318532747,0.00028935174484068623,-0.010498961440486784,0.010498961440486784,BUY
2013-07-05,131.80853271484375,0.012043478179367684,0.005705005346018588,9.708015957125019e-05,-0.005607925186447337,0.005607925186447337,BUY
2013-07-08,132.5605010986328,0.022004876456896305,0.007197249836978115,-0.0002918722066970451,-0.00748912204367516,0.00748912204367516,SELL
2013-07-09,133.5145721435547,0.023364014332692085,0.0003631995434063562,-0.0003449410508640496,-0.0007081405942704058,0.0007081405942704058,SELL
2013-07-10,133.5630645751953,0.02468821317924519,0.013620635861969932,-0.0003966456670662198,-0.014017281529036151,0.014017281529036151,SELL
2013-07-11,135.3822784423828,0.03819397760849008,0.0004179246389905966,-0.0009239912150167677,-0.0013419158540073643,0.0013419158540073643,SELL
2013-07-12,135.43885803222656,0.027542415066835746,0.0038210384919268314,-0.0005080907219728293,-0.004329129213899661,0.004329129213899661,SELL
2013-07-15,135.9563751220703,0.025617540634602642,-0.0037467857877582222,-0.00043293215042215414,0.003313853637336068,0.003313853637336068,SELL
2013-07-16,135.4469757080078,0.014473353233498853,0.002566845859582445,2.2033535537020407e-06,-0.002564642506028743,0.002564642506028743,BUY
2013-07-17,135.79464721679688,0.016708082048725315,0.005477761629442135,-8.50537800769313e-05,-0.005562815409519067,0.005562815409519067,SELL
2013-07-18,136.5384979248047,0.00854040496086017,0.001776449240499689,0.00023386101900373015,-0.0015425882214959588,0.0015425882214959588,BUY
2013-07-19,136.7810516357422,0.00990995954201157,0.001950785150026002,0.00018038544456815207,-0.0017703997054578499,0.0017703997054578499,BUY
2013-07-22,137.04788208007812,0.008028361722852484,-0.0021239048406904715,0.00025385423918287357,0.002377759079873345,0.002377759079873345,BUY
2013-07-23,136.75680541992188,0.009670424201554395,-0.0036657207246107992,0.00018973833207249695,0.0038554590566832964,0.0038554590566832964,BUY
2013-07-24,136.2554931640625,0.0033936974447150714,0.0024329088294712253,0.00043481915872707236,-0.001998089670744153,0.001998089670744153,BUY
2013-07-25,136.5869903564453,0.0003551557427219354,0.0010656475297343704,0.0005534619387935206,-0.0005121855909408498,0.0005121855909408498,BUY
2013-07-26,136.7325439453125,-0.00035463750168307495,-0.003074912977529931,0.0005811764979629259,0.003656089475492857,0.003656089475492857,BUY
2013-07-29,136.31210327148438,-0.005368771829424079,0.0,0.0007769581901738915,0.0007769581901738915,0.0007769581901738915,BUY
2013-07-30,136.31210327148438,-0.0032517734460966174,0.0007116031499940778,0.0006942979543675528,-1.7305195626524973e-05,1.7305195626524973e-05,BUY
2013-07-31,136.4091033935547,0.0011273690764688205,0.011558432507910998,0.0005233101272649792,-0.01103512238064602,0.01103512238064602,BUY
2013-08-01,137.98577880859375,0.010241007935661184,0.001699429262473462,0.0001674593419797431,-0.0015319699204937188,0.0015319699204937188,BUY
2013-08-02,138.22027587890625,0.010880598653885798,-0.001462730079161867,0.00014248590789289512,0.001605215987054762,0.001605215987054762,BUY
2013-08-05,138.01809692382812,0.012515349784795182,-0.0056822692018289045,7.865547938153497e-05,0.005760924681210439,0.005760924681210439,BUY
2013-08-06,137.2338409423828,0.006761964996333969,-0.0032406924047425623,0.00030330191607427515,0.0035439943208168375,0.0035439943208168375,BUY
2013-08-07,136.7891082763672,0.0027857736277039358,0.0036653012607017477,0.0004585561282317189,-0.003206745132470029,0.003206745132470029,BUY
2013-08-08,137.2904815673828,-0.005038905075684719,-0.002886256123805442,0.0007640782258510518,0.0036503343496564937,0.0036503343496564937,BUY
2013-08-09,136.89422607421875,-0.00959374300373439,-0.0011810733990971212,0.000941926248862037,0.002122999647959158,0.002122999647959158,BUY
2013-08-12,136.7325439453125,-0.009314379832560116,0.0029565097449988365,0.0009310182454423197,-0.0020254914995565167,0.0020254914995565167,BUY
2013-08-13,137.1367950439453,-0.0007071571980430402,-0.005129182565319024,0.0005949409681944491,0.005724123533513472,0.005724123533513472,BUY
2013-08-14,136.4333953857422,-0.0026004474706152747,-0.01398644648836822,0.0006688663058863392,0.01465531279425456,0.01465531279425456,BUY
2013-08-15,134.52517700195312,-0.020141997710689474,-0.0033053765992357986,0.0013537929882460127,0.004659169587481811,0.004659169587481811,BUY
2013-08-16,134.0805206298828,-0.020553865016998296,-0.006392096779131107,0.0013698747429268534,0.0077619715220579606,0.0077619715220579606,BUY
2013-08-19,133.2234649658203,-0.025663816954182295,0.004915854926386354,0.0015693977257563356,-0.0033464572006300184,0.0033464572006300184,BUY
2013-08-20,133.8783721923828,-0.02376038356823451,-0.006160235417666526,0.0014950763404575902,0.007655311758124117,0.007655311758124117,BUY
2013-08-21,133.05364990234375,-0.0247721276293299,0.009115227819340932,0.001534580859367216,-0.007580646959973716,0.007580646959973716,BUY
2013-08-22,134.26646423339844,-0.0019231550132131625,0.0033724323345742935,0.0006424207711709482,-0.0027300115634033453,0.0027300115634033453,BUY
2013-08-23,134.71926879882812,0.004763914742757613,-0.0037208224477577323,0.00038131770787376714,0.0041021401556315,0.0041021401556315,BUY
2013-08-26,134.21800231933594,0.0074651815561979085,-0.016084608300190872,0.00027584414987139743,0.01636045245006227,0.01636045245006227,BUY
2013-08-27,132.0591583251953,-0.013588556817626163,0.003550816563020698,0.001097907592286443,-0.002452908970734255,0.002452908970734255,BUY
2013-08-28,132.528076171875,-0.003950088786399353,0.0015868081461216654,0.0007215643477437631,-0.0008652437983779023,0.0008652437983779023,BUY
2013-08-29,132.73837280273438,-0.011381035758920022,-0.003167668719512795,0.0010117128116492948,0.004179381531162089,0.004179381531162089,BUY
2013-08-30,132.31790161132812,-0.017824971950269997,0.004521779522223435,0.0012633224913226292,-0.0032584570309008055,0.0032584570309008055,BUY
2013-09-03,132.9162139892578,-0.0096990590500734,0.008273640173224184,0.0009460384150748854,-0.007327601758149298,0.007327601758149298,BUY
2013-09-04,134.0159149169922,0.014817272929896763,0.001266556808841468,-1.1225321416758784e-05,-0.0012777821302582268,0.0012777821302582268,SELL
2013-09-05,134.18565368652344,0.012507368721618839,0.00048169255574626035,7.896710766114887e-05,-0.0004027254480851115,0.0004027254480851115,BUY
2013-09-06,134.2502899169922,0.011390203769521268,0.009576133918799856,0.00012258788654422763,-0.009453546032255629,0.009453546032255629,BUY
2013-09-09,135.535888671875,0.02432011860344807,0.007397371004494335,-0.00038227306070333746,-0.007779644065197672,0.007779644065197672,SELL
2013-09-10,136.5384979248047,0.027252385746103336,0.0031386246174782695,-0.0004967662484959949,-0.003635390865974264,0.003635390865974264,SELL
2013-09-11,136.967041015625,0.02202071373732517,-0.002656670831721719,-0.0002924905885272304,0.002364180243194489,0.002364180243194489,SELL
2013-09-12,136.60316467285156,0.01801616581140464,0.002249111274319482,-0.000136129167346507,-0.0023852404416659888,0.0023852404416659888,SELL
2013-09-13,136.910400390625,0.01981456036540097,0.005787757340157018,-0.0002063492105345029,-0.005994106550691521,0.005994106550691521,SELL
2013-09-16,137.7028045654297,0.015987764678333072,0.004462744768652271,-5.69282962971855e-05,-0.004519673064949457,0.004519673064949457,SELL
2013-09-17,138.3173370361328,0.013028113963197141,0.011573934900684035,5.8634109392045886e-05,-0.01151530079129199,0.01151530079129199,BUY
2013-09-18,139.918212890625,0.02154658414985633,-0.001676067212814436,-0.00027397774325932996,0.0014020894695551062,0.0014020894695551062,SELL
2013-09-19,139.68370056152344,0.022550984789037498,-0.00699135085098157,-0.00031319553120504257,0.006678155319776528,0.006678155319776528,SELL
2013-09-20,138.70712280273438,0.013123344953948513,-0.004627564956530605,5.4915723863944044e-05,0.004682480680394549,0.004682480680394549,BUY
2013-09-23,138.06524658203125,0.0026320598025972863,-0.0023537163675073636,0.0004645580322152443,0.002818274399722608,0.002818274399722608,BUY
2013-09-24,137.7402801513672,-0.004171977982882047,-0.0028908998801033814,0.0007302282246028988,0.00362112810470628,0.00362112810470628,BUY
2013-09-25,137.3420867919922,-0.01841165667722322,0.0038459696755339667,0.0012862301601502767,-0.00255973951538369,0.00255973951538369,BUY
2013-09-26,137.87030029296875,-0.012982189484276874,-0.004596662840264609,0.001074231397181782,0.005670894237446392,0.005670894237446392,BUY
2013-09-27,137.23655700683594,-0.010601948668417238,-0.005328590878186268,0.0009812926076841824,0.00630988348587045,0.00630988348587045,BUY
2013-09-30,136.50527954101562,-0.011298766920962766,0.007916266581414533,0.0010085005458305692,-0.006907766035583964,0.006907766035583964,BUY
2013-10-01,137.5858917236328,-0.0011208662242062628,-0.0009447889052792702,0.0006110946345964574,0.0015558835398757275,0.0015558835398757275,BUY
2013-10-02,137.45590209960938,0.000828699419643808,-0.009221152469220062,0.0005349719709658465,0.009756124440185908,0.009756124440185908,BUY
2013-10-03,136.1884002685547,-0.012199146740379141,0.0075767124771841665,0.0010436567409294268,-0.00653305573625474,0.00653305573625474,BUY
2013-10-04,137.2202606201172,-0.00011874668874078953,-0.008644629126617787,0.0005719659145369194,0.009216595041154706,0.009216595041154706,BUY
2013-10-07,136.03404235839844,-0.0034521535298976946,-0.011646721353492762,0.0007021219872569199,0.012348843340749682,0.012348843340749682,BUY
2013-10-08,134.44969177246094,-0.022794487951362963,0.0007255460179236284,0.0014573620181020774,0.000731816000178449,0.000731816000178449,BUY
2013-10-09,134.5472412109375,-0.021160683857460505,0.02155757835840877,0.001393568567560529,-0.02016400979084824,0.02016400979084824,BUY
2013-10-10,137.44775390625,0.009247143187025797,0.006442766782833065,0.0002062657459566237,-0.006236501036876441,0.006236501036876441,BUY
2013-10-11,138.3332977294922,0.008111317558682885,0.003994126945730425,0.00025061514887215027,-0.003743511796858275,0.003743511796858275,BUY
2013-10-14,138.8858184814453,0.020963694628242546,-0.007253663774232089,-0.0002512182618704458,0.007002445512361643,0.007002445512361643,SELL
2013-10-15,137.87838745117188,0.02550169980689554,0.013966138549388774,-0.0004284090340089899,-0.014394547583397763,0.014394547583397763,SELL
2013-10-16,139.80401611328125,0.03907010545167844,0.00668289567260949,-0.0009582004684034512,-0.007641096141012941,0.007641096141012941,SELL
2013-10-17,140.73831176757812,0.023940426582543806,0.006754756854990829,-0.0003674476209538745,-0.007122204475944703,0.007122204475944703,SELL
2013-10-18,141.68896484375,0.024257840804314146,5.6969146630114764e-05,-0.0003798413642020777,-0.00043681051083219245,0.00043681051083219245,SELL
2013-10-21,141.69703674316406,0.020241218955658224,0.005791353825335577,-0.00022300850510799787,-0.006014362330443575,0.006014362330443575,SELL
2013-10-22,142.5176544189453,0.03364752847444197,-0.0047883107957709115,-0.0007464707405271988,0.004041840055243713,0.004041840055243713,SELL
2013-10-23,141.83523559570312,0.014529049585928933,0.0033222116003828184,2.8635962190794e-08,-0.0033221829644206275,0.0033221829644206275,BUY
2013-10-24,142.3064422607422,0.01114217211695534,0.004567779249736947,0.00013227252071778336,-0.004435506729019164,0.004435506729019164,BUY
2013-10-25,142.9564666748047,0.00894566371101968,0.001590919643347899,0.00021803730174698176,-0.0013728823416009172,0.0013728823416009172,BUY
2013-10-28,143.18389892578125,0.010493248248460096,0.0053341432483988704,0.00015761037662387415,-0.005176532871774996,0.005176532871774996,BUY
2013-10-29,143.94766235351562,0.010033900293970888,-0.004967057652764728,0.00017554605883046947,0.005142603711595198,0.005142603711595198,BUY
2013-10-30,143.232666015625,0.009852491266029384,-0.0028361878090478188,0.00018262934861715035,0.003018817157664969,0.003018817157664969,BUY
2013-10-31,142.82643127441406,0.0036540089500594064,0.002389139718467659,0.000424655045903781,-0.0019644846725638777,0.0019644846725638777,BUY
2013-11-01,143.16766357421875,0.0014773511428096686,0.003518627387868456,0.0005096447412356081,-0.003008982646632848,0.003008982646632848,BUY
2013-11-04,143.67141723632812,0.0034048403081941014,-0.003166855182594963,0.00043438407491690586,0.003601239257511869,0.003601239257511869,BUY
2013-11-05,143.2164306640625,-0.005079844142639289,0.0051057807128873645,0.0007656767310529487,-0.0043401039818344155,0.0043401039818344155,BUY
2013-11-06,143.94766235351562,0.00499185247178624,-0.01264332311400107,0.0003724176602501818,0.013015740774251253,0.013015740774251253,BUY
2013-11-07,142.127685546875,-0.004892271838652595,0.013490822890810827,0.0007583527902316486,-0.01273247010057918,0.01273247010057918,BUY
2013-11-08,144.04510498046875,0.006128768077542368,0.00016959494244783713,0.0003280256981193485,0.00015843075567151135,0.00015843075567151135,BUY
2013-11-11,144.0695343017578,0.0027710248363097545,-0.0020301340610804353,0.0004591320089617671,0.0024892660700422025,0.0024892660700422025,BUY
2013-11-12,143.7770538330078,0.003914517114732119,0.008024241361674678,0.00041448325432807053,-0.007609758107346607,0.007609758107346607,BUY
2013-11-13,144.93075561523438,0.0068295187684563885,0.004989375861612189,0.0003006642141387309,-0.004688711647473458,0.004688711647473458,BUY
2013-11-14,145.65386962890625,0.024809973288900666,0.004351127412794087,-0.0004013999075300731,-0.00475252732032416,0.00475252732032416,SELL
2013-11-15,146.28762817382812,0.015568201319048125,-0.0034995962285178095,-4.054604183382495e-05,0.0034590501866839846,0.0034590501866839846,SELL
2013-11-18,145.7756805419922,0.011842519298082888,-0.0021733271017961853,0.00010492679216445505,0.0022782538939606404,0.0022782538939606404,BUY
2013-11-19,145.4588623046875,0.011697335748950932,-0.0031279398522489066,0.00011059562332699273,0.0032385354755758993,0.0032385354755758993,BUY
2013-11-20,145.00387573242188,0.0005045176013682706,0.008068631988259689,0.0005476299615216374,-0.007521002026738052,0.007521002026738052,BUY
2013-11-21,146.17385864257812,0.0035700322620793035,0.005002270437855172,0.0004279339963674843,-0.004574336441487688,0.004574336441487688,BUY
2013-11-22,146.90505981445312,0.0042206688858974495,-0.0009952667183931174,0.0004025292642842624,0.0013977959826773799,0.0013977959826773799,BUY
2013-11-25,146.75885009765625,0.0067444003828940335,0.00027656511944074147,0.00030398774328143166,2.742262384069019e-05,2.742262384069019e-05,BUY
2013-11-26,146.7994384765625,0.009216187660446185,0.002435386888700153,0.00020747443423278496,-0.0022279124544673677,0.0022279124544673677,BUY
2013-11-27,147.15695190429688,0.014848404299538265,-0.0006631012316573592,-1.2440875654214567e-05,0.0006506603560031447,0.0006506603560031447,SELL
2013-11-29,147.0593719482422,0.0060579457495837374,-0.00259647469210178,0.00033079102395781835,0.0029272657160595984,0.0029272657160595984,BUY
2013-12-02,146.6775360107422,-0.0015487812604841888,-0.004319928544224805,0.0006278029883119737,0.004947731532536779,0.004947731532536779,BUY
2013-12-03,146.0438995361328,-0.004871601004284853,-0.00011200345873363382,0.0007575456776440302,0.000869549136377664,0.000869549136377664,BUY
2013-12-04,146.0275421142578,-0.005258169719960626,-0.004395374282358255,0.0007726396245477064,0.005168013906905962,0.005168013906905962,BUY
2013-12-05,145.3856964111328,-0.012036505718846291,0.011177270521810723,0.0010373062659845389,-0.010139964255826184,0.010139964255826184,BUY
2013-12-06,147.01071166992188,-0.00033088865861219396,0.0025425310348421437,0.000580249201568263,-0.0019622818332738806,0.0019622818332738806,BUY
2013-12-09,147.38449096679688,0.004819790237019728,-0.0035833974359638088,0.00037913599551731155,0.003962533431481121,0.003962533431481121,BUY
2013-12-10,146.85635375976562,0.005563082239061989,-0.01123106345158098,0.00035011344517166243,0.011581176896752643,0.011581176896752643,BUY
2013-12-11,145.20700073242188,-0.005619086440514898,-0.0033011828354044814,0.000786731964656429,0.0040879148000609105,0.0040879148000609105,BUY
2013-12-12,144.72764587402344,-0.004526239880218275,-0.00011228407850771838,0.0007440607207453788,0.0008563447992530972,0.0008563447992530972,BUY
2013-12-13,144.71139526367188,-0.015640468508257954,0.006231886227955341,0.0011780264556437285,-0.005053859772311613,0.005053859772311613,BUY
2013-12-16,145.61322021484375,-0.012018026729502806,-0.0031803722722675287,0.0010365847360917317,0.004216957008359261,0.004216957008359261,BUY
2013-12-17,145.15011596679688,-0.011618413158751673,0.017072694852425574,0.001020981440288651,-0.016051713412136924,0.016051713412136924,BUY
2013-12-18,147.6282196044922,0.016674257162931028,-0.0011562834917301368,-8.373305491346495e-05,0.0010725504368166718,0.0010725504368166718,SELL
2013-12-19,147.45751953125,0.018862143723409552,0.005817498253270825,-0.00016916118770325726,-0.005986659440974083,0.005986659440974083,SELL
2013-12-20,148.3153533935547,0.024904452916898467,0.005342080937284388,-0.0004050889553775818,-0.00574716989266197,0.00574716989266197,SELL
2013-12-23,149.107666015625,0.023998135578798374,0.002191381018264549,-0.00036970092415718257,-0.0025610819424217316,0.0025610819424217316,SELL
2013-12-24,149.43441772460938,0.029516350912131006,0.005083968340097389,-0.0005851649435328048,-0.005669133283630194,0.005669133283630194,SELL
2013-12-26,150.1941375732422,0.017380945022735572,-5.414948081006177e-05,-0.00011132636135761291,-5.7176880547551144e-05,5.7176880547551144e-05,SELL
2013-12-27,150.18600463867188,0.01850353319447806,-0.00016316843432473416,-0.00015515889506214492,8.009539262589238e-06,8.009539262589238e-06,SELL
2013-12-30,150.1614990234375,0.01244743438654039,0.004732555199764565,8.130730135685394e-05,-0.004651247898407712,0.004651247898407712,BUY
2013-12-31,150.8721466064453,0.011833600766277153,-0.00958366156574364,0.00010527502480738683,0.009688936590551027,0.009688936590551027,BUY
2014-01-02,149.42623901367188,-5.4731105872618535e-05,-0.00016369172528629683,0.0005694663646001613,0.0007331580898864581,0.0007331580898864581,BUY
2014-01-03,149.4017791748047,-0.005275561424966435,-0.002897909805697929,0.0007733187003789287,0.003671228506076858,0.003671228506076858,BUY
2014-01-06,148.9688262939453,-0.008104472501648474,0.006141872313340624,0.0008837762512751922,-0.005258096062065431,0.005258096062065431,BUY
2014-01-07,149.88377380371094,-0.0018495101709341544,0.00021775906074683604,0.0006395452375490778,0.00042178617680224174,0.00042178617680224174,BUY
2014-01-08,149.91641235351562,-0.006334729600041777,0.0006539492120141155,0.0008146749393821375,0.00016072572736802206,0.00016072572736802206,BUY
2014-01-09,150.0144500732422,0.003936464328172518,0.00272292291178422,0.0004136263042932652,-0.002309296607490955,0.002309296607490955,BUY
2014-01-10,150.4229278564453,0.00683491647342338,-0.013305380733460548,0.0003004534555623907,0.013605834189022939,0.013605834189022939,BUY
2014-01-13,148.42149353027344,-0.0036741429551970795,0.01089786511723978,0.0007107897776464991,-0.010187075339593281,0.010187075339593281,BUY
2014-01-14,150.03897094726562,0.0010354499330791356,0.005389835038382085,0.0005268991985309503,-0.0048629358398511345,0.0048629358398511345,BUY
2014-01-15,150.84765625,0.006211754149294979,-0.0012997230818033723,0.00032478542721799304,0.0016245085090213652,0.0016245085090213652,BUY
2014-01-16,150.65159606933594,0.004247230821981862,-0.004229268143966514,0.00040149212797017627,0.00463076027193669,0.00463076027193669,BUY
2014-01-17,150.0144500732422,-0.002715528736370265,0.002940593999988028,0.0006733597644733258,-0.0022672342355147023,0.0022672342355147023,BUY
2014-01-21,150.45558166503906,0.013704808423523396,0.0006512000650693572,3.22119240470138e-05,-0.0006189881410223434,0.0006189881410223434,BUY
2014-01-22,150.55355834960938,0.0034296916267482214,-0.008192929778391478,0.0004334137313077845,0.008626343509699262,0.008626343509699262,BUY
2014-01-23,149.32008361816406,-0.010126591753631842,-0.02133562153728019,0.0009627318402420391,0.022298353377522232,0.022298353377522232,BUY
2014-01-24,146.13424682617188,-0.029985405804031418,-0.0049197801328049184,0.001738138314412381,0.006657918447217299,0.006657918447217299,BUY
2014-01-27,145.41529846191406,-0.03065805733436122,0.0059550236271237456,0.0017644026396714126,-0.0041906209874523325,0.0041906209874523325,BUY
2014-01-28,146.28125,-0.02774461152483143,-0.009604881268692633,0.0016506443489134406,0.011255525617606075,0.011255525617606075,BUY
2014-01-29,144.87623596191406,-0.03770965263080439,0.01059990990676929,0.0020397389529182323,-0.008560170953851056,0.008560170953851056,BUY
2014-01-30,146.4119110107422,-0.019476098170816414,-0.005857689392387955,0.0013277923009414132,0.007185481693329368,0.007185481693329368,BUY
2014-01-31,145.5542755126953,-0.0039687569893622765,-0.022505712049791127,0.0007222932656641303,0.02322800531545526,0.02322800531545526,BUY
2014-02-03,142.27847290039062,-0.021571496222902664,0.007004554306235589,0.0014096091310616848,-0.005594945175173904,0.005594945175173904,BUY
2014-02-04,143.2750701904297,-0.020550684449102796,-0.0012542500139781643,0.0013697505545976082,0.0026240005685757724,0.0026240005685757724,BUY
2014-02-05,143.09536743164062,-0.012292344002791444,0.013187176913205922,0.0010472957175806027,-0.01213988119562532,0.01213988119562532,BUY
2014-02-06,144.98239135742188,-0.009763684139164286,0.012395640886986525,0.0009485617637676993,-0.011447079123218826,0.011447079123218826,BUY
2014-02-07,146.779541015625,0.008417928629123717,0.001836715684562229,0.00023864322504685336,-0.0015980724595153757,0.0015980724595153757,BUY
2014-02-10,147.04913330078125,0.03353044422771223,0.01094353727068098,-0.0007418990736236673,-0.011685436344304648,0.011685436344304648,SELL
2014-02-11,148.6583709716797,0.03757318544039068,0.0004947408127811137,-0.0008997517883804708,-0.0013944926011615845,0.0013944926011615845,SELL
2014-02-12,148.73191833496094,0.03939017037719972,0.005162970854990956,-0.0009706977109263024,-0.0061336685659172585,0.0061336685659172585,SELL
2014-02-13,149.49981689453125,0.031158442724072977,0.005518789256982792,-0.0006492819959877218,-0.006168071252970514,0.006168071252970514,SELL
2014-02-14,150.3248748779297,0.024154141904063398,0.001195632303124361,-0.00037579234101193626,-0.0015714246441362973,0.0015714246441362973,SELL
2014-02-18,150.50460815429688,0.023498777421881334,-0.0066217061541222755,-0.00035020300515655356,0.006271503148965722,0.006271503148965722,SELL
2014-02-19,149.5080108642578,0.005715385464165834,0.005900599469879975,0.00034416661942049593,-0.005556432850459479,0.005556432850459479,BUY
2014-02-20,150.39019775390625,0.011149452232644963,-0.001141034085729964,0.0001319882616062314,0.0012730223473361954,0.0012730223473361954,BUY
2014-02-21,150.21859741210938,0.0048079023272999954,0.005547437277583889,0.00037960017037375754,-0.005167837107210131,0.005167837107210131,BUY
2014-02-24,151.0519256591797,0.00483653009417373,-0.0003784091038805393,0.0003784823717117329,0.0007568914755922721,0.0007568914755922721,BUY
2014-02-25,150.99476623535156,0.003256764607181939,5.3862360749779015e-05,0.00044016583292827275,0.00038630347217849374,0.00038630347217849374,BUY
2014-02-26,151.00289916992188,0.009998717105676125,0.005247406914584474,0.0001769198202200709,-0.005070487094364403,0.005070487094364403,BUY
2014-02-27,151.79527282714844,0.009342863392874934,0.0025293386496154646,0.00020252825855501095,-0.0023268103910604535,0.0023268103910604535,BUY
2014-02-28,152.17921447753906,0.013051759896618664,-0.007032134164933979,5.771083120351367e-05,0.0070898449961374925,0.0070898449961374925,BUY
2014-03-03,151.10906982421875,0.0003783080870349842,0.014055318525016958,0.0005525579332659498,-0.013502760591751008,0.013502760591751008,BUY
2014-03-04,153.2329559326172,0.014822962100401682,0.0009065674859531914,-1.1447460545056017e-05,-0.0009180149464982474,0.0009180149464982474,SELL
2014-03-05,153.3718719482422,0.01568826023435843,0.002289934545299799,-4.523385753003005e-05,-0.002335168402829829,0.002335168402829829,SELL
2014-03-06,153.72308349609375,0.012700070516296957,0.0004256334573309317,7.144288094758789e-05,-0.0003541905763833438,0.0003541905763833438,BUY
2014-03-07,153.78851318359375,0.010575023084326673,-0.0005308232701809468,0.00015441739959139698,0.0006852406697723438,0.0006852406697723438,BUY
2014-03-10,153.70687866210938,0.017191614248652343,-0.004942951360492942,-0.00010393375938192416,0.004839017601111018,0.004839017601111018,SELL
2014-03-11,152.94711303710938,-0.0018654139624736388,0.0002668717305718271,0.0006401662163694783,0.00037329448579765116,0.00037329448579765116,BUY
2014-03-12,152.98793029785156,-0.002503338099180241,-0.011213102608890302,0.0006650745771797691,0.011878177186070071,0.011878177186070071,BUY
2014-03-13,151.2724609375,-0.015941799389263656,-0.002808209008218099,0.001189792209399531,0.00399800121761763,0.00399800121761763,BUY
2014-03-14,150.84765625,-0.01912273467448722,0.009043742069554828,0.0013139948837294015,-0.007729747185825427,0.007729747185825427,BUY
2014-03-17,152.21188354492188,-0.009726273347036796,0.007137889186533464,0.0009471010234462543,-0.0061907881630872096,0.0061907881630872096,BUY
2014-03-18,153.29835510253906,0.0022964935947791254,-0.005328888163820489,0.0004776605371984035,0.005806548701018892,0.005806548701018892,BUY
2014-03-19,152.4814453125,-0.003310620546114307,0.005839573686603705,0.0006965956959257375,-0.005142977990677968,0.005142977990677968,BUY
2014-03-20,153.3718719482422,0.013878342414284983,-0.0038788707499737285,2.5436122653050685e-05,0.003904306872626779,0.003904306872626779,BUY
2014-03-21,152.77696228027344,0.01278976470854798,-0.004134776598317069,6.794068503647194e-05,0.004202717283353541,0.004202717283353541,BUY
2014-03-24,152.145263671875,-0.00043767852742726543,0.004745565937672058,0.0005844189145956802,-0.004161147023076378,0.004161147023076378,BUY
2014-03-25,152.86727905273438,-0.0028120070141414155,-0.007192330842227923,0.0006771268515214595,0.007869457693749382,0.007869457693749382,BUY
2014-03-26,151.76780700683594,-0.004680164883022364,-0.0021086328472375016,0.000750070870364992,0.0028587037176024937,0.0028587037176024937,BUY
2014-03-27,151.44778442382812,-0.012545243791921457,0.004930237750423672,0.0010571704328234187,-0.003873067317600253,0.003873067317600253,BUY
2014-03-28,152.1944580078125,-0.0038127755897666704,0.008194528772988319,0.0007162028220560866,-0.007478325950932232,0.007478325950932232,BUY
2014-03-31,153.44161987304688,0.008520516313722748,0.006630800670250014,0.00023463759033944578,-0.0063961630799105685,0.0063961630799105685,BUY
2014-04-01,154.4590606689453,0.010412834100761437,0.003346561451575525,0.00016075022427953898,-0.003185811227295986,0.003185811227295986,BUY
2014-04-02,154.97596740722656,0.021138609456524016,-0.0013237821475005074,-0.0002580479793920274,0.0010657341681084799,0.0010657341681084799,SELL
2014-04-03,154.77081298828125,0.021941744325249424,-0.011821481880221585,-0.00028940715196200764,0.011532074728259577,0.011532074728259577,SELL
2014-04-04,152.94119262695312,0.004906450792723893,-0.011051910406644438,0.000375752250859767,0.011427662657504205,0.011427662657504205,BUY
2014-04-07,151.2509002685547,-0.014277218959919291,0.0041228246014402,0.0011247970672719528,-0.0029980275341682473,0.0029980275341682473,BUY
2014-04-08,151.87448120117188,-0.016733103623574497,0.010750663652842496,0.0012206894434823833,-0.009529974209360113,0.009529974209360113,BUY
2014-04-09,153.50723266601562,-0.009477177434560446,-0.021005641012897258,0.0009373748342219968,0.021943015847119256,0.021943015847119256,BUY
2014-04-10,150.28271484375,-0.02899834961047254,-0.00900879770874552,0.0016995977570098564,0.010708395465755376,0.010708395465755376,BUY
2014-04-11,148.92884826660156,-0.02623455650786166,0.00787842381524717,0.0015916827999740062,-0.006286741015273165,0.006286741015273165,BUY
2014-04-14,150.1021728515625,-0.007594846807209454,0.006887906756221529,0.0008638774264073689,-0.0060240293298141605,0.0060240293298141605,BUY
2014-04-15,151.1360626220703,-0.00486203194415169,0.010477490175775372,0.0007571720444975519,-0.00972031813127782,0.00972031813127782,BUY
2014-04-16,152.71958923339844,-0.005130985810491762,0.001396694512965757,0.0007676736066091645,-0.0006290209063565926,0.0006290209063565926,BUY
2014-04-17,152.93289184570312,0.017634609573752513,0.0034873151803771485,-0.00012123093746305722,-0.0036085461178402057,0.0036085461178402057,SELL
2014-04-21,153.46621704101562,0.030466688134803688,0.004544441287063439,-0.0006222717734389257,-0.005166713060502364,0.005166713060502364,SELL
2014-04-22,154.16363525390625,0.027057985405448903,-0.0023417175511923904,-0.0004891757004228921,0.0018525418507694983,0.0018525418507694983,SELL
2014-04-23,153.80262756347656,0.017643472346333677,0.0020273603866975964,-0.0001215769929334943,-0.0021489373796310905,0.0021489373796310905,SELL
2014-04-24,154.11444091796875,0.009133416947832318,-0.008198875173217046,0.00021070629622965947,0.008409581469446707,0.008409581469446707,BUY
2014-04-25,152.8508758544922,-0.0005362874540663087,0.0031671414317424595,0.0005882691948759049,-0.0025788722368665544,0.0025788722368665544,BUY
2014-04-28,153.33497619628906,-0.0008551774276907009,0.004655008612333145,0.0006007205602730942,-0.00405428805206005,0.00405428805206005,BUY
2014-04-29,154.0487518310547,-0.0007452044229648846,0.0029833378220256446,0.0005964265586458094,-0.002386911263379835,0.002386911263379835,BUY
2014-04-30,154.50833129882812,0.0045883724259541125,0.00010576881485002687,0.0003881719262875579,0.00028240311143753105,0.00028240311143753105,BUY
2014-05-01,154.52467346191406,0.002661869591855215,-0.0014338996550682381,0.0004633940803535879,0.001897293735421826,0.001897293735421826,BUY
2014-05-02,154.3031005859375,0.0095009251554945,0.0019147763816491636,0.0001963565851739653,-0.0017184197964751984,0.0017184197964751984,BUY
2014-05-05,154.5985565185547,0.008240652939144555,-0.008704203835637414,0.00024556512468164505,0.008949768960319059,0.008949768960319059,BUY
2014-05-06,153.25289916992188,-0.005166238944964818,0.005889333108446859,0.0007690500991144989,-0.00512028300933236,0.00512028300933236,BUY
2014-05-07,154.15545654296875,-0.0022838558470797965,-0.0010645635259848296,0.0006565046817765365,0.0017210682077613661,0.0017210682077613661,BUY
2014-05-08,153.99134826660156,-0.003451391828658057,0.0014922745067691423,0.0007020922459002054,-0.0007901822608689369,0.0007901822608689369,BUY
2014-05-09,154.2211456298828,-0.0005311296775208918,0.009735791013726347,0.0005880678045352989,-0.009147723209191048,0.009147723209191048,BUY
2014-05-12,155.7226104736328,0.007270792046129015,0.0008956010408960324,0.00028343427505388223,-0.0006121667658421503,0.0006121667658421503,BUY
2014-05-13,155.86207580566406,0.01702530033607541,-0.00473803271540274,-9.743987287744995e-05,0.00464059284252529,0.00464059284252529,SELL
2014-05-14,155.12359619140625,0.006280281412988087,-0.00877979732800327,0.0003221097143687786,0.009101907042372048,0.009101907042372048,BUY
2014-05-15,153.7616424560547,-0.0014916799750931409,0.00346841987380464,0.0006255734137631966,-0.0028428464600414437,0.0028428464600414437,BUY
2014-05-16,154.29495239257812,0.0004785774505426943,0.00366925062555179,0.0005486428196329052,-0.0031206078059188846,0.0031206078059188846,BUY
2014-05-19,154.86109924316406,-0.005532345160721652,-0.006304970441848523,0.0007833450680492697,0.007088315509897793,0.007088315509897793,BUY
2014-05-20,153.88470458984375,-0.012686673173054497,0.0084246010010125,0.001062692678889581,-0.007361908322122919,0.007361908322122919,BUY
2014-05-21,155.18112182617188,0.00037083742369303785,0.002431968692078179,0.0005528496324936576,-0.0018791190595845216,0.0018791190595845216,BUY
2014-05-22,155.5585174560547,0.011686106959435838,0.004008756329157093,0.00011103406220179177,-0.003897722266955301,0.003897722266955301,BUY
2014-05-23,156.18211364746094,0.01223086838305143,0.006146225054225241,8.97633290312335e-05,-0.006056461725194007,0.006056461725194007,BUY
2014-05-27,157.1420440673828,0.01472897219099023,-0.000730400396719455,-7.777534230253937e-06,0.0007226228624892011,0.0007226228624892011,SELL
2014-05-28,157.0272674560547,0.020421541403916388,0.00517260864144653,-0.00023004936834699946,-0.005402658009793529,0.005402658009793529,SELL
2014-05-29,157.83950805664062,0.017130861017015775,0.0016113424276669175,-0.00010156159108334352,-0.001712904018750261,0.001712904018750261,SELL
2014-05-30,158.09384155273438,0.016298201719464833,0.0011417030166864794,-6.90496088239529e-05,-0.0012107526255104323,0.0012107526255104323,SELL
2014-06-02,158.2743377685547,0.013396054594422946,-0.0005181888129639489,4.426751394285427e-05,0.0005624563269068032,0.0005624563269068032,BUY
2014-06-03,158.19232177734375,0.006683620008853808,0.0020227075691512386,0.00030636097138124046,-0.001716346597769998,0.001716346597769998,BUY
2014-06-04,158.51229858398438,0.009457154492898967,0.0065221689633934155,0.00019806565274815,-0.006324103310645266,0.006324103310645266,BUY
2014-06-05,159.546142578125,0.010812467312505403,0.0047827011741374825,0.00014514616157502297,-0.0046375550125624596,0.0046375550125624596,BUY
2014-06-06,160.3092041015625,0.014012959183417495,0.001023508036912979,2.0179881567740626e-05,-0.0010033281553452384,0.0010033281553452384,BUY
2014-06-09,160.47328186035156,0.013893244620694079,0.00010269305890964198,2.4854251686350082e-05,-7.78388072232919e-05,7.78388072232919e-05,BUY
2014-06-10,160.48976135253906,0.014523078929386868,-0.003477039096462353,2.617659832491494e-07,0.0034773008624456024,0.0034773008624456024,BUY
2014-06-11,159.93173217773438,0.008954722166229612,-0.0070793793814996064,0.00021768360566030022,0.007297062987159907,0.007297062987159907,BUY
2014-06-12,158.7995147705078,-0.004679698271310984,0.0030482118672039427,0.0007500526510624189,-0.0022981592161415237,0.0022981592161415237,BUY
2014-06-13,159.2835693359375,-0.0063978532697051005,0.000824040445997376,0.0008171396637108969,-6.90078228647909e-06,6.90078228647909e-06,BUY
2014-06-16,159.41482543945312,-0.006595842053130907,0.002779540575128081,0.0008248703259796437,-0.0019546702491484375,0.0019546702491484375,BUY
2014-06-17,159.85792541503906,-0.0039369236527935225,0.007339796146575983,0.0007210503024535776,-0.006618745844122405,0.006618745844122405,BUY
2014-06-18,161.03125,0.00687491973790233,0.0011210664600718179,0.0002988914896672369,-0.000822174970404581,0.000822174970404581,BUY
2014-06-19,161.21177673339844,0.015190612933400738,0.0020299711079088123,-2.580274054405729e-05,-0.0020557738484528695,0.0020557738484528695,SELL
2014-06-20,161.53903198242188,0.014160045859642256,-0.0003062355489786839,1.4436740979414161e-05,0.00032067228995809804,0.00032067228995809804,BUY
2014-06-23,161.48956298828125,0.013014708908715145,-0.0060239734375974185,5.915752262334792e-05,0.006083130960220767,0.006083130960220767,BUY
2014-06-24,160.51675415039062,0.004121339205679364,0.004519552311080366,0.00040640768708045266,-0.004113144623999913,0.004113144623999913,BUY
2014-06-25,161.24221801757812,0.001310106066854333,-0.0007158964983056126,0.0005161749859088175,0.0012320714842144302,0.0012320714842144302,BUY
2014-06-26,161.1267852783203,-0.0005272037614142411,0.0019443909123495473,0.0005879145133690479,-0.0013564763989804994,0.0013564763989804994,BUY
2014-06-27,161.44007873535156,-0.0006125655567942312,-0.0005102958496662202,0.0005912475466819368,0.001101543396348157,0.001101543396348157,BUY
2014-06-30,161.35769653320312,-0.0008165633285396323,0.0066930263425912795,0.0005992128356728233,-0.006093813506918456,0.006093813506918456,BUY
2014-07-01,162.4376678466797,0.011967060425912557,0.0010148874901778626,0.00010006396417409685,-0.0009148235260037658,0.0009148235260037658,BUY
2014-07-02,162.60252380371094,0.008436412019490636,0.004918302464481439,0.00023792152331185786,-0.004680380941169581,0.004680380941169581,BUY
2014-07-03,163.40225219726562,0.014122213851749166,-0.003481645349168394,1.5913928075114692e-05,0.003497559277243509,0.003497559277243509,BUY
2014-07-07,162.83334350585938,0.008630228512163773,-0.006429775308800734,0.00023035377214412304,0.006660129080944857,0.006660129080944857,BUY
2014-07-08,161.78636169433594,0.002656614282074976,0.004484274058503823,0.00046359927897305357,-0.00402067477953077,0.00402067477953077,BUY
2014-07-09,162.51185607910156,0.00045671815783454583,-0.0039570430229840525,0.0005494963367182491,0.004506539359702301,0.004506539359702301,BUY
2014-07-10,161.86878967285156,-0.004512439989831418,0.0013752525986183706,0.0007435218907668286,-0.000631730707851542,0.000631730707851542,BUY
2014-07-11,162.09140014648438,-0.008022239798743613,0.005035385135889525,0.0008805653963843045,-0.004154819739505221,0.004154819739505221,BUY
2014-07-14,162.9075927734375,0.0004559831910315726,-0.0018726504058704796,0.0005495250342031986,0.0024221754400736784,0.0024221754400736784,BUY
2014-07-15,162.60252380371094,0.005044690422774778,0.003701465768808143,0.00037035455168919583,-0.0033311112171189473,0.0033311112171189473,BUY
2014-07-16,163.2043914794922,0.004261445392965912,-0.011365902554123508,0.00040093710638929974,0.011766839660512807,0.011766839660512807,BUY
2014-07-17,161.34942626953125,-0.0032085456644853627,0.01021931123652342,0.000692610084102978,-0.009526701152420443,0.009526701152420443,BUY
2014-07-18,162.99830627441406,0.00559502926811728,-0.0018715146059489207,0.0003488660427287416,0.0022203806486776625,0.0022203806486776625,BUY
2014-07-21,162.69325256347656,-0.001315716513342835,0.004357892061396029,0.0006187027513403382,-0.003739189310055691,0.003739189310055691,BUY
2014-07-22,163.40225219726562,0.004918302464481439,0.00222005784065904,0.00037528949094937057,-0.0018447683497096693,0.0018447683497096693,BUY
2014-07-23,163.7650146484375,0.003435098552576399,5.022127175546842e-05,0.0004332026126940603,0.0003829813409385919,0.0003829813409385919,BUY
2014-07-24,163.7732391357422,0.015022135016222515,-0.004681430979080248,-1.9224358400834704e-05,0.004662206620679413,0.004662206620679413,SELL
2014-07-25,163.0065460205078,5.0551114806562936e-05,0.0004045756930510791,0.0005653555191426993,0.00016077982609162024,0.00016077982609162024,BUY
2014-07-28,163.07249450683594,0.0023310244117924483,-0.004296948504082354,0.00047631224827225877,0.004773260752354613,0.004773260752354613,BUY
2014-07-29,162.3717803955078,-0.00630635005271396,0.00015195658909417098,0.0008135668326907629,0.0006616102435965919,0.0006616102435965919,BUY
2014-07-30,162.39645385742188,-0.008356856890060271,-0.01974834851008389,0.0008936308422017885,0.020641979352285678,0.020641979352285678,BUY
2014-07-31,159.18939208984375,-0.027988986907068192,-0.0030552201763772713,0.0016601862204991924,0.004715406396876464,0.004715406396876464,BUY
2014-08-01,158.70303344726562,-0.02640085737845621,0.007220624796529407,0.001598176177241748,-0.005622448619287659,0.005622448619287659,BUY
2014-08-04,159.84896850585938,-0.019767441534056074,-0.009696194928875523,0.0013391680824704241,0.011035363011345948,0.011035363011345948,BUY
2014-08-05,158.29904174804688,-0.02508279848592221,0.000312696218322861,0.0015467113014432815,0.0012340150831204205,0.0012340150831204205,BUY
2014-08-06,158.34854125976562,-0.024926114465591565,-0.005414775963066387,0.0015405934233335876,0.006955369386399975,0.006955369386399975,BUY
2014-08-07,157.49111938476562,-0.010668252970773673,0.011568752035830965,0.0009838815228722722,-0.010584870512958693,0.010584870512958693,BUY
2014-08-08,159.31309509277344,0.0038440452728367713,0.002897782274690508,0.0004172348951014662,-0.0024805473795890417,0.0024805473795890417,BUY
2014-08-11,159.77474975585938,-0.00046430546717779464,-0.0013929904293745743,0.0005854585890403628,0.0019784490184149373,0.0019784490184149373,BUY
2014-08-12,159.55218505859375,0.007916303830451499,0.006769147963947786,0.000258229647252514,-0.006510918316695272,0.006510918316695272,BUY
2014-08-13,160.63221740722656,0.014421832555530978,0.004721676519087392,4.215027924011857e-06,-0.00471746149116338,0.00471746149116338,BUY
2014-08-14,161.3906707763672,0.024760452569230873,-0.00020431319236380308,-0.0003994663234529938,-0.0001951531310891907,0.0001951531310891907,SELL
2014-08-15,161.35769653320312,0.012833856747551442,0.008379309255699852,6.621906901167372e-05,-0.008313090186688177,0.008313090186688177,BUY
2014-08-18,162.7097625732422,0.01836969121758969,0.005218811692051295,-0.0001499329064843974,-0.005368744598535692,0.005368744598535692,SELL
2014-08-19,163.5589141845703,0.025112342551154354,0.0026716119054794873,-0.00041320620587933956,-0.003084818111358827,0.003084818111358827,SELL
2014-08-20,163.99588012695312,0.020940149952603626,0.002915618451465596,-0.00025029893738931985,-0.0031659173888549156,0.0031659173888549156,SELL
2014-08-21,164.47402954101562,0.019104938035240826,-0.0015539518154331633,-0.00017864132487599622,0.0013753104905571672,0.0013753104905571672,SELL
2014-08-22,164.21844482421875,0.017729233575337844,0.005070608108735941,-0.00012492562251599938,-0.0051955337312519405,0.0051955337312519405,SELL
2014-08-25,165.05113220214844,0.014389853392185348,0.00064954569243314,5.463685081172386e-06,-0.0006440820073519676,0.0006440820073519676,BUY
2014-08-26,165.15834045410156,0.00977890002208226,-0.0003999513295540602,0.00018550278944065715,0.0005854541189947173,0.0005854541189947173,BUY
2014-08-27,165.09228515625,0.006685564469351979,-0.0005491017689561728,0.0003062850480529277,0.0008553868170091004,0.0008553868170091004,BUY
2014-08-28,165.0016326904297,0.0032078204132677257,0.0028483715842728685,0.000442076906003322,-0.0024062946782695467,0.0024062946782695467,BUY
2014-08-29,165.47161865234375,0.00763113930025594,-0.0004984163178828327,0.00026936417030893646,0.0007677804881917692,0.0007677804881917692,BUY
2014-09-02,165.38914489746094,0.0020479271532565235,-0.0005482084369297091,0.00048736605272057696,0.001035574489650286,0.001035574489650286,BUY
2014-09-03,165.29847717285156,0.000848499193953467,-0.0014468751549086,0.0005341988697550765,0.0019810740246636767,0.0019810740246636767,BUY
2014-09-04,165.05931091308594,-0.00019973218695745754,0.004495472864969319,0.0005751280711224912,-0.003920344793846828,0.003920344793846828,BUY
2014-09-05,165.80133056640625,0.004846605836179352,-0.0025855985428249184,0.00037808895468474424,0.002963687497509663,0.002963687497509663,BUY
2014-09-08,165.3726348876953,-0.0005981917953942206,-0.006331230858192427,0.0005906863093583252,0.0069219171675507524,0.0069219171675507524,BUY
2014-09-09,164.32562255859375,-0.0064304240736389184,0.003762659663018031,0.0008184114220432486,-0.0029442482409747822,0.0029442482409747822,BUY
2014-09-10,164.9439239501953,-0.0021449273382324607,0.0011499787460689248,0.0006510800846715101,-0.0004988986613974147,0.0004988986613974147,BUY
2014-09-11,165.13360595703125,0.00045011119660154364,-0.00584123591921637,0.0005497543118673018,0.006390990231083671,0.006390990231083671,BUY
2014-09-12,164.1690216064453,-0.009844969002267279,-0.0007535100210698253,0.0009517356093428756,0.001705245630412701,0.001705245630412701,BUY
2014-09-15,164.04531860351562,-0.008026214766917561,0.007538363857673369,0.0008807206028356504,-0.006657643254837719,0.006657643254837719,BUY
2014-09-16,165.28195190429688,0.0058197214214850135,0.0013469452039795993,0.00034009272172505804,-0.0010068524822545413,0.0010068524822545413,BUY
2014-09-17,165.50457763671875,0.0033990563162102916,0.005330010359094306,0.0004346099164409472,-0.004895400442653359,0.004895400442653359,BUY
2014-09-18,166.38671875,0.007588478345799787,-0.000901202459208772,0.00027102990826265486,0.0011722323674714268,0.0011722323674714268,BUY
2014-09-19,166.2367706298828,0.012595244847072307,-0.007723168026267935,7.553589991487098e-05,0.0077987039261828055,0.0077987039261828055,BUY
2014-09-22,164.95289611816406,0.005532480429033093,-0.005724049899203054,0.00035130832224526394,0.006075358221448318,0.006075358221448318,BUY
2014-09-23,164.00869750976562,-0.0077035295134250115,0.007827994932117832,0.0008681210470896523,-0.00695987388502818,0.00695987388502818,BUY
2014-09-24,165.2925567626953,-0.0012810574610740977,-0.01613553442738147,0.0006173494553454423,0.016752883882726912,0.016752883882726912,BUY
2014-09-25,162.62547302246094,-0.02260544444770518,0.007945431257396551,0.0014499806328761486,-0.006495450624520402,0.006495450624520402,BUY
2014-09-26,163.9176025390625,-0.01395099340556738,-0.0018193151242950067,0.0011120592770775184,0.002931374401372525,0.002931374401372525,BUY
2014-09-29,163.619384765625,-0.008084194845441206,-0.002632295560181186,0.0008829844907065998,0.0035152800508877857,0.0035152800508877857,BUY
2014-09-30,163.18869018554688,-0.004999779503583435,-0.013552090215614543,0.0007625505302980365,0.01431464074591258,0.01431464074591258,BUY
2014-10-01,160.97714233398438,-0.02610773596361282,0.00015450532796923433,0.001586730969979587,0.0014322256420103527,0.0014322256420103527,BUY
2014-10-02,161.00201416015625,-0.009982807933665239,0.01100931551634532,0.0009571176628495677,-0.010052197853495752,0.010052197853495752,BUY
2014-10-03,162.7745361328125,-0.006973420722021562,-0.0011702734787757407,0.0008396132478693092,0.00200988672664505,0.00200988672664505,BUY
2014-10-06,162.58404541015625,-0.006327730402799214,-0.015436446068871401,0.0008144016490012464,0.01625084771787265,0.01625084771787265,BUY
2014-10-07,160.07432556152344,-0.01908443912677027,0.01748931975588497,0.0013124995972759275,-0.01617682015860904,0.01617682015860904,BUY
2014-10-08,162.87391662597656,0.01178287963428315,-0.01983285718100014,0.00010725548013697418,0.019940112661137117,0.019940112661137117,BUY
2014-10-09,159.64366149902344,-0.008436867502673584,-0.011414581749687236,0.0008967549334423452,0.012311336683129582,0.012311336683129582,BUY
2014-10-10,157.82139587402344,-0.030429453994865963,-0.016426789060757452,0.001755476602647665,0.01818226566340512,0.01818226566340512,BUY
2014-10-13,155.22889709472656,-0.04523905341926149,0.0015471222533272044,0.002333731640657581,0.0007866093873303767,0.0007866093873303767,BUY
2014-10-14,155.46905517578125,-0.028769575443078677,-0.006766043565398117,0.001690665049846683,0.0084567086152448,0.0084567086152448,BUY
2014-10-15,154.41714477539062,-0.05192219862929959,-0.0008583104032240385,0.00259468146628827,0.0034529918695123084,0.0034529918695123084,BUY
2014-10-16,154.28460693359375,-0.03356885275061461,0.011810966773861287,0.0018780574432775128,-0.009932909330583774,0.009932909330583774,BUY
2014-10-17,156.1068572998047,-0.010863790455809541,0.009709871905111411,0.000991516471840272,-0.00871835543327114,0.00871835543327114,BUY
2014-10-20,157.6226348876953,0.015420697033671438,0.019811118284422724,-3.478659529493908e-05,-0.019845904879717664,0.019845904879717664,SELL
2014-10-21,160.7453155517578,0.033937688564524615,-0.0071111351588407645,-0.0007578003200189513,0.006353334838821813,0.006353334838821813,SELL
2014-10-22,159.60223388671875,0.03357845476854382,0.011624816485992229,-0.0007437736913170881,-0.012368590177309317,0.012368590177309317,SELL
2014-10-23,161.45758056640625,0.04649182945321195,0.007695001854217232,-0.0012479888125457195,-0.008942990666762952,0.008942990666762952,SELL
2014-10-24,162.6999969482422,0.04223478559801719,-0.0013745102439746137,-0.0010817684452182619,0.00029274179875635187,0.00029274179875635187,SELL
2014-10-27,162.4763641357422,0.030793351801948532,0.011470268127002692,-0.0006350266701682821,-0.012105294797170974,0.012105294797170974,SELL
2014-10-28,164.3400115966797,0.02236267994860741,-0.0015118586148968882,-0.0003058429877945178,0.0012060156271023704,0.0012060156271023704,SELL
2014-10-29,164.091552734375,0.028128170504446937,0.0064106951298803505,-0.0005309621058052923,-0.006941657235685643,0.006941657235685643,SELL
2014-10-30,165.14349365234375,0.02282898748393869,0.011435256758759449,-0.0003240504135215849,-0.011759307172281033,0.011759307172281033,SELL
2014-10-31,167.03195190429688,0.026625415103312955,0.0005451918156185176,-0.0004722855773793518,-0.0010174773929978694,0.0010174773929978694,SELL
2014-11-03,167.12301635742188,0.02859894266096208,-0.0034691388526568723,-0.0005493438569559171,0.002919794995700955,0.002919794995700955,SELL
2014-11-04,166.54324340820312,0.013406545308823237,0.006316322994805557,4.3857893920026553e-05,-0.0062724651008855305,0.0062724651008855305,BUY
2014-11-05,167.59518432617188,0.02135168772196594,0.00400290690104943,-0.000266367824983478,-0.004269274726032908,0.004269274726032908,SELL
2014-11-06,168.26605224609375,0.018908153901137315,0.0009355715229331096,-0.00017095769929741848,-0.001106529222230528,0.001106529222230528,SELL
2014-11-07,168.42347717285156,0.008330892698613646,0.003147366037854926,0.0002420416265743399,-0.0029053244112805863,0.0029053244112805863,BUY
2014-11-10,168.9535675048828,0.010953315631558436,0.0009804434230589187,0.0001396466036360365,-0.0008407968194228822,0.0008407968194228822,BUY
2014-11-11,169.1192169189453,0.01546729520829837,-0.0010773772698027262,-3.66060657929528e-05,0.0010407712040097733,0.0010407712040097733,SELL
2014-11-12,168.93701171875,0.008006360075159868,0.0011276746256319026,0.00025471331465535505,-0.0008729613109765475,0.0008729613109765475,BUY
2014-11-13,169.1275177001953,0.005119662835149086,0.0002447685349462603,0.000367427181817477,0.00012265864687121674,0.00012265864687121674,BUY
2014-11-14,169.16891479492188,0.004425972166013814,0.0006362604984335718,0.0003945130004647503,-0.0002417474979688215,0.0002417474979688215,BUY
2014-11-17,169.27655029296875,0.0019116659852511653,0.005774173973210672,0.0004926865009397515,-0.005281487472270921,0.005281487472270921,BUY
2014-11-18,170.2539825439453,0.006709856193006569,-0.0016055186679411193,0.0003053365543642954,0.0019108552223054147,0.0019108552223054147,BUY
2014-11-19,169.9806365966797,0.006177597598725937,0.0017540629582926126,0.0003261191025512403,-0.0014279438557413724,0.0014279438557413724,BUY
2014-11-20,170.27879333496094,0.006807145581161134,0.005350560796731685,0.0003015377967319582,-0.0050490229999997265,0.0050490229999997265,BUY
2014-11-21,171.18988037109375,0.011946435777647535,0.0028066422440302663,0.00010086927338096073,-0.0027057729706493057,0.0027057729706493057,BUY
2014-11-24,171.67034912109375,0.014141349312601248,-0.0007238732766678968,1.5166765621542127e-05,0.0007390400422894389,0.0007390400422894389,BUY
2014-11-25,171.54608154296875,0.0075892439032367864,0.0025591410550944715,0.00027100001633700957,-0.002288141038757462,0.002288141038757462,BUY
2014-11-26,171.98509216308594,0.011792258262700361,-0.002119469817584041,0.00010688928257980449,0.0022263591001638453,0.0022263591001638453,BUY
2014-11-28,171.62057495117188,0.007879910292595715,-0.006949385124962126,0.00025965066790358205,0.007209035792865709,0.007209035792865709,BUY
2014-12-01,170.42791748046875,-0.00445098091647278,0.006463688777423204,0.0007411221622000646,-0.00572256661522314,0.00572256661522314,BUY
2014-12-02,171.52951049804688,-0.0008204015647893526,0.0038630564029720205,0.000599362703294821,-0.0032636936996771997,0.0032636936996771997,BUY
2014-12-03,172.192138671875,0.0037660850256402423,-0.0011061797904151627,0.0004202789278544136,0.0015264587182695763,0.0015264587182695763,BUY
2014-12-04,172.0016632080078,9.635163556009907e-05,0.001637021580598308,0.000563567193806527,-0.001073454386791781,0.001073454386791781,BUY
2014-12-05,172.28323364257812,0.0038611844273028773,-0.006682636075500348,0.0004165656803487072,0.007099201755849055,0.007099201755849055,BUY
2014-12-08,171.13192749023438,0.004130837366162821,-0.0006776455952768323,0.0004060368222789147,0.001083682417555747,0.001083682417555747,BUY
2014-12-09,171.01596069335938,-0.002993944325943576,-0.016031029376048722,0.0006842307686590342,0.016715260144707755,0.016715260144707755,BUY
2014-12-10,168.27439880371094,-0.02275214129043146,0.005069808019219302,0.0014557085520409897,-0.003614099467178312,0.003614099467178312,BUY
2014-12-11,169.1275177001953,-0.016709986718771996,-0.01616185073522136,0.0012197868217245509,0.01738163755694591,0.01738163755694591,BUY
2014-12-12,166.39410400390625,-0.03418283668212063,-0.006869082653846892,0.0019020310357749336,0.008771113689621825,0.008771113689621825,BUY
2014-12-15,165.25112915039062,-0.03436412144764356,-0.008019743122234413,0.0019091094736160947,0.009928852595850508,0.009928852595850508,BUY
2014-12-16,163.9258575439453,-0.04145872186822952,0.019604590691000512,0.002186124963252712,-0.0174184657277478,0.0174184657277478,BUY
2014-12-17,167.13955688476562,-0.006743996276397879,0.024728999207388025,0.0008306551499678907,-0.023898344057420133,0.023898344057420133,BUY
2014-12-18,171.2727508544922,0.012684116597156292,0.004254877108005761,7.206581704833725e-05,-0.004182811290957424,0.004182811290957424,BUY
2014-12-19,172.00149536132812,0.033699459430907686,0.004600307479669219,-0.0007484984346156362,-0.005348805914284855,0.005348805914284855,SELL
2014-12-22,172.79275512695312,0.04563736426695808,0.0013495940444427923,-0.0012146253984116771,-0.0025642194428544696,0.0025642194428544696,SELL
2014-12-23,173.0259552001953,0.055513497337114304,9.586020601215495e-05,-0.0016002485027386381,-0.001696108708750793,0.001696108708750793,SELL
2014-12-24,173.04254150390625,0.03531769934756035,0.003224985529759028,-0.0008116841669030133,-0.004036669696662041,0.004036669696662041,SELL
2014-12-26,173.60060119628906,0.013591481015999607,0.001343050054368078,3.663690155432462e-05,-0.0013064131528137532,0.0013064131528137532,BUY
2014-12-29,173.83375549316406,0.010652582571953007,-0.005365872541523209,0.000151389014880902,0.005517261556404111,0.005517261556404111,BUY
2014-12-30,172.90098571777344,0.0006263606986345316,-0.009922833681294652,0.0005428724807267898,0.010465706162021441,0.010465706162021441,BUY
2014-12-31,171.18531799316406,-0.010637925419348715,-0.0005351730545893885,0.0009826973544893585,0.001517870409078747,0.001517870409078747,BUY
2015-01-02,171.0937042236328,-0.011262185953443415,-0.018059633113843065,0.001007072206808212,0.019066705320651276,0.019066705320651276,BUY
2015-01-05,168.00381469726562,-0.03223944191699657,-0.009419000285005863,0.0018261493200329188,0.011245149605038782,0.011245149605038782,BUY
2015-01-06,166.42138671875,-0.0426405605366188,0.012460996065498664,0.00223227098952438,-0.010228725075974283,0.010228725075974283,BUY
2015-01-07,168.4951629638672,-0.025481767704308433,0.01774507745031273,0.0015622894378892055,-0.016182788012423524,0.016182788012423524,BUY
2015-01-08,171.48512268066406,0.0017513457988960202,-0.008013294361170265,0.0004989463566453582,0.008512240717815622,0.008512240717815622,BUY
2015-01-09,170.1109619140625,-0.00574388352879307,-0.00783359609170542,0.0007916047868684157,0.008625200878573835,0.008625200878573835,BUY
2015-01-12,168.77838134765625,0.004610411089690736,-0.0028130215368147304,0.0003873114054880746,0.003200332942302805,0.003200332942302805,BUY
2015-01-13,168.30360412597656,0.01130994906566607,-0.006037292117050397,0.0001257215085618371,0.006163013625612234,0.006163013625612234,BUY
2015-01-14,167.28750610351562,-0.0071673087767542,-0.009160335422900734,0.0008471837932464113,0.010007519216147145,0.010007519216147145,BUY
2015-01-15,165.75509643554688,-0.03341413036620977,0.013114054169198974,0.0018720161591272053,-0.01124203801007177,0.01124203801007177,BUY
2015-01-16,167.92881774902344,-0.012827769242416354,0.0021326836149182515,0.0010682019104774042,-0.0010644817044408474,0.0010644817044408474,BUY
2015-01-20,168.28695678710938,-0.0029116558449190366,0.005048121953559193,0.0006810177358578741,-0.004367104217701319,0.004367104217701319,BUY
2015-01-21,169.13648986816406,0.004948710079696772,0.01487081679338842,0.00037410219639883943,-0.01449671459698958,0.01449671459698958,BUY
2015-01-22,171.6516876220703,0.026087910688645133,-0.00548244278677068,-0.0004512982010954098,0.005031144585675271,0.005031144585675271,SELL
2015-01-23,170.7106170654297,0.029896641107561628,0.0023412337720087883,-0.000600013739581352,-0.00294124751159014,0.00294124751159014,SELL
2015-01-26,171.11029052734375,0.01894536519083423,-0.013190077585964022,-0.0001724106498547875,0.013017666936109234,0.013017666936109234,SELL
2015-01-27,168.85333251953125,0.00336553553070873,-0.012824449582919617,0.0004359187677163164,0.013260368350635933,0.013260368350635933,BUY
2015-01-28,166.68788146972656,-0.014477114904927424,0.009243726941373431,0.0011326021964970078,-0.008111124744876424,0.008111124744876424,BUY
2015-01-29,168.22869873046875,-0.019941481141379946,-0.012575106330718566,0.0013459636261488382,0.013921069956867404,0.013921069956867404,BUY
2015-01-30,166.1132049560547,-0.026931026250188728,0.012384081231665789,0.0016188771302040779,-0.010765204101461711,0.010765204101461711,BUY
2015-02-02,168.1703643798828,-0.017181468971856684,0.01446102166794172,0.0012381962992779666,-0.013222825368663753,0.013222825368663753,BUY
2015-02-03,170.60227966308594,0.010357788723846406,-0.003807669916554457,0.0001628995239066334,0.0039705694404610905,0.0039705694404610905,BUY
2015-02-04,169.9526824951172,0.01958631303370173,0.01009497290317074,-0.0001974370741771893,-0.010292409977347929,0.010292409977347929,SELL
2015-02-05,171.66835021972656,0.02044628244297786,-0.002765309889189438,-0.00023101540598737804,0.00253429448320206,0.00253429448320206,SELL
2015-02-06,171.19363403320312,0.030584137356765018,-0.004475751082104074,-0.0006268576911510285,0.003848893390953045,0.003848893390953045,SELL
2015-02-09,170.4274139404297,0.013421208718132904,0.010653290752879574,4.328534701549989e-05,-0.010610005405864074,0.010610005405864074,BUY
2015-02-10,172.24302673339844,0.009617380691235411,0.0005802561082142166,0.00019180946689503357,-0.000388446641319183,0.000388446641319183,BUY
2015-02-11,172.3429718017578,0.014064440004995404,0.009616660744993899,1.8169763428469593e-05,-0.009598490981565429,0.009598490981565429,BUY
2015-02-12,174.00033569335938,0.013584248177651803,0.0041169711958466415,3.691931467664309e-05,-0.004080051881169998,0.004080051881169998,BUY
2015-02-13,174.71669006347656,0.02057936353865908,0.0015725444189651494,-0.00023621168522736742,-0.001808756104192517,0.001808756104192517,SELL
2015-02-17,174.99143981933594,0.02677988108475038,9.548109347923273e-05,-0.0004783168500294547,-0.0005737979435086874,0.0005737979435086874,SELL
2015-02-18,175.00814819335938,0.01605360467939776,-0.0007139037018191186,-5.949908239525638e-05,0.0006544046194238622,0.0006544046194238622,SELL
2015-02-19,174.88320922851562,0.014739431496398891,0.006000359824401613,-8.185927858826952e-06,-0.00600854575226044,0.00600854575226044,SELL
2015-02-20,175.9325714111328,0.011104781551563248,-0.000141978472178117,0.00013373247126691168,0.00027571094344502867,0.00027571094344502867,BUY
2015-02-23,175.9075927734375,0.00681619317266291,0.0028406666042115614,0.000301184524829199,-0.0025394820793823623,0.0025394820793823623,BUY
2015-02-24,176.40728759765625,0.008090954504872183,-0.0008494919309943727,0.0002514102438722155,0.0011009021748665882,0.0011009021748665882,BUY
2015-02-25,176.25743103027344,0.007138426695046052,-0.0011815215500856624,0.0002886026073583733,0.0014701241574440356,0.0014701241574440356,BUY
2015-02-26,176.04917907714844,0.0066671343336870414,-0.0034061797647145786,0.0003070046704069193,0.003713184435121498,0.003713184435121498,BUY
2015-02-27,175.44952392578125,-0.002745639886219453,0.00631347699564988,0.0006745354832488035,-0.005638941512401077,0.005638941512401077,BUY
2015-03-02,176.55722045898438,0.0036930053746091485,-0.004104105021116022,0.00042313239304099553,0.004527237414157018,0.004527237414157018,BUY
2015-03-03,175.83261108398438,-0.0032576687817035266,-0.004215348189062107,0.0006945281434103327,0.00490987633247244,0.00490987633247244,BUY
2015-03-04,175.09141540527344,-0.006615412571171153,0.001093876132471694,0.0008256344756591141,-0.0002682416568125798,0.0002682416568125798,BUY
2015-03-05,175.28294372558594,-0.00435239377757457,-0.014064435962258592,0.0007372727326431136,0.014801708694901706,0.014801708694901706,BUY
2015-03-06,172.81768798828125,-0.015000530515051791,0.004144703499449953,0.0011530394618715777,-0.0029916640375783755,0.0029916640375783755,BUY
2015-03-09,173.53396606445312,-0.017123368767767655,-0.01622214980723169,0.0012359277209889048,0.017458077528220595,0.017458077528220595,BUY
2015-03-10,170.7188720703125,-0.02908299536784653,-0.002341567461239591,0.0017029028319308598,0.004044470293170451,0.004044470293170451,BUY
2015-03-11,170.31912231445312,-0.027256008410087795,0.012714170195145424,0.0016315663708674965,-0.011082603824277927,0.011082603824277927,BUY
2015-03-12,172.48458862304688,-0.01596478837621551,-0.0061324581230455255,0.0011906898364819865,0.007323147959527512,0.007323147959527512,BUY
2015-03-13,171.4268341064453,-0.008048099115469332,0.013360387779605354,0.0008815750982504812,-0.012478812681354872,0.012478812681354872,BUY
2015-03-16,173.7171630859375,0.0010556839426831832,-0.0029725787036809503,0.0005261091421859146,0.0034986878458668647,0.0034986878458668647,BUY
2015-03-17,173.20077514648438,0.014537953807178816,0.012021704737409822,-3.190379113387088e-07,-0.012022023775321161,0.012022023775321161,SELL
2015-03-18,175.28294372558594,0.029144240198515803,-0.004561281055157851,-0.0005706355232102671,0.003990645531947584,0.003990645531947584,SELL
2015-03-19,174.48342895507812,0.01158851551891149,0.008826801630720471,0.00011484461375910724,-0.008711957016961364,0.008711957016961364,BUY
2015-03-20,176.0235595703125,0.026814503620902874,-0.0019487026564076748,-0.0004796687202175086,0.0014690339361901662,0.0014690339361901662,SELL
2015-03-23,175.6805419921875,0.011302158470540613,-0.005618930984765624,0.00012602569983340985,0.005744956684599034,0.005744956684599034,BUY
2015-03-24,174.6934051513672,0.008617917579297307,-0.01465396922115314,0.0002308344643457574,0.014884803685498897,0.014884803685498897,BUY
2015-03-25,172.13345336914062,-0.017968036646942687,-0.002381273613949464,0.001268908589855184,0.0036501822038046477,0.0036501822038046477,BUY
2015-03-26,171.7235565185547,-0.015817389955317673,0.0022899260934372556,0.0011849345235233877,-0.0011049915699138679,0.0011049915699138679,BUY
2015-03-27,172.11679077148438,-0.022194579000475056,0.01219963464040208,0.0014339379967455825,-0.010765696643656498,0.010765696643656498,BUY
2015-03-30,174.216552734375,-0.00833324647801692,-0.008739337379535361,0.0008927089509795946,0.009632046330514956,0.009632046330514956,BUY
2015-03-31,172.6940155029297,-0.011445135245403693,-0.003536327028298647,0.0010142156376833314,0.004550542665981978,0.004550542665981978,BUY
2015-04-01,172.08331298828125,-0.0002912878343981351,0.003597380022011709,0.0005787029493399007,-0.0030186770726718087,0.0030186770726718087,BUY
2015-04-02,172.70236206054688,0.005699890928396956,0.006732947984232851,0.00034477161845613625,-0.006388176365776715,0.006388176365776715,BUY
2015-04-06,173.8651580810547,0.010158028753229464,-0.0026460303795882156,0.00017069934388094538,0.002816729723469161,0.002816729723469161,BUY
2015-04-07,173.4051055908203,-0.00465769257179538,0.0033767216339410933,0.000749193417382616,-0.0026275282165584774,0.0026275282165584774,BUY
2015-04-08,173.9906463623047,0.007508255891779836,0.004423708135941284,0.0002741622710544627,-0.004149545864886822,0.004149545864886822,BUY
2015-04-09,174.7603302001953,0.015556518324913782,0.005457041167831189,-4.008986810328532e-05,-0.005497131035934475,0.005497131035934475,SELL
2015-04-10,175.71400451660156,0.017438339696818073,-0.004523084482058404,-0.00011356739154972403,0.0044095170905086795,0.0044095170905086795,SELL
2015-04-13,174.9192352294922,0.0060626128896170695,0.0019133760724356907,0.00033060879099121115,-0.0015827672814444796,0.0015827672814444796,BUY
2015-04-14,175.25392150878906,0.010661830928619498,0.004487071937420595,0.00015102790390939918,-0.004336044033511195,0.004336044033511195,BUY
2015-04-15,176.04029846191406,0.011780243032957882,-0.0002854300567644019,0.00010735842876886275,0.00039278848553326467,0.00039278848553326467,BUY
2015-04-16,175.99005126953125,0.007036614476106928,-0.01150326296437465,0.00029257796326405264,0.011795840927638702,0.011795840927638702,BUY
2015-04-17,173.96559143066406,-0.009950334298893693,0.009137086024578966,0.0009558496985805135,-0.008181236325998454,0.008181236325998454,BUY
2015-04-20,175.5551300048828,0.00363536219762417,-0.001191463219918032,0.00042538312626768586,0.0016168463461857178,0.0016168463461857178,BUY
2015-04-21,175.34596252441406,0.000525186625398133,0.004913817401824838,0.0005468229196204009,-0.004366994482204437,0.004366994482204437,BUY
2015-04-22,176.20758056640625,0.0009502489256933977,0.002516379544750036,0.0005302259537221248,-0.001986153591027911,0.001986153591027911,BUY
2015-04-23,176.65098571777344,0.0037555216529254754,0.002320117674710076,0.0004206913848909374,-0.0018994262898191386,0.0018994262898191386,BUY
2015-04-24,177.0608367919922,0.017792284875838726,-0.004157582404267446,-0.00012738752112128194,0.004030194883146164,0.004030194883146164,SELL
2015-04-27,176.32469177246094,0.00438359031465918,0.003178714417190198,0.00039616784056971854,-0.0027825465766204796,0.0027825465766204796,BUY
2015-04-28,176.8851776123047,0.008778160989457051,-0.004114352339521954,0.00022457760644046377,0.004338929945962418,0.004338929945962418,BUY
2015-04-29,176.15740966796875,-0.00028472610699392664,-0.010020570563755382,0.000578446740389152,0.010599017304144535,0.010599017304144535,BUY
2015-04-30,174.3922119140625,-0.01278664704039445,0.010841836288280726,0.0010665962545908542,-0.009775240033689871,0.009775240033689871,BUY
2015-05-01,176.28294372558594,-0.00439336603452356,0.002847255649435887,0.0007388725337802302,-0.0021083831156556566,0.0021083831156556566,BUY
2015-05-04,176.7848663330078,0.002609813497594038,-0.011451976488750515,0.00046542666056747665,0.011917403149317992,0.011917403149317992,BUY
2015-05-05,174.7603302001953,-0.012012580368755299,-0.0041167045443532,0.0010363720777036946,0.005153076622056895,0.005153076622056895,BUY
2015-05-06,174.0408935546875,-0.012014913918583225,0.003989674155861156,0.0010364631933987094,-0.0029532109624624465,0.0029532109624624465,BUY
2015-05-07,174.73526000976562,0.0019671067413959964,0.013165930951975602,0.0004905217633507646,-0.012675409188624837,0.012675409188624837,BUY
2015-05-08,177.0358123779297,0.004270796915643249,-0.0047726215131778105,0.0004005719672017856,0.005173193480379596,0.005173193480379596,BUY
2015-05-11,176.19088745117188,-0.003359896659463346,-0.002991293033612785,0.0006985197291140148,0.0036898127627268,0.0036898127627268,BUY
2015-05-12,175.66384887695312,0.005170044458732592,0.00019066553651381213,0.0003654599829199639,0.00017479444640615177,0.00017479444640615177,BUY
2015-05-13,175.6973419189453,0.009517581359333338,0.010427199580772095,0.0001957062276924481,-0.010231493353079647,0.010231493353079647,BUY
2015-05-14,177.5293731689453,0.015990551414886367,0.0010840113059662482,-5.703710710329652e-05,-0.0011410484130695447,0.0011410484130695447,SELL
2015-05-15,177.72181701660156,0.0038749484042663873,0.003106847264362944,0.00041602825264427576,-0.0026908190117186682,0.0026908190117186682,BUY
2015-05-18,178.2739715576172,0.011822882196575568,-0.00032850130565997837,0.0001056935416593681,0.00043419484731934647,0.00043419484731934647,BUY
2015-05-19,178.2154083251953,0.014525239339538087,-0.0007042238447196869,1.774106932571481e-07,0.0007044012554129441,0.0007044012554129441,BUY
2015-05-20,178.08990478515625,0.013617524545787907,0.0029121863031538187,3.5620006912134806e-05,-0.0028765662962416836,0.0028765662962416836,BUY
2015-05-21,178.60853576660156,0.006078783349442007,-0.0023883220653501125,0.00032997739985140054,0.002718299465201513,0.002718299465201513,BUY
2015-05-22,178.1819610595703,0.0025891252446836877,-0.010751941389356645,0.0004662344532788262,0.011218175842635472,0.011218175842635472,BUY
2015-05-26,176.2661590576172,-0.011262510631570688,0.00949213103886426,0.0010070848841776294,-0.008485046154686631,0.008485046154686631,BUY
2015-05-27,177.93930053710938,-0.0015492924583834222,-0.0011283350326675157,0.0006278229485250882,0.0017561579811926039,0.0017561579811926039,BUY
2015-05-28,177.738525390625,-0.0019730449907037206,-0.006213024558492486,0.0006443687732744078,0.006857393331766893,0.006857393331766893,BUY
2015-05-29,176.6342315673828,-0.01105380653138932,0.002036817695659332,0.0009989358320713045,-0.0010378818635880275,0.0010378818635880275,BUY
2015-06-01,176.99400329589844,-0.006667104552041114,-0.000992630789710458,0.0008276528387158169,0.0018202836284262748,0.0018202836284262748,BUY
2015-06-02,176.8183135986328,0.003132504525926283,0.0026494729661334926,0.00044501768718513,-0.002204455278948363,0.002204455278948363,BUY
2015-06-03,177.2867889404297,-0.0036670459797811805,-0.008446407836630532,0.0007105126694228888,0.00915692050605342,0.00915692050605342,BUY
2015-06-04,175.7893524169922,-0.010966519325784962,-0.0017134626867459923,0.000995527619266346,0.0027089903060123384,0.0027089903060123384,BUY
2015-06-05,175.48814392089844,-0.006488479816819437,-0.006149403114968366,0.0008206782643134212,0.006970081379281787,0.006970081379281787,BUY
2015-06-08,174.40899658203125,-0.014605052520031303,-0.00014426860802574382,0.0011375976435961997,0.0012818662516219435,0.0012818662516219435,BUY
2015-06-09,174.3838348388672,-0.01376825007669591,0.011993784967107013,0.0011049238882290826,-0.01088886107887793,0.01088886107887793,BUY
2015-06-10,176.47535705566406,-0.004576945014432399,0.003223382945589215,0.0007460405514262807,-0.002477342394162934,0.002477342394162934,BUY
2015-06-11,177.04420471191406,0.007138386242786954,-0.007655155420227655,0.0002886041868556947,0.00794375960708335,0.00794375960708335,BUY
2015-06-12,175.68890380859375,0.0011440082686486885,-0.004285237348648829,0.0005226604340200305,0.00480789778266886,0.00480789778266886,BUY
2015-06-15,174.93603515625,0.003021854288181025,0.005451298465678045,0.000449338132026318,-0.005001960333651727,0.005001960333651727,BUY
2015-06-16,175.88966369628906,0.008635140171181943,0.0016173184854306744,0.00023016199169882857,-0.0013871564937318458,0.0013871564937318458,BUY
2015-06-17,176.17413330078125,-0.0017068884852167177,0.01039949945209262,0.0006339764368048982,-0.009765523015287722,0.009765523015287722,BUY
2015-06-18,178.00625610351562,0.0054339614966048,-0.004439294355526591,0.00035515508861506696,0.004794449444141658,0.004794449444141658,BUY
2015-06-19,177.21603393554688,0.008692240055279132,0.005123027923985113,0.00022793247186491652,-0.004895095452120197,0.004895095452120197,BUY
2015-06-22,178.12391662597656,0.018223126338031026,0.0007081834464968129,-0.00014421013994822052,-0.0008523935864450334,0.0008523935864450334,SELL
2015-06-23,178.25006103515625,0.013419761509936734,-0.007263095503465378,4.334185464994046e-05,0.0073064373581153185,0.0073064373581153185,BUY
2015-06-24,176.95541381835938,0.004434706179279102,-0.003040282143149664,0.0003941719725255085,0.0034344541156751725,0.0034344541156751725,BUY
2015-06-25,176.41741943359375,-0.008925734997751511,-0.00019062953761439516,0.000915843234472448,0.001106472772086843,0.001106472772086843,BUY
2015-06-26,176.3837890625,-0.004696216558765509,-0.02096995991517958,0.0007506976234662059,0.02172065753864579,0.02172065753864579,BUY
2015-06-29,172.68502807617188,-0.030534296869438537,0.0020928532309465453,0.0017595702934142879,-0.0003332829375322574,0.0003332829375322574,BUY
2015-06-30,173.0464324951172,-0.029192856988771276,0.008015504413236174,0.0017071924844706185,-0.006308311928765555,0.006308311928765555,BUY
2015-07-01,174.43348693847656,-0.014251764472555273,-0.0009156140138018021,0.0011238031723571481,0.00203941718615895,0.00203941718615895,BUY
2015-07-02,174.27377319335938,-0.012150989664834522,-0.0028459341334006183,0.0010417764016473507,0.003887710535047969,0.003887710535047969,BUY
2015-07-06,173.77780151367188,-0.01477452980616445,0.00628886417433705,0.001144215047060422,-0.005144649127276628,0.005144649127276628,BUY
2015-07-07,174.87066650390625,0.012656791686481927,-0.016777448874918388,7.31327444383242e-05,0.01685058161935671,0.01685058161935671,BUY
2015-07-08,171.93678283691406,-0.006412438801559395,0.0018087425782404853,0.0008177091698153569,-0.0009910334084251285,0.0009910334084251285,BUY
2015-07-09,172.24777221679688,-0.012530361916405441,0.012591919336878643,0.0010565893556959715,-0.011535329981182672,0.011535329981182672,BUY
2015-07-10,174.4167022705078,0.0008201410604098403,0.011037066995678968,0.0005353061403246739,-0.010501760855354293,0.010501760855354293,BUY
2015-07-13,176.3417510986328,0.014754183575968582,0.004338250265018662,-8.761936978847191e-06,-0.004347012201997509,0.004347012201997509,SELL
2015-07-14,177.1067657470703,0.012787160293199484,-0.0003323032249265001,6.804237693597444e-05,0.00040034560186247455,0.00040034560186247455,BUY
2015-07-15,177.04791259765625,0.029726796537714817,0.00802420957592731,-0.000593381995171658,-0.008617591571098968,0.008617591571098968,SELL
2015-07-16,178.4685821533203,0.036115473985310675,0.0008478882350442252,-0.0008428340441046711,-0.0016907222791488962,0.0016907222791488962,SELL
2015-07-17,178.61990356445312,0.02409861692847759,0.0005176817357612773,-0.0003736243149939616,-0.0008913060507552389,0.0008913060507552389,SELL
2015-07-20,178.71237182617188,0.013443332125091079,-0.003951214872421671,4.242151733551314e-05,0.003993636389757184,0.003993636389757184,BUY
2015-07-21,178.00624084472656,0.0050787167495385255,-0.0017945592666163135,0.0003690259610695403,0.0021635852276858537,0.0021635852276858537,BUY
2015-07-22,177.68679809570312,0.0036085457810437482,-0.005630284617740178,0.00042643019901723357,0.006056714816757411,0.006056714816757411,BUY
2015-07-23,176.68637084960938,-0.009986134714623618,-0.010371854370006983,0.0009572475602083288,0.011329101930215312,0.011329101930215312,BUY
2015-07-24,174.8538055419922,-0.021084425348499747,-0.005817150366006607,0.0013905909808119607,0.007207741346818568,0.007207741346818568,BUY
2015-07-27,173.83665466308594,-0.0272824825347201,0.012282754032697962,0.0016326000784990691,-0.010650153954198893,0.010650153954198893,BUY
2015-07-28,175.9718475341797,-0.011428775198513708,0.006879086226904585,0.0010135768439344184,-0.0058655093829701665,0.0058655093829701665,BUY
2015-07-29,177.182373046875,-0.0028388437083346485,0.0002372581603027335,0.0006781747160298812,0.00044091655572714775,0.00044091655572714775,BUY
2015-07-30,177.2244110107422,0.0030451707086720514,-0.001517833750151465,0.0004484277199867402,0.0019662614701382052,0.0019662614701382052,BUY
2015-07-31,176.95541381835938,0.012019230979004814,-0.003372697131573399,9.802691480518102e-05,0.00347072404637858,0.00347072404637858,BUY
2015-08-03,176.3585968017578,0.014507539526457558,-0.0019543449176520067,8.685169002751927e-07,0.001955213434552282,0.001955213434552282,BUY
2015-08-04,176.01393127441406,0.00023915041425137673,0.0032952041173970326,0.0005579914782970398,-0.0027372126390999927,0.0027372126390999927,BUY
2015-08-05,176.59393310546875,-0.0033210975295526746,-0.008187839899907234,0.0006970047798099648,0.008884844679717199,0.008884844679717199,BUY
2015-08-06,175.14801025390625,-0.011716223205335274,-0.0019195887964454927,0.0010248005275295784,0.002944389323975071,0.002944389323975071,BUY
2015-08-07,174.81179809570312,-0.012113874768796995,0.012599173252903606,0.0010403272148730238,-0.011558846038030582,0.011558846038030582,BUY
2015-08-10,177.0142822265625,0.003717910193749896,-0.00902307839247063,0.0004221599604500681,0.009445238352920698,0.009445238352920698,BUY
2015-08-11,175.4170684814453,-0.003390997454844724,0.0011978810613968438,0.0006997340895501095,-0.0004981469718467343,0.0004981469718467343,BUY
2015-08-12,175.627197265625,-0.00547434344342046,-0.0012439721478129107,0.0007810803352714614,0.0020250524830843723,0.0020250524830843723,BUY
2015-08-13,175.40872192382812,0.0014885220194276183,0.00364165863314847,0.0005092085636255186,-0.003132450069522952,0.003132450069522952,BUY
2015-08-14,176.04750061035156,0.00706875924914363,0.005587023613278896,0.00029132283971739284,-0.0052957007735615035,0.0052957007735615035,BUY
2015-08-17,177.0310821533203,9.490718232729733e-05,-0.002896506083610917,0.0005636235938707759,0.003460129677481693,0.003460129677481693,BUY
2015-08-18,176.518310546875,0.006277850125776974,-0.007905653240094623,0.00032220464631382227,0.008227857886408445,0.008227857886408445,BUY
2015-08-19,175.12281799316406,-0.002871874517806572,-0.020881079815548653,0.0006794644357204235,0.021560544251269076,0.021560544251269076,BUY
2015-08-20,171.466064453125,-0.022476975075476746,-0.030102516641156152,0.0014449644228091368,0.03154748106396529,0.03154748106396529,BUY
2015-08-21,166.30450439453125,-0.05534299653242236,-0.04210687799501822,0.002728249806984645,0.04483512780200287,0.04483512780200287,BUY
2015-08-24,159.30194091796875,-0.10014705338578334,-0.011767994136405169,0.004477667252811082,0.01624566138921625,0.01624566138921625,BUY
2015-08-25,157.42727661132812,-0.10815327812962039,0.03839382449850026,0.004790277990002064,-0.0336035465084982,0.0336035465084982,BUY
2015-08-26,163.4715118408203,-0.06653219886399131,0.02473530721575279,0.0031651429621690997,-0.021570164253583688,0.021570164253583688,BUY
2015-08-27,167.51502990722656,-0.023042661873064474,5.000790197717819e-05,0.0014670522073107187,0.0014170443053335405,0.0014170443053335405,BUY
2015-08-28,167.52340698242188,0.007329341994243066,-0.00807892364330065,0.000281148136077267,0.008360071779377918,0.008360071779377918,BUY
2015-08-31,166.1699981689453,0.0431134561914297,-0.029847796860217435,-0.0011160769827304226,0.028731719877487013,0.028731719877487013,SELL
2015-09-01,161.21018981933594,0.024029591881637113,0.018981225966204995,-0.0003709291657235076,-0.019352155131928502,0.019352155131928502,SELL
2015-09-02,164.27015686035156,0.004885530270919203,0.0007164480894670255,0.000376569112733251,-0.00033987897673377454,0.00033987897673377454,BUY
2015-09-03,164.38784790039062,-0.018668068223895107,-0.01513711369622106,0.0012962419953402742,0.016433355691561336,0.016433355691561336,BUY
2015-09-04,161.8994903564453,-0.03357093033910585,0.025131087924925355,0.0018781385647162194,-0.023252949360209135,0.023252949360209135,BUY
2015-09-08,165.96820068359375,-0.0012144038489210196,-0.013372018403786656,0.0006147469010207396,0.013986765304807396,0.013986765304807396,BUY
2015-09-09,163.74887084960938,0.015747646182406205,0.005442137061492103,-4.755263892725352e-05,-0.005489689700419356,0.005489689700419356,SELL
2015-09-10,164.6400146484375,0.002251521488473074,0.0045442716153183405,0.0004794165162965656,-0.004064855099021775,0.004064855099021775,BUY
2015-09-11,165.38818359375,0.006085216797567128,-0.0037105309773703965,0.00032972619968834964,0.004040257177058746,0.004040257177058746,BUY
2015-09-14,164.77450561523438,0.01775802538018678,0.012499326305425607,-0.00012604982619836714,-0.012625376131623973,0.012625376131623973,SELL
2015-09-15,166.83407592773438,0.005217115330371946,0.008666557279470855,0.00036362205551295125,-0.008302935223957903,0.008302935223957903,BUY
2015-09-16,168.2799530029297,0.027670921514211688,-0.0022481059120570412,-0.0005131083796745958,0.0017349975323824455,0.0017349975323824455,SELL
2015-09-17,167.90164184570312,0.019810659056550106,-0.016341194456142683,-0.00020619688018219586,0.016134997575960486,0.016134997575960486,SELL
2015-09-18,165.15792846679688,-0.0013922102652672574,0.005167783188698261,0.0006216895233764349,-0.004546093665321826,0.004546093665321826,BUY
2015-09-21,166.0114288330078,0.007506763337902456,-0.012979647923086257,0.0002742205492545925,0.013253868472340849,0.013253868472340849,BUY
2015-09-22,163.85665893554688,-0.01784657586066052,-0.0015991045312617747,0.0012641660367600197,0.0028632705680217943,0.0028632705680217943,BUY
2015-09-23,163.59463500976562,-0.027842401364840508,-0.0036155935014827723,0.0016544626471692518,0.005270056148652024,0.005270056148652024,BUY
2015-09-24,163.00314331054688,-0.02917481021214685,-0.00025901997028054957,0.0017064878307386801,0.0019655078010192297,0.0019655078010192297,BUY
2015-09-25,162.96092224121094,-0.01330245690280396,-0.02509755092016175,0.0010867365462385924,0.026184287466400342,0.026184287466400342,BUY
2015-09-28,158.87100219726562,-0.04301165700419818,0.0005851070471207809,0.002246760807636001,0.0016616537605152202,0.0016616537605152202,BUY
2015-09-29,158.96395874023438,-0.0298596360202672,0.018658338918292383,0.0017332275123706138,-0.016925111405921768,0.016925111405921768,BUY
2015-09-30,161.92996215820312,-0.010175595620621203,0.002609439174116046,0.0009646452433096392,-0.0016447939308064069,0.0016447939308064069,BUY
2015-10-01,162.35250854492188,-0.003991547355534308,0.01493740468690885,0.0007231831374074105,-0.01421422154950144,0.01421422154950144,BUY
2015-10-02,164.7776336669922,0.011148141534767397,0.01779510757934144,0.00013203943906412824,-0.01766306814027731,0.01766306814027731,BUY
2015-10-05,167.70986938476562,0.055635497134493006,-0.003426156265188496,-0.001605012102039927,0.0018211441631485689,0.0018211441631485689,SELL
2015-10-06,167.13526916503906,0.05140354134082403,0.008190624681319703,-0.0014397713221783735,-0.009630396003498076,0.009630396003498076,SELL
2015-10-07,168.50421142578125,0.0405993380098193,0.009026547999418932,-0.001017910822862943,-0.010044458822281875,0.010044458822281875,SELL
2015-10-08,170.0252227783203,0.04725959766291776,0.0005963506570580979,-0.0012779670599353755,-0.0018743177169934734,0.0018743177169934734,SELL
2015-10-09,170.12661743164062,0.03246183141249914,0.000943905771583875,-0.0007001740595722391,-0.001644079831156114,0.001644079831156114,SELL
2015-10-12,170.28720092773438,0.015367798880432826,-0.006302362503317616,-3.272113607925896e-05,0.006269641367238356,0.006269641367238356,SELL
2015-10-13,169.2139892578125,0.012437351512688766,-0.004793857456458328,8.170099685362182e-05,0.00487555845331195,0.00487555845331195,BUY
2015-10-14,168.40280151367188,-0.0006018241992369333,0.015354671241086137,0.0005908281400562357,-0.014763843101029902,0.014763843101029902,BUY
2015-10-15,170.9885711669922,0.005665914579790821,0.004546441443785021,0.0003460982576306108,-0.00420034318615441,0.00420034318615441,BUY
2015-10-16,171.76596069335938,0.009636018669315405,0.0004918781037757114,0.00019108172913425922,-0.0003007963746414522,0.0003007963746414522,BUY
2015-10-19,171.85044860839844,0.009180065631165357,-0.001278414148469853,0.00020888485357068896,0.0014872990020405419,0.0014872990020405419,BUY
2015-10-20,171.63075256347656,0.014282290230637651,-0.006203684515095231,9.663592066284487e-06,0.006213348107161516,0.006213348107161516,BUY
2015-10-21,170.56600952148438,0.012845439555451144,0.016893843685583443,6.57668071489207e-05,-0.016828076878434524,0.016828076878434524,BUY
2015-10-22,173.44752502441406,0.014380808264783829,0.01096158838651018,5.816860770769725e-06,-0.01095577152573941,0.01095577152573941,BUY
2015-10-23,175.34878540039062,0.02085875858388153,-0.0024576958346654854,-0.00024712093319991934,0.002210574901465566,0.002210574901465566,SELL
2015-10-26,174.91783142089844,0.01784914055993969,-0.0019322339808861555,-0.0001296075059317236,0.001802626474954432,0.001802626474954432,SELL
2015-10-27,174.57984924316406,0.017182798744629357,0.011374354147028365,-0.00010358954955775495,-0.01147794369658612,0.01147794369658612,SELL
2015-10-28,176.56558227539062,0.03517449209685908,-0.0005742605779317511,-0.0008060925022114519,-0.0002318319242797008,0.0002318319242797008,SELL
2015-10-29,176.4641876220703,0.017392364619971623,-0.004309645243734894,-0.00011177225050319729,0.004197872993231697,0.004197872993231697,SELL
2015-10-30,175.7036895751953,0.0020239899238212455,0.011830914630127198,0.000488300704841832,-0.011342613925285367,0.011342613925285367,BUY
2015-11-02,177.7824249267578,0.01637679522201707,0.002899714011038723,-7.211836764067097e-05,-0.002971832378679394,0.002971832378679394,SELL
2015-11-03,178.29794311523438,0.02129738276318216,-0.0030333932566499744,-0.00026424743569368307,0.0027691458209562914,0.0027691458209562914,SELL
2015-11-04,177.75709533691406,0.006748274755297601,-0.0009981553697333556,0.00030383646468858875,0.0013019918344219445,0.0013019918344219445,BUY
2015-11-05,177.5796661376953,0.006321274195385085,-0.0005235498172730946,0.00032050911179582446,0.000844058929068919,0.000844058929068919,BUY
2015-11-06,177.4866943359375,0.010147793509931446,-0.009331771403968903,0.0001710989887891383,0.009502870392758041,0.009502870392758041,BUY
2015-11-09,175.83042907714844,-0.010979689642626633,0.002306993451398176,0.0009960418669409548,-0.0013109515844572212,0.0013109515844572212,BUY
2015-11-10,176.23606872558594,-0.01156420738020425,-0.003931754011127664,0.0010188649235864733,0.004950618934714137,0.004950618934714137,BUY
2015-11-11,175.54315185546875,-0.01245488106817394,-0.013959707228436868,0.0010536421334577232,0.015013349361894591,0.015013349361894591,BUY
2015-11-12,173.09262084960938,-0.025267787611486292,-0.01122816185549147,0.0015539343795812539,0.012782096235072723,0.012782096235072723,BUY
2015-11-13,171.14910888671875,-0.03570738343474522,0.015206802022889931,0.001961558428456104,-0.013245243594433827,0.013245243594433827,BUY
2015-11-16,173.75173950195312,-0.011822126500545926,-0.000729779957730714,0.0010289356234388257,0.0017587155811695397,0.0017587155811695397,BUY
2015-11-17,173.62493896484375,-0.014816091732095638,0.01586642181116904,0.0011458378723894795,-0.01472058393877956,0.01472058393877956,BUY
2015-11-18,176.37974548339844,0.0047657434601520166,-0.0008624282099237712,0.0003812463038461425,0.0012436745137699137,0.0012436745137699137,BUY
2015-11-19,176.22763061523438,0.018111747053323857,0.0036441314737731823,-0.00013986122876796488,-0.003783992702541147,0.003783992702541147,SELL
2015-11-20,176.8698272705078,0.03342534717826395,-0.001146804325746209,-0.0007377954583548212,0.00040900886739138787,0.00040900886739138787,SELL
2015-11-23,176.6669921875,0.01677826474660482,0.0013394313100101307,-8.779413094443008e-05,-0.001427225440954561,0.001427225440954561,SELL
2015-11-24,176.90362548828125,0.01888373031538615,-0.00014292422445705277,-0.00017000405692653745,-2.707983246948468e-05,2.707983246948468e-05,SELL
2015-11-25,176.8783416748047,0.0028268336029160235,0.0011461452519556659,0.0004569529020507433,-0.0006891923499049226,0.0006891923499049226,BUY
2015-11-27,177.08106994628906,0.004842823614408243,-0.004151420248794002,0.0003782366351676081,0.0045296568839616105,0.0045296568839616105,BUY
2015-11-30,176.34593200683594,-0.00296203864591682,0.009535600350506046,0.000682984980728659,-0.008852615369777387,0.008852615369777387,BUY
2015-12-01,178.02749633789062,0.007700952699453367,-0.010204839031782265,0.00026663823906328716,0.010471477270845552,0.010471477270845552,BUY
2015-12-02,176.21075439453125,-0.003916658529962702,-0.014002764772325427,0.0007202590312627101,0.014723023803588137,0.014723023803588137,BUY
2015-12-03,173.74331665039062,-0.017724188245601513,0.019502755997000687,0.001259387294744803,-0.018243368702255885,0.018243368702255885,BUY
2015-12-04,177.1317901611328,0.00028642369768339115,-0.0060586592128240024,0.0005561456475271134,0.006614804860351116,0.006614804860351116,BUY
2015-12-07,176.05860900878906,-0.001629314579458141,-0.006719085692653226,0.0006309474891245774,0.0073500331817778035,0.0073500331817778035,BUY
2015-12-08,174.8756561279297,-0.01770423263145171,-0.007780186308788184,0.0012586081086177498,0.009038794417405934,0.009038794417405934,BUY
2015-12-09,173.5150909423828,-0.015297950805618354,0.002581193221465883,0.0011646525228665417,-0.0014165406985993411,0.0014165406985993411,BUY
2015-12-10,173.9629669189453,0.00126422283624672,-0.01938120859021142,0.0005179665407307067,0.019899175130942123,0.019899175130942123,BUY
2015-12-11,170.5913543701172,-0.0369241217799805,0.0050524715168998036,0.0020090671461404693,-0.0030434043707593342,0.0030434043707593342,BUY
2015-12-14,171.45326232910156,-0.02615803172372899,0.010497971718779864,0.0015886948162555238,-0.00890927690252434,0.00890927690252434,BUY
2015-12-15,173.253173828125,-0.009277919727247563,0.014631875797053384,0.0009295946256009466,-0.013702281171452437,0.013702281171452437,BUY
2015-12-16,175.78819274902344,0.013100311876593107,-0.01523802662308038,5.581507249856658e-05,0.015293841695578948,0.015293841695578948,BUY
2015-12-17,173.10952758789062,-0.0049058678761918495,-0.017815220328841863,0.0007588836605799103,0.018574103989421775,0.018574103989421775,BUY
2015-12-18,170.02554321289062,-0.0033167633806281405,0.008249187771038446,0.0006968355488011255,-0.007552352222237321,0.007552352222237321,BUY
2015-12-21,171.42811584472656,-0.00014666670107876811,0.009074553128326501,0.0005730560782431126,-0.008501497050083389,0.008501497050083389,BUY
2015-12-22,172.98374938964844,-0.0015550909257445733,0.012383097212998129,0.0006280493552541452,-0.011755047857743983,0.011755047857743983,BUY
2015-12-23,175.12582397460938,-0.0037679935384496988,-0.0016502504215806235,0.0007144542638375706,0.002364704685418194,0.002364704685418194,BUY
2015-12-24,174.83682250976562,0.0099780465347179,-0.002285368978084179,0.0001777269225226116,0.0024630959006067907,0.0024630959006067907,BUY
2015-12-28,174.437255859375,0.025947352163200765,0.010672135564279595,-0.00044580995842629615,-0.011117945522705891,0.011117945522705891,SELL
2015-12-29,176.2988739013672,0.028412830839559478,-0.007087635948413329,-0.0005420769420802875,0.006545559006333041,0.006545559006333041,SELL
2015-12-30,175.04933166503906,0.011940903597469577,-0.010003545143219217,0.00010108528267111161,0.010104630425890328,0.010104630425890328,BUY
2015-12-31,173.2982177734375,-0.010435960612164452,-0.013979677514107225,0.0009748114445529546,0.01495448895866018,0.01495448895866018,BUY
2016-01-04,170.8755645751953,-0.022656885876252142,0.0016916549813228432,0.0014519892128766788,-0.00023966576844616436,0.00023966576844616436,BUY
2016-01-05,171.1646270751953,-0.018761065507806207,-0.012614102409238437,0.0012998731636387395,0.013913975572877177,0.013913975572877177,BUY
2016-01-06,169.0055389404297,-0.041369152278407983,-0.02399189884169728,0.002182627632563169,0.026174526474260447,0.026174526474260447,BUY
2016-01-07,164.95077514648438,-0.05768977477662418,-0.010976563461185918,0.0028198820182223343,0.013796445479408252,0.013796445479408252,BUY
2016-01-08,163.1401824951172,-0.05861592466923393,0.0009901272546415374,0.002856044430587906,0.0018659171759463685,0.0018659171759463685,BUY
2016-01-11,163.3017120361328,-0.04432378940717152,0.008068292129584265,0.0022979942779556323,-0.005770297851628633,0.005770297851628633,BUY
2016-01-12,164.61927795410156,-0.038240080517443986,-0.02494056396590849,0.002060450019366461,0.027001013985274953,0.027001013985274953,BUY
2016-01-13,160.51358032226562,-0.05024662902413668,0.016416877815863984,0.002529257241232886,-0.013887620574631098,0.013887620574631098,BUY
2016-01-14,163.14871215820312,-0.010924853106515697,-0.021466101090953593,0.0009939007217037025,0.022460001812657296,0.022460001812657296,BUY
2016-01-15,159.64654541015625,-0.02141493917395554,0.001331122792087136,0.0014034962106716496,7.237341858451355e-05,7.237341858451355e-05,BUY
2016-01-19,159.8590545654297,-0.021081576107061184,-0.012815225051288515,0.0013904797294425522,0.014205704780731066,0.014205704780731066,BUY
2016-01-20,157.8104248046875,-0.04136121378999413,0.005602254980147547,0.0021823176666560607,-0.0034199373134914867,0.0034199373134914867,BUY
2016-01-21,158.69451904296875,-0.011332756241837716,0.020514886054158188,0.001009827691519743,-0.019505058362638446,0.019505058362638446,BUY
2016-01-22,161.9501190185547,-0.007346629487863687,-0.015116035962663976,0.0008541855426960128,0.01597022150535999,0.01597022150535999,BUY
2016-01-25,159.5020751953125,-0.000904937933186023,0.013642614918711438,0.0006026635070181082,-0.01303995141169333,0.01303995141169333,BUY
2016-01-26,161.6781005859375,0.011379061545514713,-0.01088315148659802,0.00012302294538557698,0.011006174431983597,0.011006174431983597,BUY
2016-01-27,159.9185333251953,0.01335848707787779,0.005209332716691328,4.57343737197617e-05,-0.005163598342971566,0.005163598342971566,BUY
2016-01-28,160.75160217285156,0.012962534196444553,0.024377464222411716,6.119473439137777e-05,-0.024316269488020337,0.024316269488020337,BUY
2016-01-29,164.67031860351562,0.016796527235952707,-0.0003613843578395004,-8.850720738690445e-05,0.00027287715045259595,0.00027287715045259595,SELL
2016-02-01,164.61080932617188,0.0320292643503457,-0.01802226450402833,-0.0006832840630369285,0.0173389804409914,0.0173389804409914,SELL
2016-02-02,161.64414978027344,-0.00020999013187950055,0.00599489630963701,0.0005755286024374049,-0.005419367707199605,0.005419367707199605,BUY
2016-02-03,162.61318969726562,0.016850181877235748,0.0015682623413040275,-9.060220440508342e-05,-0.001658864545709111,0.001658864545709111,SELL
2016-02-04,162.8682098388672,0.013166946004928182,-0.01904985238994683,5.321327893825702e-05,0.01910306566888509,0.01910306566888509,BUY
2016-02-05,159.76559448242188,-0.029785113447816203,-0.013461474912415006,0.0017303177069308891,0.015191792619345895,0.015191792619345895,BUY
2016-02-08,157.6149139404297,-0.04249961113963063,5.382667481557135e-05,0.002226767484900305,0.0021729408100847336,0.0021729408100847336,BUY
2016-02-09,157.62339782714844,-0.024874095094629123,-0.0008626325229015297,0.0015385622770161802,0.00240119479991771,0.00240119479991771,BUY
2016-02-10,157.4874267578125,-0.03152120039583306,-0.013007920864218314,0.0017981048897807038,0.014806025753999018,0.014806025753999018,BUY
2016-02-11,155.4388427734375,-0.04561582074721571,0.02061699211924406,0.002348442882960879,-0.018268549236283183,0.018268549236283183,BUY
2016-02-12,158.64352416992188,-0.007023228725402841,0.016878169586169278,0.0008415580492149145,-0.016036611536954362,0.016036611536954362,BUY
2016-02-16,161.32113647460938,0.023514415238525155,0.01633441294275184,-0.0003508135987316147,-0.016685226541483456,0.016685226541483456,SELL
2016-02-17,163.9562225341797,0.040176933084362876,-0.004095752131100583,-0.0010014176167183516,0.003094334514382231,0.003094334514382231,SELL
2016-02-18,163.28469848632812,0.03681101309395829,-0.0004683663043151265,-0.0008699920368486123,-0.00040162573253348577,0.00040162573253348577,SELL
2016-02-19,163.20822143554688,0.04998350813402386,0.014479319118318346,-0.0013843247613064477,-0.015863643879624793,0.015863643879624793,SELL
2016-02-22,165.5713653564453,0.04366923404388756,-0.012629753241325425,-0.0011377778629492817,0.011491975378376144,0.011491975378376144,SELL
2016-02-23,163.48023986816406,0.013383884100608867,0.004575483246391343,4.4742722566759856e-05,-0.004530740523824583,0.004530740523824583,BUY
2016-02-24,164.22824096679688,0.0016590918503289753,0.01211192710637743,0.0005025485007011471,-0.011609378605676282,0.011609378605676282,BUY
2016-02-25,166.2173614501953,0.017960427345938612,-0.002301155920732767,-0.00013395280541104646,0.0021672031153217204,0.0021672031153217204,SELL
2016-02-26,165.83486938476562,0.01609384580087503,-0.007842546213460033,-6.10703356454333e-05,0.0077814758778146,0.0077814758778146,SELL
2016-02-29,164.5343017578125,-0.00626354440213861,0.023506712467494806,0.000811895444938052,-0.022694817022556754,0.022694817022556754,BUY
2016-03-01,168.40196228027344,0.030105916262897603,0.004492501217109757,-0.0006081850890848363,-0.005100686306194593,0.005100686306194593,SELL
2016-03-02,169.15850830078125,0.03002082531579431,0.003919818668133068,-0.0006048626313031316,-0.0045246812994362,0.0045246812994362,SELL
2016-03-03,169.8215789794922,0.021683760937192043,0.003253357068607299,-0.0002793339427149495,-0.0035326910113222484,0.0035326910113222484,SELL
2016-03-04,170.3740692138672,0.027371805736282395,0.0007980737324837506,-0.0005014291167465962,-0.0012995028492303468,0.0012995028492303468,SELL
2016-03-07,170.51004028320312,0.036319104658107504,-0.010917490518183026,-0.0008507849993644161,0.01006670551881861,0.01006670551881861,SELL
2016-03-08,168.64849853515625,0.001463974953406444,0.004939584971718647,0.000510167027402177,-0.00442941794431647,0.00442941794431647,BUY
2016-03-09,169.48155212402344,0.0019097107587859874,0.0008023665491656562,0.0004927628446355895,-0.00030960370453006665,0.00030960370453006665,BUY
2016-03-10,169.61753845214844,-0.0012014994123237255,0.01613728971294215,0.0006142430348957199,-0.015523046678046428,0.015523046678046428,BUY
2016-03-11,172.35470581054688,0.011625223285554265,-0.0012824646551997665,0.0001134113237431524,0.001395875978942919,0.001395875978942919,BUY
2016-03-14,172.1336669921875,0.009522176560909035,-0.0016297383412321453,0.0001955268036320349,0.0018252651448641803,0.0018252651448641803,BUY
2016-03-15,171.85313415527344,0.019001862737895392,0.0057872241736720564,-0.00017461665086042604,-0.005961840824532483,0.005961840824532483,SELL
2016-03-16,172.84768676757812,0.01986136308859976,0.006344245360021317,-0.00020817666782802717,-0.006552422027849344,0.006552422027849344,SELL
2016-03-17,173.94427490234375,0.025508779868397502,0.003929431984176279,-0.00042868548181258055,-0.00435811746598886,0.00435811746598886,SELL
2016-03-18,174.62777709960938,0.013188333201421765,0.0014187717562623714,5.237819530318243e-05,-0.0013663935609591889,0.0013663935609591889,BUY
2016-03-21,174.8755340576172,0.015928708853649942,-0.0005369681264829618,-5.462240488390412e-05,0.00048234572159905765,0.00048234572159905765,SELL
2016-03-22,174.78163146972656,0.017040697737913613,-0.006599770622679024,-9.804107922544456e-05,0.006501729543453579,0.006501729543453579,SELL
2016-03-23,173.62811279296875,0.004515108301333726,-0.0004425738463815776,0.00039103259442266884,0.0008336064408042464,0.0008336064408042464,BUY
2016-03-24,173.55126953125,-0.0022593751436452703,0.0005907407303205048,0.0006555488091908322,6.480807887032744e-05,6.480807887032744e-05,BUY
2016-03-28,173.65379333496094,-0.005577484755434181,0.00924997199174915,0.0007851075868931791,-0.008464864404855972,0.008464864404855972,BUY
2016-03-29,175.2600860595703,0.002199004017488404,0.0043878356359501325,0.0004814671114078959,-0.003906368524542236,0.003906368524542236,BUY
2016-03-30,176.0290985107422,0.007137289144893311,-0.0024273067063514953,0.00028864702409700076,0.002715953730448496,0.002715953730448496,BUY
2016-03-31,175.60182189941406,0.011367451242177085,0.006812422506619287,0.00012347628083412036,-0.006688946225785166,0.006688946225785166,BUY
2016-04-01,176.798095703125,0.018708167221389127,-0.003238298592171729,-0.00016314902724726382,0.003075149564924465,0.003075149564924465,SELL
2016-04-04,176.22557067871094,0.014809796517311291,-0.009987774825075402,-1.0933397704314006e-05,0.009976841427371088,0.009976841427371088,SELL
2016-04-05,174.46546936035156,-0.004533928500689344,0.01092107073354387,0.0007443609303185978,-0.010176709803225272,0.010176709803225272,BUY
2016-04-06,176.37081909179688,0.0019412732550796452,-0.011965769669402215,0.0004915304566437907,0.012457300126046006,0.012457300126046006,BUY
2016-04-07,174.26040649414062,-0.007638960636990433,0.002696507018623784,0.0008655998932740108,-0.001830907125349773,0.001830907125349773,BUY
2016-04-08,174.7303009033203,-0.011695797918982564,-0.0023470183060616545,0.0010240030026001199,0.003371021308661774,0.003371021308661774,BUY
2016-04-11,174.32020568847656,-0.010812080124899537,0.009312647159563925,0.0009894973922886256,-0.008323149767275299,0.008323149767275299,BUY
2016-04-12,175.94358825683594,0.008472271916635687,0.010100914615399859,0.00023652133917504147,-0.009864393276224816,0.009864393276224816,BUY
2016-04-13,177.7207794189453,0.007654102498927617,4.808060094574351e-05,0.0002684675501546569,0.0002203869492089134,0.0002203869492089134,BUY
2016-04-14,177.7293243408203,0.019906517587495287,-0.001105457237838725,-0.00020993976862008102,0.000895517469218644,0.000895517469218644,SELL
2016-04-15,177.53285217285156,0.016039297448940504,0.0070267687615930274,-5.8940442836224885e-05,-0.007085709204429252,0.007085709204429252,SELL
2016-04-18,178.78033447265625,0.025585839384278053,0.003154171348079604,-0.000431694344645908,-0.003585865692725512,0.003585865692725512,SELL
2016-04-19,179.34423828125,0.019328070196283242,0.0009528222392232166,-0.000187353734480558,-0.0011401759737037745,0.0011401759737037745,SELL
2016-04-20,179.51512145996094,0.010096411049299814,-0.005378291317681416,0.00017310526633076062,0.005551396584012177,0.005551396584012177,BUY
2016-04-21,178.5496368408203,0.004615515774014423,0.0,0.000387112088184275,0.000387112088184275,0.000387112088184275,BUY
2016-04-22,178.5496368408203,0.0057273043018470915,-0.0017227810381108544,0.0003437012369520777,0.002066482275062932,0.002066482275062932,BUY
2016-04-25,178.24203491210938,-0.0030109551038411952,0.0014860541704797559,0.0006848949708253373,-0.0008011591996544185,0.0008011591996544185,BUY
2016-04-26,178.5069122314453,-0.004668820464093115,0.002058360855789143,0.0007496279166286251,-0.001308732939160518,0.001308732939160518,BUY
2016-04-27,178.8743438720703,-0.003569490874525294,-0.009075717907865877,0.0007067035366110398,0.009782421444476917,0.009782421444476917,BUY
2016-04-28,177.2509307861328,-0.007273641535576525,-0.005399301689167024,0.0008513356579749882,0.006250637347142013,0.006250637347142013,BUY
2016-04-29,176.2938995361328,-0.012633670639714212,0.007948693380944505,0.0010606231440525465,-0.006888070236891959,0.006888070236891959,BUY
2016-05-02,177.69520568847656,-0.003067902719481652,-0.008703068404584013,0.0006871185451910627,0.009390186949775076,0.009390186949775076,BUY
2016-05-03,176.14871215820312,-0.013210693321414002,-0.005578442703369602,0.0010831535490403584,0.00666159625240996,0.00666159625240996,BUY
2016-05-04,175.16607666015625,-0.020731129639062096,-0.00019486599108475833,0.001376796210404256,0.0015716622014890144,0.0015716622014890144,BUY
2016-05-05,175.13194274902344,-0.011954735739391431,0.003658914739488761,0.001034113478575323,-0.002624801260913438,0.002624801260913438,BUY
2016-05-06,175.77273559570312,-0.0029562222050847353,0.0008263421092793433,0.0006827578722081611,-0.00014358423707118212,0.00014358423707118212,BUY
2016-05-09,175.91798400878906,-0.010001517333018017,0.012433817756864585,0.0009578481893225567,-0.011475969567542028,0.011475969567542028,BUY
2016-05-10,178.10531616210938,0.011107682707035549,-0.009354532221985234,0.00013361919286417891,0.009488151414849414,0.009488151414849414,BUY
2016-05-11,176.43922424316406,0.007268231425185512,0.0002902330607801318,0.0002835342569587659,-6.698803821365883e-06,6.698803821365883e-06,BUY
2016-05-12,176.4904327392578,0.007756951524150013,-0.008714062198887373,0.0002644517111515242,0.008978513910038897,0.008978513910038897,BUY
2016-05-13,174.95248413085938,-0.004666545480241147,0.009865262314003642,0.0007495390876984094,-0.009115723226305232,0.009115723226305232,BUY
2016-05-16,176.67843627929688,0.004322765945691032,-0.009333524947926386,0.0003985427864937567,0.009732067734420143,0.009732067734420143,BUY
2016-05-17,175.02940368652344,-0.017270189019996884,0.00029248364118505954,0.0012416604587963558,0.0009491768176112963,0.0009491768176112963,BUY
2016-05-18,175.08059692382812,-0.007700256704050723,-0.0034647651986451367,0.0008679932571032459,0.0043327584557483825,0.0043327584557483825,BUY
2016-05-19,174.47398376464844,-0.011425259394022946,0.006317293532011048,0.001013439565970229,-0.005303853966040819,0.005303853966040819,BUY
2016-05-20,175.57618713378906,0.0035649851216925654,-0.001362440089614947,0.00042813106681297973,0.0017905711564279265,0.0017905711564279265,BUY
2016-05-23,175.33697509765625,-0.0075926706727244,0.012962275139145163,0.0008637924571456549,-0.012098482681999508,0.012098482681999508,BUY
2016-05-24,177.6097412109375,0.014742308835351103,0.006783259414740783,-8.298276322650966e-06,-0.006791557691063434,0.006791557691063434,SELL
2016-05-25,178.81451416015625,0.02132684776002125,0.0002863777380390786,-0.00026539792480408293,-0.0005517756628431616,0.0005517756628431616,SELL
2016-05-26,178.86572265625,0.02517131091318281,0.004299640065844601,-0.00041550868222923836,-0.00471514874807384,0.00471514874807384,SELL
2016-05-27,179.63478088378906,0.02311585538024774,-0.001902817105392196,-0.00033525144614443634,0.0015675656592477596,0.0015675656592477596,SELL
2016-05-31,179.29296875,0.02256223280993863,0.002049421692193798,-0.0003136347209877862,-0.002363056413181584,0.002363056413181584,SELL
2016-06-01,179.66041564941406,0.011545957020685504,0.0030435973492948243,0.00011650635121088286,-0.0029270909980839413,0.0029270909980839413,BUY
2016-06-02,180.2072296142578,0.007788604077486605,-0.002987198796009616,0.0002632158067959606,0.0032504146028055764,0.0032504146028055764,BUY
2016-06-03,179.66891479492188,0.004490475462509247,0.005088416923557659,0.00039199440728083953,-0.0046964225162768195,0.0046964225162768195,BUY
2016-06-06,180.5831451416016,0.005279402202327699,0.0015613411986803438,0.0003611900047546464,-0.0012001511939256975,0.0012001511939256975,BUY
2016-06-07,180.86509704589844,0.008768488284058407,0.003259717333119694,0.0002249552865159112,-0.0030347620466037828,0.0030347620466037828,BUY
2016-06-08,181.4546661376953,0.00998689935006336,-0.0013654772405182758,0.00017738125584200904,0.0015428584963602847,0.0015428584963602847,BUY
2016-06-09,181.20689392089844,0.005547304116380047,-0.009477688448769839,0.00035072951713078257,0.00982841796590062,0.00982841796590062,BUY
2016-06-10,179.48947143554688,-0.0009987446052079907,-0.007711623764709463,0.0006063262786529906,0.008317950043362454,0.008317950043362454,BUY
2016-06-13,178.10531616210938,-0.013721263839708064,-0.0019668771648456707,0.0011030892654633518,0.0030699664303090223,0.0030699664303090223,BUY
2016-06-14,177.7550048828125,-0.017195645892345346,-0.0013938972742861822,0.0012387498507590777,0.00263264712504526,0.00263264712504526,BUY
2016-06-15,177.50723266601562,-0.02175437841143313,0.0029842396455497244,0.0014167499418189168,-0.0015674897037308076,0.0015674897037308076,BUY
2016-06-16,178.03695678710938,-0.017493468737303286,-0.003724085798301857,0.0012503786298770113,0.004974464428178869,0.004974464428178869,BUY
2016-06-17,177.37393188476562,-0.011786426991295285,0.006440086514736487,0.001027541701801441,-0.005412544812935046,0.005412544812935046,BUY
2016-06-20,178.5162353515625,0.0023071697033405503,0.0028385604534995057,0.0004772436782824348,-0.0023613167752170707,0.0023613167752170707,BUY
2016-06-21,179.02296447753906,0.007133186463933683,-0.0016314581891641033,0.000288807217216765,0.0019202654063808684,0.0019202654063808684,BUY
2016-06-22,178.73089599609375,0.0068935970196801755,0.01302279424394892,0.00029816221725581846,-0.012724632026693102,0.012724632026693102,BUY
2016-06-23,181.0584716796875,0.016971279149593288,-0.03590893798740724,-9.533056374981053e-05,0.03581360742365743,0.03581360742365743,SELL
2016-06-24,174.55685424804688,-0.015882140102464026,-0.01790999424987838,0.001187462755228128,0.019097457005106507,0.019097457005106507,BUY
2016-06-27,171.4305419921875,-0.03969215094313816,0.018035897516233357,0.0021171475042302103,-0.015918750012003147,0.015918750012003147,BUY
2016-06-28,174.52244567871094,-0.02513933791657652,0.017027755096545194,0.0015489189378340546,-0.015478836158711139,0.015478836158711139,BUY
2016-06-29,177.49417114257812,-0.006919479962449571,0.013645587984723262,0.0008375070790876469,-0.012808080905635615,0.012808080905635615,BUY
2016-06-30,179.9161834716797,-0.006308946482375344,0.0021001634553581283,0.0008136682127814397,-0.0012864952425766887,0.0012864952425766887,BUY
2016-07-01,180.2940368652344,0.03286712883262055,-0.007192941624526772,-0.0007159992867348023,0.006476942337791969,0.006476942337791969,SELL
2016-07-05,178.9971923828125,0.04413828657771979,0.005997735867070864,-0.0011560924697801055,-0.007153828336850969,0.007153828336850969,SELL
2016-07-06,180.07077026367188,0.031791467071090596,-0.0006201954763946915,-0.0006739990398020798,-5.380356340738829e-05,5.380356340738829e-05,SELL
2016-07-07,179.95909118652344,0.013887329527938697,0.01489079133873683,2.508521216597391e-05,-0.014865706126570857,0.014865706126570857,BUY
2016-07-08,182.63882446289065,0.015132829847068985,0.00352682143776728,-2.3546544422502788e-05,-0.003550367982189783,0.003550367982189783,SELL
2016-07-11,183.282958984375,0.01657804202018487,0.007263376034164271,-7.997624222519188e-05,-0.007343352276389463,0.007343352276389463,SELL
2016-07-12,184.6142120361328,0.03138049026661527,-0.0001396823853982987,-0.0006579520556208873,-0.0005182696702225886,0.0005182696702225886,SELL
2016-07-13,184.5884246826172,0.025088216218158266,0.005583612124041792,-0.00041226417002786925,-0.005995876294069662,0.005995876294069662,SELL
2016-07-14,185.6190948486328,0.03145161283484654,-0.0013422407216007182,-0.0006607291046292615,0.0006815116169714567,0.0006815116169714567,SELL
2016-07-15,185.3699493408203,0.014953692819483555,0.002687430983738137,-1.6551967072573888e-05,-0.002703982950810711,0.002703982950810711,SELL
2016-07-18,185.8681182861328,0.014104744467696051,-0.001016332496049599,1.659603695937004e-05,0.001032928533008969,0.001032928533008969,BUY
2016-07-19,185.67921447753903,0.005768799864648511,0.00416306691781454,0.0003420810028351812,-0.0038209859149793586,0.0038209859149793586,BUY
2016-07-20,186.45220947265625,0.010096975437347444,-0.003777538739433539,0.00017308322925719893,0.003950621968690738,0.003950621968690738,BUY
2016-07-21,185.7478790283203,0.0006938088982306745,0.004485354804371955,0.000540238900971964,-0.003945115903399991,0.003945115903399991,BUY
2016-07-22,186.58102416992188,0.006533285645317299,-0.0027159481357768023,0.0003122309210409051,0.0030281790568177074,0.0030281790568177074,BUY
2016-07-25,186.07427978515625,0.0011091816118031783,0.00046143511157903383,0.0005240202742966544,6.258516271762061e-05,6.258516271762061e-05,BUY
2016-07-26,186.1601409912109,0.0025900934308942247,-0.001060721098546602,0.0004661966495180403,0.0015269177480646424,0.0015269177480646424,BUY
2016-07-27,185.96267700195312,-0.002625511771019884,0.0011544031672443555,0.0006698449655764376,-0.000484558201667918,0.000484558201667918,BUY
2016-07-28,186.17735290527344,0.0023121334100812962,0.0016142517050821148,0.0004770498655838069,-0.001137201839498308,0.001137201839498308,BUY
2016-07-29,186.47789001464844,-0.00055275800812149,-0.0008286545757451025,0.0005889123034832542,0.0014175668792283567,0.0014175668792283567,BUY
2016-08-01,186.3233642578125,0.0013386292449653059,-0.006407150733017897,0.0005150612710155196,0.0069222120040334165,0.0069222120040334165,BUY
2016-08-02,185.1295623779297,-0.005535978903936645,0.002922609411578625,0.0007834869510442576,-0.0021391224605343674,0.0021391224605343674,BUY
2016-08-03,185.67062377929688,-0.001570493753717983,0.0010636820344325226,0.0006286507734708022,-0.00043503126096172044,0.00043503126096172044,BUY
2016-08-04,185.8681182861328,-0.0016609679658403653,0.008178931657222277,0.000632183426007208,-0.007546748231215069,0.007546748231215069,BUY
2016-08-05,187.3883209228516,0.004882245869103574,-0.0005958952927774819,0.00037669735535766707,0.0009725926481351489,0.0009725926481351489,BUY
2016-08-08,187.2766571044922,0.005116335519578907,0.0005962505957006758,0.0003675571000506694,-0.00022869349565000647,0.00022869349565000647,BUY
2016-08-09,187.3883209228516,0.012200960861727728,-0.002474862753946816,9.093109693529523e-05,0.002565793850882111,0.002565793850882111,BUY
2016-08-10,186.924560546875,0.006753554989230137,0.0046404623303548664,0.00030363029288165046,-0.004336832037473216,0.004336832037473216,BUY
2016-08-11,187.7919769287109,0.0103506650861791,-0.0008688455924145133,0.00016317767318346603,0.0010320232655979793,0.0010320232655979793,BUY
2016-08-12,187.6288146972656,0.0012833978832278436,0.002884004982904864,0.0005172178325986928,-0.0023667871503061716,0.0023667871503061716,BUY
2016-08-15,188.16993713378903,0.004769841811082864,-0.005157840576942352,0.0003810862797965121,0.005538926856738864,0.005538926856738864,BUY
2016-08-16,187.1993865966797,-0.0010082502753716582,0.0018811083753340618,0.0006066974366772074,-0.0012744109386568544,0.0012744109386568544,BUY
2016-08-17,187.5515289306641,0.0033541252254642995,0.002243849488954508,0.0004363642940471606,-0.0018074851949073474,0.0018074851949073474,BUY
2016-08-18,187.9723663330078,0.0009605809963084688,-0.0014623802972930644,0.0005298225280983097,0.001992202825391374,0.001992202825391374,BUY
2016-08-19,187.69747924804688,0.00036595951902196333,-4.536237956409561e-05,0.0005530400949680398,0.0005984024745321354,0.0005984024745321354,BUY
2016-08-22,187.68896484375,-0.002556052775301021,0.0020133517782858767,0.0006671328723551059,-0.0013462189059307709,0.0013462189059307709,BUY
2016-08-23,188.0668487548828,0.0046338942342374345,-0.0051149077386407615,0.0003863944835475611,0.005501302222188323,0.005501302222188323,BUY
2016-08-24,187.1049041748047,-0.002381344254594242,-0.0006886255355627036,0.0006603112103109902,0.0013489367458736938,0.0013489367458736938,BUY
2016-08-25,186.9760589599609,-0.0053002863797643185,-0.0018831919892033921,0.0007742841099937824,0.0026574760991971745,0.0026574760991971745,BUY
2016-08-26,186.6239471435547,-0.0057194806706672985,0.00492429349466228,0.0007906519538275825,-0.004133641540834697,0.004133641540834697,BUY
2016-08-29,187.54293823242188,-0.0007780244909427747,-0.0016486296188356064,0.0005977080497322449,0.0022463376685678514,0.0022463376685678514,BUY
2016-08-30,187.23374938964844,-0.004429804459159081,-0.0028441265595978704,0.0007402953070787386,0.003584421866676609,0.003584421866676609,BUY
2016-08-31,186.70123291015625,-0.002157459562210584,4.5849620436966276e-05,0.0006515694173972069,0.0006057197969602406,0.0006057197969602406,BUY
2016-09-01,186.7097930908203,-0.0014240639717281178,0.004508257579367125,0.0006229332819489956,-0.00388532429741813,0.00388532429741813,BUY
2016-09-02,187.5515289306641,0.004970325627053018,0.0030224441085811016,0.0003732581965849416,-0.00264918591199616,0.00264918591199616,BUY
2016-09-06,188.11839294433597,0.0030683891237799354,-9.133288997131839e-05,0.000447521134661507,0.0005388540246328254,0.0005388540246328254,BUY
2016-09-07,188.1012115478516,0.004633043781000712,-0.002283044090153452,0.0003864276903112712,0.0026694717804647233,0.0026694717804647233,BUY
2016-09-08,187.67176818847656,0.005198333525667342,-0.023934941761116102,0.0003643554091224665,0.024299297170238567,0.024299297170238567,BUY
2016-09-09,183.1798553466797,-0.0189060128325651,0.014347754558044157,0.0013055327711936758,-0.01304222178685048,0.01304222178685048,BUY
2016-09-12,185.80807495117188,-0.00929586652496317,-0.014375733239999633,0.0009302953755603345,0.015306028615559967,0.015306028615559967,BUY
2016-09-13,183.13694763183597,-0.02648037352718613,-0.0003751021803503063,0.001601280961664916,0.0019763831420152225,0.0019763831420152225,BUY
2016-09-14,183.06825256347656,-0.026756653734230085,0.009992697682470686,0.0016120685877881735,-0.008380629094682512,0.008380629094682512,BUY
2016-09-15,184.8975982666016,-0.01478203114220622,-0.00386533502224784,0.0011445079439331635,0.005009842966181004,0.005009842966181004,BUY
2016-09-16,184.1829071044922,0.0054757754662169145,0.00018723161569855762,0.00035352242199833395,0.00016629080629977633,0.00016629080629977633,BUY
2016-09-19,184.21739196777344,-0.008560892651282459,4.704763266327738e-05,0.0009015976145282949,0.0008545499818650175,0.0008545499818650175,BUY
2016-09-20,184.2260589599609,0.0059469776154312814,0.011245346085734242,0.00033512388136964783,-0.010910222204364595,0.010910222204364595,BUY
2016-09-21,186.29774475097656,0.01764091885008967,0.0063014729291634985,-0.00012147728921934762,-0.006422950218382846,0.006422950218382846,SELL
2016-09-22,187.47169494628903,0.013921742109250568,-0.005479342788156649,2.3741539866388548e-05,0.005503084328023038,0.005503084328023038,BUY
2016-09-23,186.4444732666016,0.012278914464230573,-0.008102170216858107,8.788732363079668e-05,0.008190057540488904,0.008190057540488904,BUY
2016-09-26,184.93386840820312,0.0038892985769498623,0.00620817493584469,0.00041546793636476436,-0.005792706999479926,0.005792706999479926,BUY
2016-09-27,186.08197021484372,0.01007409736364262,0.004963235957355927,0.00017397652562536295,-0.004789259431730564,0.004789259431730564,BUY
2016-09-28,187.0055389404297,0.0037992633265595543,-0.009047214761910838,0.0004189834492186041,0.009466198211129442,0.009466198211129442,BUY
2016-09-29,185.31365966796875,-0.01151125922736529,0.007546491824098611,0.0010167975120883598,-0.006529694312010252,0.006529694312010252,BUY
2016-09-30,186.71212768554688,0.0014355717509659804,-0.002404145152245407,0.0005112760577301519,0.002915421209975559,0.002915421209975559,BUY
2016-10-03,186.26324462890625,0.007188387027998511,-0.005098080208091327,0.00028665185815830897,0.005384732066249636,0.005384732066249636,BUY
2016-10-04,185.31365966796875,-0.004128882266175027,0.004425463716072109,0.0007285455109393927,-0.003696918205132716,0.003696918205132716,BUY
2016-10-05,186.13375854492188,-0.004661789166499064,0.0006956614694539898,0.0007493533728586694,5.369190340467965e-05,5.369190340467965e-05,BUY
2016-10-06,186.26324462890625,0.005124203810118022,-0.003429522268793339,0.00036724987508702356,0.003796772143880363,0.003796772143880363,BUY
2016-10-07,185.62445068359372,-0.005825422351701581,0.005208266543823337,0.0007947885485481932,-0.004413477995275143,0.004413477995275143,BUY
2016-10-10,186.5912322998047,0.0017608824089363484,-0.012629408339230097,0.0004985739905439314,0.013127982329774029,0.013127982329774029,BUY
2016-10-11,184.2346954345703,-0.005822367521809535,0.0013119921682986924,0.0007946692697800972,-0.0005173228985185952,0.0005173228985185952,BUY
2016-10-12,184.47640991210935,-0.00890407331678389,-0.003275806821691707,0.0009149974333273707,0.004190804255019077,0.004190804255019077,BUY
2016-10-13,183.87210083007807,-0.012837443069308008,0.0005164211639903105,0.0010685796343426236,0.0005521584703523132,0.0005521584703523132,BUY
2016-10-14,183.9670562744141,-0.008928750512532169,-0.003471996144807088,0.0009159609781442476,0.004387957122951335,0.004387957122951335,BUY
2016-10-17,183.3283233642578,-0.017486935990133845,0.0062624613959425535,0.0012501235524873724,-0.005012337843455181,0.005012337843455181,BUY
2016-10-18,184.47640991210935,0.0013119921682986924,0.0026670314907240034,0.0005161013412658299,-0.0021509301494581734,0.0021509301494581734,BUY
2016-10-19,184.96841430664065,0.0026670314907240034,-0.0018667573001026616,0.00046319252905290535,0.002329949829155567,0.002329949829155567,BUY
2016-10-20,184.6231231689453,0.004084482286746072,0.00046745883969534496,0.00040784680089089046,-5.961203880445451e-05,5.961203880445451e-05,BUY
2016-10-21,184.7094268798828,0.004035345352057851,0.004252746999471313,0.0004097653997146387,-0.003842981599756674,0.003842981599756674,BUY
2016-10-24,185.4949493408203,0.011818282831603799,-0.003350526467234327,0.00010587312828358095,0.003456399595517908,0.003456399595517908,BUY
2016-10-25,184.8734436035156,0.002152219308666048,-0.002007780541646631,0.00048329386531278473,0.0024910744069594156,0.0024910744069594156,BUY
2016-10-26,184.50225830078125,-0.00252019247506019,-0.0026667405475234718,0.0006657326724790275,0.003332473220002499,0.003332473220002499,BUY
2016-10-27,184.0102386474609,-0.0033196520076391733,-0.0029555624934954894,0.0006969483380180512,0.0036525108315135406,0.0036525108315135406,BUY
2016-10-28,183.4663848876953,-0.0067297160366148745,4.7073880126147216e-05,0.0008300975642856669,0.0007830236841595197,0.0007830236841595197,BUY
2016-10-31,183.4750213623047,-0.010889396103202276,-0.007245210686864567,0.0009925162689436266,0.008237726955808194,0.008237726955808194,BUY
2016-11-01,182.1457061767578,-0.014754620098967552,-0.006018546714147588,0.0011434376534144506,0.007161984367562039,0.007161984367562039,BUY
2016-11-02,181.0494537353516,-0.01871415882509575,-0.004577229132078808,0.0012980416471462019,0.00587527077922501,0.00587527077922501,BUY
2016-11-03,180.2207489013672,-0.02059390702358621,-0.0011016051464798338,0.0013714382215448736,0.0024730433680247074,0.0024730433680247074,BUY
2016-11-04,180.022216796875,-0.018772747350576435,0.022056908937292174,0.0013003292924131612,-0.020756579644879012,0.020756579644879012,BUY
2016-11-07,183.99295043945312,0.002822886043575945,0.004503837317826553,0.00045710703829783745,-0.004046730279528716,0.004046730279528716,BUY
2016-11-08,184.82162475585935,0.01469108789479101,0.0106020489627634,-6.298305487403995e-06,-0.010608347268250804,0.010608347268250804,SELL
2016-11-09,186.78111267089844,0.03165797420148575,0.002495734173512121,-0.0006687866824536262,-0.0031645208559657467,0.0031645208559657467,SELL
2016-11-10,187.2472686767578,0.03898840626412081,-0.0023051905005094797,-0.000955010445131877,0.0013501800553776028,0.0013501800553776028,SELL
2016-11-11,186.8156280517578,0.03773651594651817,0.0007856638843486419,-0.0009061291849137864,-0.0016917930692624283,0.0016917930692624283,SELL
2016-11-14,186.96240234375,0.01613894389542958,0.007802726698163287,-6.283123407580264e-05,-0.00786555793223909,0.00786555793223909,SELL
2016-11-15,188.4212188720703,0.019476044109913326,-0.0018784660942782194,-0.0001931315181057983,0.0016853345761724211,0.0016853345761724211,SELL
2016-11-16,188.06727600097656,0.006885938902956967,0.005140859234719297,0.0002984612357808954,-0.004842397998938402,0.004842397998938402,BUY
2016-11-17,189.0341033935547,0.009542647694805506,-0.002237471262753421,0.0001947274885411817,0.002432198751294603,0.002432198751294603,BUY
2016-11-18,188.61114501953125,0.00961117111292209,0.007551359861239115,0.00019205192584619734,-0.007359307935392918,0.007359307935392918,BUY
2016-11-21,190.0354156494141,0.0164365309128518,0.0019530018922990777,-7.445080508103026e-05,-0.002027452697380108,0.002027452697380108,SELL
2016-11-22,190.40655517578125,0.010536691756881655,0.0005442968873461407,0.00015591408309872918,-0.0003883828042474115,0.0003883828042474115,BUY
2016-11-23,190.51019287109372,0.012989590332049383,0.0037156567463949575,6.0138301582209454e-05,-0.0036555184448127482,0.0036555184448127482,BUY
2016-11-25,191.2180633544922,0.0115532590243288,-0.004694985910493887,0.00011622123746315066,0.004811207147957038,0.004811207147957038,BUY
2016-11-28,190.3202972412109,0.00906177745489356,0.0019502388832175477,0.00021350352905987857,-0.001736735354157669,0.001736735354157669,BUY
2016-11-29,190.69146728515625,0.0034522598511452784,-0.00239918586276755,0.00043253253330353335,0.0028317183960710835,0.0028317183960710835,BUY
2016-11-30,190.2339630126953,-0.0009064402374518998,-0.003675412220557117,0.0006027221659315246,0.004278134386488642,0.004278134386488642,BUY
2016-12-01,189.53477478027344,-0.005120030986899948,0.0005010727094016953,0.0007672458649970557,0.00026617315559536035,0.00026617315559536035,BUY
2016-12-02,189.62974548339844,-0.008306317108490058,0.006008815074542095,0.0008916574678737324,-0.005117157606668363,0.005117157606668363,BUY
2016-12-05,190.76919555664065,0.0023586465654832356,0.0031672698914193553,0.00047523371474311613,-0.0026920361766762393,0.0026920361766762393,BUY
2016-12-06,191.3734130859375,0.0035761736510291353,0.01308076768272115,0.00042769419993553157,-0.01265307348278562,0.01265307348278562,BUY
2016-12-07,193.8767242431641,0.019148847938502245,0.0024485465616181923,-0.00018035582923575742,-0.0026289023908539497,0.0026289023908539497,SELL
2016-12-08,194.3514404296875,0.025413097174373345,0.0060404257951782725,-0.00042494945909621394,-0.006465375254274487,0.006465375254274487,SELL
2016-12-09,195.52540588378903,0.03109037764809286,-0.001147577176223269,-0.0006466243297018129,0.000500952846521456,0.000500952846521456,SELL
2016-12-12,195.301025390625,0.02375556399848011,0.00667390771707832,-0.00036022948375036084,-0.007034137200828681,0.007034137200828681,SELL
2016-12-13,196.6044464111328,0.027334169573734357,-0.008253995504269307,-0.0004999595766205537,0.007754035927648753,0.007754035927648753,SELL
2016-12-14,194.98167419433597,0.005699239841632675,0.00411697344541162,0.0003447970407643863,-0.003772176404647234,0.003772176404647234,BUY
2016-12-15,195.78440856933597,0.007373077022122088,-0.001956133021410067,0.0002794404598948249,0.002235573481304892,0.002235573481304892,BUY
2016-12-16,195.40142822265625,-0.0006340744343293903,0.0021776803499156117,0.0005920873814701862,-0.0015855929684454255,0.0015855929684454255,BUY
2016-12-19,195.8269500732422,0.0026928925824392103,0.0038575735864476712,0.00046218275788055877,-0.0033953908285671124,0.0033953908285671124,BUY
2016-12-20,196.58236694335935,-0.00011230401029327375,-0.0027828442294944855,0.0005717143539670626,0.003354558583461548,0.003354558583461548,BUY
2016-12-21,196.03530883789065,0.005403762419767366,-0.001727123917190987,0.00035633424058427747,0.0020834581577752645,0.0020834581577752645,BUY
2016-12-22,195.6967315673828,-0.0004478242296914736,0.0014639949330930158,0.0005848150632881805,-0.0008791798698048353,0.0008791798698048353,BUY
2016-12-23,195.9832305908203,0.002977472444577689,0.0024813225394635374,0.0004510710637501512,-0.002030251475713386,0.002030251475713386,BUY
2016-12-27,196.4695281982422,0.003281356957046233,-0.008264478856387258,0.00043920560100045266,0.00870368445738771,0.00870368445738771,BUY
2016-12-28,194.84580993652344,-0.008833737398920682,-0.00022303292672376518,0.0009122510998384006,0.0011352840265621657,0.0011352840265621657,BUY
2016-12-29,194.80235290527344,-0.006289458465040032,-0.003655015479102741,0.000812907284421257,0.004467922763523998,0.004467922763523998,BUY
2016-12-30,194.09034729003903,-0.00820853912315167,0.00765013575180018,0.0008878396324949278,-0.006762296119305252,0.006762296119305252,BUY
2017-01-03,195.57516479492188,-0.002082146491147574,0.005949264793425391,0.0006486287461796961,-0.005300636047245694,0.005300636047245694,BUY
2017-01-04,196.7386932373047,0.0013700090875716775,-0.0007945884532066794,0.0005138360149124273,0.0013084244681191067,0.0013084244681191067,BUY
2017-01-05,196.58236694335935,0.008912467799033763,0.0035778316945871413,0.00021933346802380693,-0.0033584982265633346,0.0033584982265633346,BUY
2017-01-06,197.28570556640625,0.012748062967906648,-0.003300948016120908,6.956896956521544e-05,0.0033705169856861235,0.0033705169856861235,BUY
2017-01-09,196.6344757080078,0.013107959532716817,0.0,5.551646241764706e-05,5.551646241764706e-05,5.551646241764706e-05,BUY
2017-01-10,196.6344757080078,0.005416387679881174,0.0028261834332730107,0.00035584127517327725,-0.0024703421580997333,0.0024703421580997333,BUY
2017-01-11,197.1902008056641,0.0022949606959867808,-0.00251016458412312,0.00047772039070449984,0.00298788497482762,0.00298788497482762,BUY
2017-01-12,196.6952209472656,0.0005740799933433571,0.0022953903373759132,0.0005449138310941424,-0.0017504765062817708,0.0017504765062817708,BUY
2017-01-13,197.14671325683597,-0.0007045229616167159,-0.0035230085709929693,0.0005948381119023118,0.004117846682895281,0.004117846682895281,BUY
2017-01-17,196.45216369628903,-0.0009271619895867556,0.0022098397871981312,0.0006035312666522797,-0.0016063085205458515,0.0016063085205458515,BUY
2017-01-18,196.88629150390625,0.0012806289181577224,-0.003704369634058069,0.0005173259495001691,0.004221695583558238,0.004221695583558238,BUY
2017-01-19,196.15695190429688,-0.005239859268592717,0.003673959043641206,0.0007719246753820802,-0.002902034368259126,0.002902034368259126,BUY
2017-01-20,196.87762451171875,0.0009273411096351047,-0.002602271857115035,0.0005311204114090553,0.00313339226852409,0.00313339226852409,BUY
2017-01-23,196.36529541015625,-0.0039636361863244485,0.006411688992676634,0.0007220933189896509,-0.005689595673686983,0.005689595673686983,BUY
2017-01-24,197.62432861328125,0.005966668398747377,0.008655748813188424,0.00033435503581693573,-0.008321393777371488,0.008321393777371488,BUY
2017-01-25,199.3349151611328,0.012436740204322394,-0.0010457290796963559,8.172486597610797e-05,0.0011274539456724638,0.0011274539456724638,BUY
2017-01-26,199.12646484375,0.015138453726085244,-0.001569660945879514,-2.376613418189578e-05,0.0015458948116976183,0.0015458948116976183,SELL
2017-01-27,198.81390380859372,0.009834938336325427,-0.006201634633125286,0.00018331471962161025,0.006384949352746896,0.006384949352746896,BUY
2017-01-30,197.5809326171875,0.0061906927315853455,-8.796274272004911e-05,0.0003256077905074528,0.0004135705332275019,0.0004135705332275019,BUY
2017-01-31,197.5635528564453,-0.0003075317561476165,0.00039551960702932654,0.0005793372088711343,0.0001838176018418078,0.0001838176018418078,BUY
2017-02-01,197.6416931152344,-0.00849435757167627,0.0006592475390738706,0.0008989996884207667,0.00023975214934689616,0.00023975214934689616,BUY
2017-02-02,197.77198791503903,-0.006802093984713653,0.006892579652246544,0.0008329236308070879,-0.006059656021439456,0.006059656021439456,BUY
2017-02-03,199.13514709472656,0.0016157988952427704,-0.0017878213444505464,0.0005042389157266674,0.002292060260177214,0.002292060260177214,BUY
2017-02-06,198.7791290283203,0.006064332196742406,4.3831405224903364e-05,0.0003305416589926593,0.0002867102537677559,0.0002867102537677559,BUY
2017-02-07,198.787841796875,0.006196937252486379,0.0013105860101809697,0.0003253639671893803,-0.0009852220429915895,0.0009852220429915895,BUY
2017-02-08,199.04837036132807,0.007117310239158403,0.005932386721057892,0.0002894271196663721,-0.005642959601391519,0.005642959601391519,BUY
2017-02-09,200.2292022705078,0.01242448124920692,0.003946435591962727,8.220352865651666e-05,-0.0038642320633062105,0.0038642320633062105,BUY
2017-02-10,201.01939392089844,0.009462150974662187,0.0054426872552899574,0.00019787056031728064,-0.005244816694972677,0.005244816694972677,BUY
2017-02-13,202.1134796142578,0.016774148283255963,0.003995105131782584,-8.763339967803681e-05,-0.00408273853146062,0.00408273853146062,SELL
2017-02-14,202.9209442138672,0.020791525173936343,0.005220538932327434,-0.00024449574011337646,-0.005465034672440811,0.005465034672440811,SELL
2017-02-15,203.9803009033203,0.0247775479549992,-0.0008517321108766351,-0.0004001338292148967,0.0004515982816617384,0.0004515982816617384,SELL
2017-02-16,203.8065643310547,0.017866335279675516,0.001576366319531619,-0.0001302788902838236,-0.0017066452098154427,0.0017066452098154427,SELL
2017-02-17,204.1278381347656,0.015463404566279593,0.0059553487507069125,-3.645415193735289e-05,-0.005991802902644266,0.005991802902644266,SELL
2017-02-21,205.34349060058597,0.015981175488605448,-0.0008878392550236702,-5.6671015053634446e-05,0.0008311682399700358,0.0008311682399700358,SELL
2017-02-22,205.1611785888672,0.011039936679177575,0.0006771067342294934,0.00013626440160962965,-0.0005408423326198638,0.0005408423326198638,BUY
2017-02-23,205.3000946044922,0.006470201756381355,0.0012688647191168023,0.0003146940920929443,-0.000954170627023858,0.000954170627023858,BUY
2017-02-24,205.5605926513672,0.008606338692130233,0.0015625441901230275,0.00023128657311973812,-0.0013312576170032894,0.0013312576170032894,BUY
2017-02-27,205.8817901611328,0.008592419546467056,-0.002698947109723071,0.0002318300595351281,0.0029307771692581993,0.0029307771692581993,BUY
2017-02-28,205.3261260986328,-8.456319653649125e-05,0.013997581644756618,0.0005706311872416391,-0.013426950457514979,0.013426950457514979,BUY
2017-03-01,208.2001953125,0.014812825430891241,-0.006297359367158029,-1.1051664545104912e-05,0.006286307702612924,0.006286307702612924,SELL
2017-03-02,206.8890838623047,0.0077398369488024255,0.0006291909029807474,0.00026511996618898594,-0.0003640709367917615,0.0003640709367917615,BUY
2017-03-03,207.01925659179688,0.007096029066736564,-0.00297761942871988,0.00029025806348970167,0.0032678774922095814,0.0032678774922095814,BUY
2017-03-06,206.40283203125,0.0025307817156117185,-0.0029869556886114035,0.000468512532425624,0.0034554682210370274,0.0034554682210370274,BUY
2017-03-07,205.78631591796875,0.0022412628537824553,-0.0018563870064179921,0.0004798170745441561,0.002336204080962148,0.002336204080962148,BUY
2017-03-08,205.404296875,-0.01342889440282935,0.0012682210199017607,0.0010916734199032927,-0.000176547599998468,0.000176547599998468,BUY
2017-03-09,205.664794921875,-0.0059176101395688185,0.003504038447156521,0.0007983881092958935,-0.0027056503378606275,0.0027056503378606275,BUY
2017-03-10,206.3854522705078,-0.003061571815702213,0.0005047436812219974,0.0006868713489705095,0.0001821276677485121,0.0001821276677485121,BUY
2017-03-13,206.4896240234375,0.0004204980684294757,-0.0038267123364602584,0.0005509105849079165,0.004377622921368175,0.004377622921368175,BUY
2017-03-14,205.69944763183597,-0.00042212858394052866,0.00865369272959371,0.0005838117521124625,-0.008069880977481247,0.008069880977481247,BUY
2017-03-15,207.47950744628903,0.010103053357992442,-0.001967070560740969,0.00017284591100618632,0.002139916471747155,0.002139916471747155,BUY
2017-03-16,207.0713806152344,0.006839214722644815,-0.0017560717520115343,0.0003002856262919499,0.002056357378303484,0.002056357378303484,BUY
2017-03-17,206.70774841308597,0.0015616223868131218,-0.0010969381032376324,0.0005063542895489752,0.0016032923927866076,0.0016032923927866076,BUY
2017-03-20,206.4810028076172,-4.175132702710638e-05,-0.012839475554833668,0.0005689595566646741,0.013408435111498342,0.013408435111498342,BUY
2017-03-21,203.82989501953125,-0.009088758544703923,0.002353236919116819,0.0009222086454898583,-0.0014310282736269607,0.0014310282736269607,BUY
2017-03-22,204.3095550537109,-0.015278387883192468,-0.001067318434690101,0.0011638886697651315,0.0022312071044552325,0.0022312071044552325,BUY
2017-03-23,204.09149169921875,-0.014390636249017263,-0.0007261871473921433,0.0011292255542916824,0.0018554127016838257,0.0018554127016838257,BUY
2017-03-24,203.9432830810547,-0.013373786678314348,-0.0010263641204412144,0.0010895216858542562,0.0021158858062954706,0.0021158858062954706,BUY
2017-03-27,203.7339630126953,-0.013304080073077484,0.007276936953360069,0.0010867999244814006,-0.006190137028878669,0.006190137028878669,BUY
2017-03-28,205.21652221679688,0.006802864698197242,0.0009346371161722544,0.00030170494792018844,-0.000632932168252066,0.000632932168252066,BUY
2017-03-29,205.4083251953125,0.0053779674734877325,0.0031843074097954727,0.00035734142904454214,-0.0028269659807509304,0.0028269659807509304,BUY
2017-03-30,206.0624084472656,0.009657025541032871,-0.002327667520751864,0.00019026149564546927,0.002517929016397333,0.002517929016397333,BUY
2017-03-31,205.582763671875,0.008038904572153616,-0.0017390243294178598,0.00025344258350275327,0.0019924669129206133,0.0019924669129206133,BUY
2017-04-03,205.22525024414065,0.007319777269302996,0.0006371916813843193,0.000281521599951966,-0.00035567008143235325,0.00035567008143235325,BUY
2017-04-04,205.35601806640625,0.0006797496035042538,-0.0029726831469143455,0.000540787859642178,0.0035134710065565233,0.0035134710065565233,BUY
2017-04-05,204.7455596923828,-0.003226575662400699,0.0028111062545250753,0.0006933140826940998,-0.0021177921718309755,0.0021177921718309755,BUY
2017-04-06,205.3211212158203,-0.0035973918631305724,-0.00101940223358854,0.0007077929575173125,0.0017271951911058524,0.0017271951911058524,BUY
2017-04-07,205.11181640625,-0.002290791587842733,0.0005952891072653621,0.0006567754944382141,6.148638717285197e-05,6.148638717285197e-05,BUY
2017-04-10,205.23391723632807,4.2231607353837575e-05,-0.0011895725048158834,0.0005656803623042486,0.0017552528671201319,0.0017552528671201319,BUY
2017-04-11,204.98977661132807,-0.0017834464191828214,-0.004382096156007376,0.0006369657148904759,0.005019061870897851,0.005019061870897851,BUY
2017-04-12,204.09149169921875,-0.0031945405514374192,-0.006494788169870924,0.0006920632410084557,0.00718685141087938,0.00718685141087938,BUY
2017-04-13,202.76596069335935,-0.01244470372716866,0.008859785964825395,0.0010532447494001804,-0.007806541215425214,0.007806541215425214,BUY
2017-04-17,204.5624237060547,-0.0026785034125346163,-0.0029843647750223967,0.0006719140751316787,0.0036562788501540754,0.0036562788501540754,BUY
2017-04-18,203.95193481445312,-0.006246445222788055,-0.0018382944314589977,0.0008112277910520863,0.002649522222511084,0.002649522222511084,BUY
2017-04-19,203.57701110839844,-0.006891882738173427,0.008138964802108184,0.0008364295189514503,-0.007302535283156734,0.007302535283156734,BUY
2017-04-20,205.23391723632807,0.00559761471484066,-0.003186790392119998,0.000348765091477431,0.003535555483597429,0.003535555483597429,BUY
2017-04-21,204.5798797607422,0.008945875635043121,0.010997776070090559,0.00021802902696987822,-0.010779747043120682,0.010779747043120682,BUY
2017-04-24,206.82980346679688,0.011084048182770312,0.005818677637247083,0.00013454202557124236,-0.00568413561167584,0.00568413561167584,BUY
2017-04-25,208.0332794189453,0.02001130613546387,-0.0006288109238973272,-0.00021403133815225625,0.00041477958574507093,0.00041477958574507093,SELL
2017-04-26,207.9024658203125,0.02124726504414043,0.000839039959791732,-0.0002622905412025528,-0.0011013305009942849,0.0011013305009942849,SELL
2017-04-27,208.076904296875,0.013852423122018509,-0.002179367064695681,2.6448166321838343e-05,0.002205815231017519,0.002205815231017519,BUY
2017-04-28,207.62342834472656,0.014877067028995272,0.002520208816042091,-1.3560039463893876e-05,-0.002533768855505985,0.002533768855505985,SELL
2017-05-01,208.1466827392578,0.006366970573814523,0.00037709566111998605,0.00031872485279675237,-5.837080832323368e-05,5.837080832323368e-05,BUY
2017-05-02,208.2251739501953,0.0009224222767914014,-0.0012148396866683564,0.0005313124719632601,0.0017461521586316165,0.0017461521586316165,BUY
2017-05-03,207.9722137451172,0.0003354838747557931,0.0011740565635243172,0.0005542300457782206,-0.0006198265177460966,0.0006198265177460966,BUY
2017-05-04,208.2163848876953,0.0006703319202658875,0.003937293217357141,0.000541155582132362,-0.0033961376352247786,0.0033961376352247786,BUY
2017-05-05,209.03619384765625,0.006804460913649946,-0.00016694166662534204,0.00030164262215425614,0.0004685842887795982,0.0004685842887795982,BUY
2017-05-08,209.0012969970703,0.004105826941681601,-0.0009179309298041893,0.0004070133783318224,0.0013249443081360117,0.0013249443081360117,BUY
2017-05-09,208.8094482421875,0.0028059733648340135,0.0017958957468489078,0.0004577674100883569,-0.001338128336760551,0.001338128336760551,BUY
2017-05-10,209.1844482421875,0.005828829126933277,-0.0020430207295701885,0.0003397371026155031,0.0023827578321856916,0.0023827578321856916,BUY
2017-05-11,208.757080078125,0.002596794631322119,-0.0016708446920657982,0.0004659349947090817,0.00213677968677488,0.00213677968677488,BUY
2017-05-12,208.4082794189453,-0.0030038550604712944,0.005523842924182398,0.0006846177428105153,-0.004839225181371883,0.004839225181371883,BUY
2017-05-15,209.5594940185547,0.0026707825717091627,-0.0009158499342966087,0.00046304606449194775,0.0013788959987885564,0.0013788959987885564,BUY
2017-05-16,209.36756896972656,0.0026728710421748403,-0.017744114489837703,0.0004629645181560946,0.018207079007993798,0.018207079007993798,BUY
2017-05-17,205.65252685546875,-0.01688424458126825,0.0040285230860823695,0.0012265908873858617,-0.002801932198696508,0.002801932198696508,BUY
2017-05-18,206.4810028076172,-0.0109029943782315,0.006504167658456073,0.000993047226656834,-0.005511120431799238,0.005511120431799238,BUY
2017-05-19,207.8239898681641,-0.0028035812800252247,0.005077550561297661,0.0006767978606377767,-0.004400752700659884,0.004400752700659884,BUY
2017-05-22,208.8792266845703,-0.0032461775934815584,0.0022127809779293184,0.0006940794589259214,-0.001518701519003397,0.001518701519003397,BUY
2017-05-23,209.3414306640625,-0.0001248440997461131,0.0023327550767526795,0.0005722039938077765,-0.001760551082944903,0.001760551082944903,BUY
2017-05-24,209.82977294921875,0.020312155447940405,0.00477958468822548,-0.00022577828860216532,-0.005005362976827645,0.005005362976827645,SELL
2017-05-25,210.83267211914065,0.02107539798989655,-0.00020691706599007542,-0.000255579826946451,-4.866276095637559e-05,4.866276095637559e-05,SELL
2017-05-26,210.7890472412109,0.014267156428513061,-0.0008688840692353539,1.0254505910204802e-05,0.0008791385751455587,0.0008791385751455587,BUY
2017-05-30,210.60589599609372,0.008266352470420069,-0.0002485098825787402,0.00024456166179188726,0.0004930715443706274,0.0004930715443706274,BUY
2017-05-31,210.55355834960935,0.005790194906482693,0.007952553686042307,0.0003412456128712454,-0.007611308073171062,0.007611308073171062,BUY
2017-06-01,212.22799682617188,0.01142937841110614,0.0033283785958215795,0.00012105827502608156,-0.003207320320795498,0.003207320320795498,BUY
2017-06-02,212.9343719482422,0.009968568002182598,-0.0007371621671492523,0.00017809702093205606,0.0009152591880813084,0.0009152591880813084,BUY
2017-06-05,212.77740478515625,0.009432926283261756,-0.0031968693212705013,0.00019901166647095196,0.0033958809877414533,0.0033958809877414533,BUY
2017-06-06,212.09718322753903,0.0070809377125555795,0.001850287636670167,0.00029084731991288156,-0.0015594403167572854,0.0015594403167572854,BUY
2017-06-07,212.4896240234375,0.009195122082019003,0.000492039190792104,0.0002082969599814588,-0.0002837422308106452,0.0002837422308106452,BUY
2017-06-08,212.59417724609372,0.0017254105273478704,-0.001517379562079313,0.0004999590242405511,0.002017338586319864,0.002017338586319864,BUY
2017-06-09,212.27159118652344,-0.0031126058026923475,-0.0002053706768196939,0.0006888640200239998,0.0008942346968436937,0.0008942346968436937,BUY
2017-06-12,212.22799682617188,-0.0025820784849740486,0.004889861462433309,0.000668149071193774,-0.004221712391239535,0.004221712391239535,BUY
2017-06-13,213.2657623291016,0.005509639891393192,-0.0012676916428442375,0.00035220015298170987,0.0016198917958259473,0.0016198917958259473,BUY
2017-06-14,212.9954071044922,0.002380271899765418,-0.0019242965779384669,0.0004743893327892922,0.002398685910727759,0.002398685910727759,BUY
2017-06-15,212.5855407714844,-4.0624229323604766e-05,0.00021834615919624767,0.0005689155480519694,0.0003505693888557217,0.0003505693888557217,BUY
2017-06-16,212.6319580078125,0.0016976686294889465,0.008325267340306253,0.0005010422332957841,-0.007824225107010469,0.007824225107010469,BUY
2017-06-19,214.4021759033203,0.01024454412077036,-0.006744045876677873,0.00016732126823472686,0.0069113671449126,0.0069113671449126,BUY
2017-06-20,212.95623779296875,-0.001451355964278922,-0.00024720018916191133,0.0006239989240192217,0.000871199113181133,0.000871199113181133,BUY
2017-06-21,212.90359497070312,-0.0004310521763692954,-0.00045266737619897857,0.0005841601823522826,0.0010368275585512612,0.0010368275585512612,BUY
2017-06-22,212.8072204589844,0.0010427787642353081,0.001194131817984223,0.000526613037277203,-0.0006675187807070201,0.0006675187807070201,BUY
2017-06-23,213.06134033203125,0.0020193687169214325,0.0006583740045611464,0.0004884811443051102,-0.00016989286025603616,0.00016989286025603616,BUY
2017-06-26,213.2016143798828,-0.005599577142252787,-0.008056321968317404,0.0007859702053620135,0.008842292173679418,0.008842292173679418,BUY
2017-06-27,211.48399353027344,-0.006913365290227347,0.00895040806821723,0.000837268325835992,-0.008113139742381238,0.008113139742381238,BUY
2017-06-28,213.3768615722656,0.0022229150316959156,-0.008788771288283148,0.0004805334828853955,0.009269304771168543,0.009269304771168543,BUY
2017-06-29,211.5015411376953,-0.006135502914200841,0.0018645166480111275,0.0008068959420242639,-0.0010576207059868636,0.0010576207059868636,BUY
2017-06-30,211.89588928222656,-0.005470025899529496,0.0016954218928193487,0.0007809117526221112,-0.0009145101401972375,0.0009145101401972375,BUY
2017-07-03,212.2551422119141,-0.0044393292739439705,0.0023120189688929926,0.0007406672126230844,-0.0015713517562699082,0.0015713517562699082,BUY
2017-07-05,212.74588012695312,0.005966818460419576,-0.009144477100758053,0.00033434917651477134,0.009478826277272824,0.009478826277272824,BUY
2017-07-06,210.8004302978516,-0.012074557922680085,0.006485261654039176,0.0010387920508422997,-0.005446469603196877,0.005446469603196877,BUY
2017-07-07,212.1675262451172,0.003148842811449226,0.0010738883669596522,0.0004443797431297004,-0.0006295086238299518,0.0006295086238299518,BUY
2017-07-10,212.39537048339844,0.0023572009955634687,-0.0007426967968704457,0.0004752901584094805,0.0012179869552799262,0.0012179869552799262,BUY
2017-07-11,212.2376251220703,-8.252845919887175e-05,0.007514807639976251,0.0005705517389673957,-0.006944255901008855,0.006944255901008855,BUY
2017-07-12,213.83255004882807,0.005107830625093568,0.001680066620378895,0.00036788918182701974,-0.0013121774385518752,0.0013121774385518752,BUY
2017-07-13,214.1918029785156,0.01608807285579128,0.004664224692059182,-6.084492545821831e-05,-0.0047250696175174,0.0047250696175174,SELL
2017-07-14,215.1908416748047,0.014249661497182542,-0.00012203296279822418,1.0937612312451211e-05,0.0001329705751106754,0.0001329705751106754,BUY
2017-07-17,215.16458129882807,0.013037999882610896,0.0005293231854197611,5.824810417053071e-05,-0.0004710750812492304,0.0004710750812492304,BUY
2017-07-18,215.27847290039065,0.014327562215094458,0.005414115897590666,7.895903937614923e-06,-0.005406219993653051,0.005406219993653051,BUY
2017-07-19,216.4440155029297,0.012212665721403448,0.0004450515073273209,9.047406944368491e-05,-0.000354577437883636,0.000354577437883636,BUY
2017-07-20,216.54034423828125,0.010964664506798227,-0.0008900593805113433,0.000139203475898743,0.0010292628564100863,0.0010292628564100863,BUY
2017-07-21,216.3476104736328,0.00537554846584154,-0.00024297253944816077,0.0003574358815221757,0.0006004084209703365,0.0006004084209703365,BUY
2017-07-24,216.2950439453125,0.005253943932874261,0.0024306686254047527,0.00036218404734476633,-0.0020684845780599864,0.0020684845780599864,BUY
2017-07-25,216.8207855224609,0.0071642677565066926,4.0536069818353226e-05,0.0002875936182865605,0.0002470575484682073,0.0002470575484682073,BUY
2017-07-26,216.8295745849609,0.0017813339913110848,-0.0009294769236311007,0.0004977754388610286,0.0014272523624921291,0.0014272523624921291,BUY
2017-07-27,216.62803649902344,0.00040496961917502183,-0.0011729996650686747,0.0005515169081281839,0.0017245165731968586,0.0017245165731968586,BUY
2017-07-28,216.3739318847656,0.00012166259232149201,-0.0005671255338925985,0.0005625789031820002,0.0011297044370745988,0.0011297044370745988,BUY
2017-07-31,216.251220703125,-0.00020260862841858795,0.0022287231940751884,0.0005752403845429135,-0.001653482809532275,0.001653482809532275,BUY
2017-08-01,216.73318481445312,-0.00040402357087998553,0.00048508056913676434,0.0005831048244829246,9.802425534616028e-05,9.802425534616028e-05,BUY
2017-08-02,216.83831787109372,4.032330990622057e-05,-0.001939662997979652,0.0005657548736115085,0.0025054178715911606,0.0025054178715911606,BUY
2017-08-03,216.417724609375,-0.0009708433545690953,0.0018219504380971863,0.0006052368475153637,-0.0012167135905818225,0.0012167135905818225,BUY
2017-08-04,216.81202697753903,0.002024712907684023,0.001859315434950437,0.0004882724752422952,-0.0013710429597081418,0.0013710429597081418,BUY
2017-08-07,217.21514892578125,0.004457446388150377,-0.002460834993746608,0.0003932840592222256,0.0028541190529688333,0.0028541190529688333,BUY
2017-08-08,216.6806182861328,-0.00024254028456838217,-4.056229195537053e-05,0.000576799554422057,0.0006173618463774275,0.0006173618463774275,BUY
2017-08-09,216.6718292236328,-0.0007678008623913657,-0.014115264258910631,0.0005973088583329923,0.014712573117243624,0.014712573117243624,BUY
2017-08-10,213.6134490966797,-0.01295769797855939,0.00147678063535861,0.0010732751028105613,-0.0004035055325480486,0.0004035055325480486,BUY
2017-08-11,213.9289093017578,-0.013297775570724646,0.009913163616807275,0.0010865537591299146,-0.00882660985767736,0.00882660985767736,BUY
2017-08-14,216.04962158203125,-0.005365773747890157,-0.00012140663893034365,0.0007768411271999599,0.0008982477661303035,0.0008982477661303035,BUY
2017-08-15,216.0233917236328,-0.00303315805399873,0.0017441167668235114,0.0006857619063459652,-0.001058354860477546,0.001058354860477546,BUY
2017-08-16,216.4001617431641,-0.0012538200348524153,-0.015590677225308491,0.0006162859438699621,0.016206963169178454,0.016206963169178454,BUY
2017-08-17,213.02633666992188,-0.0027484806281653507,-0.0015634385591638544,0.0006746464027473549,0.002238084961911209,0.002238084961911209,BUY
2017-08-18,212.6932830810547,-0.005775873044630009,0.0007829074930192359,0.0007928538482485458,9.946355229309878e-06,9.946355229309878e-06,BUY
2017-08-21,212.85980224609372,-0.014764290317103801,0.010456932554742115,0.0011438152363723482,-0.009313117318369767,0.009313117318369767,BUY
2017-08-22,215.08566284179688,-0.004340867321607544,-0.0035852386098778055,0.0007368226710957126,0.004322061280973518,0.004322061280973518,BUY
2017-08-23,214.3145294189453,-0.00963785011720153,-0.0023307412712720854,0.0009436484534837526,0.0032743897247558378,0.0032743897247558378,BUY
2017-08-24,213.8150177001953,0.0037022700695241717,0.002336186317138944,0.00042277064412688165,-0.0019134156730120624,0.0019134156730120624,BUY
2017-08-25,214.3145294189453,0.0076224613885562675,4.086771412858958e-05,0.0002697030077086486,0.000228835293580059,0.000228835293580059,BUY
2017-08-28,214.3232879638672,0.006875350358925392,0.0011448187943363664,0.0002988746756556676,-0.0008459441186806987,0.0008459441186806987,BUY
2017-08-29,214.5686492919922,-0.002403756452074468,0.004737742667795475,0.0006611863160943692,-0.004076556351701106,0.004076556351701106,BUY
2017-08-30,215.5852203369141,0.005929093661609874,0.006015956436709269,0.00033582217752880865,-0.00568013425918046,0.00568013425918046,BUY
2017-08-31,216.88217163085935,0.014344894777057693,0.001414069211226776,7.2191374033121845e-06,-0.001406850073823464,0.001406850073823464,BUY
2017-09-01,217.18885803222656,0.013411730044968095,-0.0071821156131766095,4.3655450915958626e-05,0.007225771064092568,0.007225771064092568,BUY
2017-09-05,215.6289825439453,0.006092173148716684,0.003413730540670734,0.00032945458227432486,-0.003084275958396409,0.003084275958396409,BUY
2017-09-06,216.36508178710935,0.008372297169436438,-0.00012137067478557029,0.00024042494923126644,0.0003617956240168367,0.0003617956240168367,BUY
2017-09-07,216.3388214111328,0.0034956063919455715,-0.0011747793991260247,0.0004308400259723234,0.001605619425098348,0.001605619425098348,BUY
2017-09-08,216.0846710205078,-0.003677114648726887,0.010666304177045394,0.0007109058102754576,-0.009955398366769936,0.009955398366769936,BUY
2017-09-11,218.38949584960935,0.005528082003196655,0.003370440151997167,0.00035148006300788335,-0.003018960088989284,0.003018960088989284,BUY
2017-09-12,219.1255645751953,0.01621573310785074,0.00047992380269579193,-6.58295426508612e-05,-0.0005457533453466531,0.0005457533453466531,SELL
2017-09-13,219.2307281494141,0.013244495547226842,-0.00031988852622655273,5.018528255263603e-05,0.00037007380877918875,0.00037007380877918875,BUY
2017-09-14,219.1605987548828,0.013043324010661328,0.0013461757642549976,5.804021847558743e-05,-0.00128813554577941,0.00128813554577941,BUY
2017-09-15,219.45562744140625,0.015600164532626692,0.0021272062968755723,-4.179407621700672e-05,-0.002169000373092579,0.002169000373092579,SELL
2017-09-18,219.9224548339844,0.0070193805723637315,0.0010009132136223897,0.000293250877593367,-0.0007076623360290227,0.0007076623360290227,BUY
2017-09-19,220.142578125,0.004641236415186434,0.0003599435069603363,0.00038610780103832693,2.6164294077990653e-05,2.6164294077990653e-05,BUY
2017-09-20,220.2218170166016,0.0045207570834324695,-0.0026792388849661286,0.00039081203229849427,0.0030700509172646227,0.0030700509172646227,BUY
2017-09-21,219.6317901611328,0.0021499822911918987,0.00020036419875246736,0.0004833812118093018,0.00028301701305683447,0.00028301701305683447,BUY
2017-09-22,219.67579650878903,0.0010032509530499834,-0.002044500142498018,0.0005281564386417103,0.0025726565811397283,0.0025726565811397283,BUY
2017-09-25,219.22666931152344,-0.0031637766274762447,0.0006025514018386247,0.0006908620340406158,8.831063220199114e-05,8.831063220199114e-05,BUY
2017-09-26,219.3587646484375,-0.0035604810447774637,0.0038945050798919745,0.0007063517391522435,-0.003188153340739731,0.003188153340739731,BUY
2017-09-27,220.2130584716797,-3.977146787981223e-05,0.001199427683830523,0.0005688822511620966,-0.0006305454326684263,0.0006305454326684263,BUY
2017-09-28,220.4771881103516,0.0038491602176466966,0.0035150059937603118,0.0004170351771671236,-0.0030979708165931883,0.0030979708165931883,BUY
2017-09-29,221.25216674804688,0.007175894041630437,0.004339039869152961,0.0002871396588138235,-0.004051900210339137,0.004051900210339137,BUY
2017-10-02,222.21218872070312,0.013618413391744966,0.0021397526783473175,3.558530106777301e-05,-0.0021041673772795445,0.0021041673772795445,BUY
2017-10-03,222.6876678466797,0.015175610619331037,0.0011866472514605597,-2.521696077756883e-05,-0.0012118642122381285,0.0012118642122381285,SELL
2017-10-04,222.9519195556641,0.012437323667327638,0.005925314226030487,8.170208410249977e-05,-0.005843612141927987,0.005843612141927987,BUY
2017-10-05,224.27297973632807,0.017216255606800734,-0.00113920617794816,-0.00010489590488528208,0.001034310273062878,0.001034310273062878,SELL
2017-10-06,224.0174865722656,0.012498498273997738,-0.0016510219525500691,7.931346281089423e-05,0.0017303354153609635,0.0017303354153609635,BUY
2017-10-09,223.6476287841797,0.00645977194923697,0.0026384032553519177,0.00031510133393344793,-0.0023233019214184696,0.0023233019214184696,BUY
2017-10-10,224.2377014160156,0.006960572106772922,0.0015710099633621244,0.00029554711063323576,-0.0012754628527288886,0.0012754628527288886,BUY
2017-10-11,224.5899810791016,0.007347151469707436,-0.0014902101941004497,0.00028045274799711264,0.0017706629420975624,0.0017706629420975624,BUY
2017-10-12,224.2552947998047,-7.885451267541921e-05,0.0012174763273216094,0.0005704082861956032,-0.0006470680411260061,0.0006470680411260061,BUY
2017-10-13,224.5283203125,0.0022803297548363854,0.0013338373195543873,0.00047829166985855355,-0.0008555456496958338,0.0008555456496958338,BUY
2017-10-16,224.8278045654297,0.005276942964545617,0.0007049530297131845,0.0003612860280565874,-0.00034366700165659714,0.00034366700165659714,BUY
2017-10-17,224.98629760742188,0.0033384046780673415,0.0009785209629871172,0.00043697811792396245,-0.0005415428450631548,0.0005415428450631548,BUY
2017-10-18,225.2064514160156,0.0027448701582857282,0.0002737966262240654,0.0004601532434936078,0.00018635661726954238,0.00018635661726954238,BUY
2017-10-19,225.2681121826172,0.004516358838780876,0.005160408966339292,0.00039098376598657736,-0.004769425200352714,0.004769425200352714,BUY
2017-10-20,226.4305877685547,0.008472282932536546,-0.003889454764037792,0.0002365209090486088,0.0041259756730864005,0.0041259756730864005,BUY
2017-10-23,225.5498962402344,0.0032117543299434725,0.0017573153935983576,0.0004419233024471641,-0.0013153920911511937,0.0013153920911511937,BUY
2017-10-24,225.94625854492188,0.004266752898770099,-0.004950088515273343,0.0004007298697259311,0.005350818384999274,0.005350818384999274,BUY
2017-10-25,224.8278045654297,-0.0016813321652426882,0.0012924251992711966,0.0006329785657379987,-0.0006594466335331979,0.0006594466335331979,BUY
2017-10-26,225.11837768554688,-0.0006646945971160445,0.008176240283737313,0.0005932829751448469,-0.007582957308592465,0.007582957308592465,BUY
2017-10-27,226.95899963378903,0.002333659380747921,-0.003725027287576177,0.0004762093633778171,0.004201236650953994,0.004201236650953994,BUY
2017-10-30,226.1135711669922,0.0024991141035923814,0.0015575717482760876,0.00046974902476192313,-0.0010878227235141644,0.0010878227235141644,BUY
2017-10-31,226.46575927734372,0.002299222548615809,0.0013224261976088059,0.000477553982573978,-0.0008448722150348278,0.0008448722150348278,BUY
2017-11-01,226.76524353027344,0.008617434879056196,0.0003883243759439381,0.00023085331184043113,-0.00015747106410350696,0.00015747106410350696,BUY
2017-11-02,226.85330200195312,0.007706720056545713,0.0033387910372044693,0.0002664130470645652,-0.0030723779901399044,0.0030723779901399044,BUY
2017-11-03,227.6107177734375,0.002871523670354703,0.001547326566150975,0.0004552079354311297,-0.0010921186307198453,0.0010921186307198453,BUY
2017-11-06,227.96290588378903,0.008178786913374037,-0.0006950572287656165,0.00024798074309631486,0.0009430379718619313,0.0009430379718619313,BUY
2017-11-07,227.8044586181641,0.005911265990462322,0.0017008059202403558,0.0003365182760768946,-0.0013642876441634613,0.0013642876441634613,BUY
2017-11-08,228.19190979003903,0.006291379743894154,-0.0036276014666876133,0.0003216763693757086,0.003949277836063322,0.003949277836063322,BUY
2017-11-09,227.36412048339844,0.0022517568707944857,-0.0003098546461586249,0.00047940732556767997,0.0007892619717263049,0.0007892619717263049,BUY
2017-11-10,227.29367065429688,-0.001392935808305018,0.0009297849249707557,0.0006217178529014176,-0.0003080670720693381,0.0003080670720693381,BUY
2017-11-13,227.5050048828125,-0.002008664520226633,-0.002322571350540148,0.0006457595720264818,0.00296833092256663,0.00296833092256663,BUY
2017-11-14,226.9766082763672,-0.003634039240577369,-0.005004995247439248,0.0007092238895790908,0.005714219137018339,0.005714219137018339,BUY
2017-11-15,225.8405914306641,-0.010304126739367758,0.008500888032982656,0.0009696638643287745,-0.007531224168653882,0.007531224168653882,BUY
2017-11-16,227.76043701171875,0.0017430917748926245,-0.0029389325353257334,0.0004992686429427145,0.003438201178268448,0.003438201178268448,BUY
2017-11-17,227.091064453125,-0.0008913851432318376,0.0017063504862040446,0.000602134325313356,-0.0011042161608906887,0.0011042161608906887,BUY
2017-11-20,227.4785614013672,-0.00011623252622039448,0.0065429146094708734,0.0005718677466458015,-0.005971046862825072,0.005971046862825072,BUY
2017-11-21,228.9669342041016,0.008768859235533943,-0.0008844711536251104,0.0002249408023591532,0.0011094119559842636,0.0011094119559842636,BUY
2017-11-22,228.7644195556641,0.01294642431848958,0.002309718218779455,6.182376005387088e-05,-0.0022478944587255843,0.0022478944587255843,BUY
2017-11-24,229.2928009033203,0.006727963432572537,-0.000499436578309087,0.00030462953979871403,0.0008040661181078011,0.0008040661181078011,BUY
2017-11-27,229.17828369140625,0.009191111254454931,0.010145126698566598,0.00020845356659714436,-0.009936673131969453,0.009936673131969453,BUY
2017-11-28,231.5033264160156,0.017692942094648778,-0.000608760910536299,-0.0001235085867850584,0.0004852523237512406,0.0004852523237512406,SELL
2017-11-29,231.3623962402344,0.010462043545543143,0.008754718693392505,0.00015882879422952575,-0.008595889899162979,0.008595889899162979,BUY
2017-11-30,233.38790893554688,0.02021070142316339,-0.0020752112902581166,-0.00022181691873168448,0.001853394371526432,0.001853394371526432,SELL
2017-12-01,232.9035797119141,0.015747458247135526,-0.0012100053401666866,-4.754530081404898e-05,0.0011624600393526376,0.0011624600393526376,SELL
2017-12-04,232.62176513671875,0.015025339180693154,-0.0035965654538179237,-1.9349468081026732e-05,0.003577215985736897,0.003577215985736897,SELL
2017-12-05,231.78512573242188,0.0012172581740785837,0.00018985837644724946,0.0005198003210868736,0.00032994194463962416,0.00032994194463962416,BUY
2017-12-06,231.82913208007807,0.0020173366434146356,0.003153262318015493,0.0004885604885675199,-0.002664701829447973,0.002664701829447973,BUY
2017-12-07,232.5601501464844,-0.003546708108563834,0.005452900854284293,0.0007058139616252834,-0.004747086892659009,0.004747086892659009,BUY
2017-12-08,233.82827758789065,0.003970303406758857,0.0030129527406703716,0.0004123050249585972,-0.0026006477157117743,0.0026006477157117743,BUY
2017-12-11,234.5327911376953,0.008215164216699211,0.0017650226497902821,0.00024656035633809195,-0.0015184622934521902,0.0015184622934521902,BUY
2017-12-12,234.94674682617188,0.013640310540892209,-0.00011268084951621127,3.473030584139373e-05,0.000147411155357605,0.000147411155357605,BUY
2017-12-13,234.92027282714844,0.01333370279798407,-0.0040860017400924376,4.670209973997965e-05,0.004132703839832417,0.004132703839832417,BUY
2017-12-14,233.96038818359372,0.006020971504479,0.008327426616929312,0.00033223471888134263,-0.00799519189804797,0.00799519189804797,BUY
2017-12-15,235.9086761474609,0.008897121344907832,0.006340993515673743,0.0002199326850694273,-0.006121060830604316,0.006121060830604316,BUY
2017-12-18,237.40457153320312,0.012244686048279663,-0.003840204605237485,8.922380501692436e-05,0.003929428410254409,0.003929428410254409,BUY
2017-12-19,236.49288940429688,0.006580821394683634,-0.0005239115962413221,0.0003103748420364062,0.0008342864382777283,0.0008342864382777283,BUY
2017-12-20,236.36898803710935,0.006166837763835087,0.002059432130730565,0.0003265392306421824,-0.0017328929000883827,0.0017328929000883827,BUY
2017-12-21,236.85577392578125,0.01237553828947946,-0.00026142561352571203,8.411455354155844e-05,0.0003455401670672705,0.0003455401670672705,BUY
2017-12-22,236.7938537597656,0.003752204568141293,-0.0011962479416531835,0.0004208209036532612,0.0016170688453064448,0.0016170688453064448,BUY
2017-12-26,236.51058959960935,-0.0037656475097352926,0.000486517447337631,0.0007143626608924439,0.0002278452135548129,0.0002278452135548129,BUY
2017-12-27,236.6256561279297,0.0005613983742480677,0.0020571982625954277,0.0005454089970957219,-0.001511789265499706,0.001511789265499706,BUY
2017-12-28,237.1124420166016,0.0031453110057548805,-0.0037702868984461624,0.00044451764587625706,0.0042148045443224195,0.0042148045443224195,BUY
2017-12-29,236.2184600830078,-0.0026907253819918875,0.00715705305658032,0.0006723912936715284,-0.006484661762908792,0.006484661762908792,BUY
2018-01-02,237.9090881347656,0.004709726867030195,0.006325132555265345,0.0003834335255431376,-0.005941699029722207,0.005941699029722207,BUY
2018-01-03,239.4138946533203,0.01227558164996334,0.004215298578497562,8.801745656589844e-05,-0.0041272811219316636,0.0041272811219316636,BUY
2018-01-04,240.423095703125,0.0160483002449332,0.006663908839905197,-5.929196565529428e-05,-0.006723200805560491,0.006723200805560491,SELL
2018-01-05,242.02525329589844,0.020719331459430057,0.0018286570129799617,-0.0002416768671695789,-0.0020703338801495406,0.0020703338801495406,SELL
2018-01-08,242.46783447265625,0.02645591029360017,0.0022631943418314204,-0.0004656670992305189,-0.0027288614410619395,0.0027288614410619395,SELL
2018-01-09,243.0165863037109,0.021468276848894963,-0.0015299188419680698,-0.00027092015945869876,0.001258998682509371,0.001258998682509371,SELL
2018-01-10,242.6447906494141,0.013495022921590438,0.00729614049681504,4.0403200523698394e-05,-0.007255737296291342,0.007255737296291342,BUY
2018-01-11,244.4151611328125,0.01660433419681495,0.00651910676444345,-8.100284552220937e-05,-0.006600109609965659,0.006600109609965659,SELL
2018-01-12,246.00852966308597,0.016458102255625384,-0.0034180363177601647,-7.529307888452807e-05,0.0033427432388756367,0.0033427432388756367,SELL
2018-01-16,245.16766357421875,0.011134792816681616,0.009531466005381795,0.00013256065258671426,-0.00939890535279508,0.00939890535279508,BUY
2018-01-17,247.5044708251953,0.018467400064107853,-0.0016809025000720235,-0.00015374804227154054,0.001527154457800483,0.001527154457800483,SELL
2018-01-18,247.08843994140625,0.018313392511329685,0.004549814403439267,-0.00014773466940887854,-0.004697549072848146,0.004697549072848146,SELL
2018-01-19,248.212646484375,0.015537028611326553,0.008130823494927997,-3.9328873511316814e-05,-0.008170152368439314,0.008170152368439314,SELL
2018-01-22,250.23081970214844,0.01716318554013152,0.0021224910326018698,-0.00010282373314453644,-0.0022253147657464063,0.0022253147657464063,SELL
2018-01-23,250.76193237304688,0.022818134811382285,-0.0003882211039671901,-0.0003236266604947965,6.459444347239364e-05,6.459444347239364e-05,SELL
2018-01-24,250.66458129882807,0.012767892487342669,0.0004233131724908912,6.879470692740871e-05,-0.00035451846556348247,0.00035451846556348247,BUY
2018-01-25,250.77069091796875,0.01490256273193391,0.011578077055911962,-1.4555543680408066e-05,-0.011592632599592369,0.011592632599592369,SELL
2018-01-26,253.67413330078125,0.02200325766539879,-0.006629979281540188,-0.0002918089994277531,0.006338170282112435,0.006338170282112435,SELL
2018-01-29,251.9922790527344,0.007039338130621298,-0.010257066398233095,0.0002924716155567583,0.010549538013789854,0.010549538013789854,BUY
2018-01-30,249.40757751464844,-0.005400958772257436,0.0004968438698269573,0.0007782149602807767,0.00028137109045381944,0.00028137109045381944,BUY
2018-01-31,249.531494140625,-0.004520332120046322,-0.0011351228522984425,0.0007438300465735198,0.0018789528988719622,0.0018789528988719622,BUY
2018-02-01,249.2482452392578,-0.006071067049892798,-0.021769685491645263,0.0008043799817948958,0.02257406547344016,0.02257406547344016,BUY
2018-02-02,243.8221893310547,-0.03883700652303057,-0.041822549674322085,0.002083757568757768,0.04390630724307985,0.04390630724307985,BUY
2018-02-05,233.6249237060547,-0.07288856395015175,0.019701854430876242,0.003413333343905413,-0.01628852108697083,0.01628852108697083,BUY
2018-02-06,238.22776794433597,-0.04482546072464799,-0.005424821593217555,0.0023175825165326984,0.007742404109750254,0.007742404109750254,BUY
2018-02-07,236.9354248046875,-0.050478875940360934,-0.03750879068509383,0.0025383255452106233,0.04004711623030445,0.04004711623030445,BUY
2018-02-08,228.0482635498047,-0.08505569083988085,0.01502137350755639,0.00388841050301493,-0.01113296300454146,0.01113296300454146,BUY
2018-02-09,231.47386169433597,-0.050644806654379315,0.014684633771770317,0.0025448044693592168,-0.012139829302411101,0.012139829302411101,BUY
2018-02-12,234.8729705810547,0.00534209644759609,0.00248742336838359,0.0003587420477139612,-0.0021286813206696288,0.0021286813206696288,BUY
2018-02-13,235.4571990966797,-0.011629915654096434,0.013496276275891006,0.0010214305662705353,-0.01247484570962047,0.01247484570962047,BUY
2018-02-14,238.63499450683597,0.007173134635943379,0.012759937651474429,0.0002872474024600038,-0.012472690249014425,0.012472690249014425,BUY
2018-02-15,241.67996215820312,0.059775498380066905,0.00029314204199848426,-0.0017666624282247723,-0.0020598044702232563,0.0020598044702232563,SELL
2018-02-16,241.7508087158203,0.04439787259891648,-0.006261416044971768,-0.0011662282553778353,0.005095187789593933,0.005095187789593933,SELL
2018-02-20,240.2371063232422,0.022838454884430037,-0.004973901783001833,-0.00032442007726967803,0.004649481705732155,0.004649481705732155,SELL
2018-02-21,239.0421905517578,0.015225660837008936,0.001296002156024656,-2.71712196130956e-05,-0.0013231733756377516,0.0013231733756377516,SELL
2018-02-22,239.35198974609372,0.0030045687169206747,0.015939261663075133,0.00045001306376347977,-0.015489248599311653,0.015489248599311653,BUY
2018-02-23,243.1670837402344,0.006153268019207125,0.011612180019349605,0.00032706907435846154,-0.011285110944991144,0.011285110944991144,BUY
2018-02-26,245.99078369140625,0.017538617546343227,-0.012486251067845178,-0.00011748283652747286,0.012368768231317705,0.012368768231317705,SELL
2018-02-27,242.91928100585935,0.011164697759089126,-0.010130240293347414,0.000131392985378913,0.010261633278726328,0.010261633278726328,BUY
2018-02-28,240.4584503173828,0.005924727188769463,-0.014540743723223004,0.00033599267065599896,0.014876736393879004,0.014876736393879004,BUY
2018-03-01,236.9620056152344,-0.00998522775346311,0.005155077979762668,0.000957212147038444,-0.004197865832724224,0.004197865832724224,BUY
2018-03-02,238.18356323242188,-0.02049422327709549,0.011557824871595068,0.0013675459738908954,-0.010190278897704172,0.010190278897704172,BUY
2018-03-05,240.9364471435547,-0.020546853308911706,0.0025349570687440703,0.0013696009640480375,-0.0011653561046960329,0.0011653561046960329,BUY
2018-03-06,241.54721069335935,-0.005648256107208316,-0.0003663288742576931,0.0007878709223175494,0.0011541997965752425,0.0011541997965752425,BUY
2018-03-07,241.45872497558597,0.00415986486182085,0.004839411234878188,0.00040490341582246345,-0.004434507819055725,0.004434507819055725,BUY
2018-03-08,242.6272430419922,0.023907788136958485,0.017401996714760504,-0.00036617322148825256,-0.017768169936248756,0.017768169936248756,SELL
2018-03-09,246.8494415283203,0.0363831919310158,-0.0012551981839001858,-0.0008532873485076679,0.00040191083539251786,0.00040191083539251786,SELL
2018-03-12,246.5395965576172,0.02325571527467596,-0.006462745847537366,-0.0003407124100943072,0.006122033437443058,0.006122033437443058,SELL
2018-03-13,244.9462738037109,0.014072044552261964,-0.005131566152419831,1.7872836574294912e-05,0.005149438988994125,0.005149438988994125,BUY
2018-03-14,243.68931579589844,0.009237979785315265,-0.0010894514190388227,0.0002066235397802497,0.0012960749588190725,0.0012960749588190725,BUY
2018-03-15,243.423828125,0.00328316421940289,0.0010841831617629527,0.00043913503470538993,-0.0006450481270575628,0.0006450481270575628,BUY
2018-03-16,243.687744140625,-0.012808201501774863,-0.013529973100100956,0.0010674378692441366,0.014597410969345092,0.014597410969345092,BUY
2018-03-19,240.39065551757807,-0.02494098767863473,0.0017002404812622718,0.0015411741622264599,-0.0001590663190358119,0.0001590663190358119,BUY
2018-03-20,240.79937744140625,-0.016929820151613373,-0.0019191398684548222,0.001228370429317214,0.0031475102977720363,0.0031475102977720363,BUY
2018-03-21,240.33724975585935,-0.013755490383692504,-0.02499685411646002,0.00110442567375675,0.026101279790216772,0.026101279790216772,BUY
2018-03-22,234.3295745849609,-0.03735975072813791,-0.02131500356546956,0.0020260766969565453,0.023341080262426105,0.023341080262426105,BUY
2018-03-23,229.3348388671875,-0.05889875719459603,0.027359250571269422,0.002867087898275107,-0.024492162672994314,0.024492162672994314,BUY
2018-03-26,235.60926818847656,-0.019890071512167706,-0.017011779567873364,0.0013439562877838834,0.018355735855657248,0.018355735855657248,BUY
2018-03-27,231.60113525390625,-0.03819877893886259,-0.002954827617376754,0.0020588373595498075,0.0050136649769265615,0.0050136649769265615,BUY
2018-03-28,230.9167938232422,-0.03919682006092151,0.012777596096783084,0.002097806834039506,-0.010679789262743577,0.010679789262743577,BUY
2018-03-29,233.8673553466797,-0.0019725177203939737,-0.021584511400376205,0.000644348185498583,0.02222885958587479,0.02222885958587479,BUY
2018-04-02,228.81944274902344,-0.002247352040840811,0.012816893885273073,0.0006550793555905048,-0.012161814529682569,0.012161814529682569,BUY
2018-04-03,231.752197265625,-0.0163706247742601,0.010699091499983604,0.0012065361085553893,-0.009492555391428214,0.009492555391428214,BUY
2018-04-04,234.2317352294922,0.011358320729740745,0.007892128854024127,0.0001238327904644368,-0.0077682960635596906,0.0077682960635596906,BUY
2018-04-05,236.080322265625,0.02236099140686698,-0.022286087684917577,-0.00030577705705997775,0.0219803106278576,0.0219803106278576,SELL
2018-04-06,230.8190155029297,-0.013034482043170148,0.004928685250931153,0.001076273210384417,-0.003852412040546736,0.003852412040546736,BUY
2018-04-09,231.95664978027344,0.013710404122830644,0.01590026149374224,3.199343459143306e-05,-0.015868268059150807,0.015868268059150807,BUY
2018-04-10,235.6448211669922,0.016796491887866027,-0.00524230084414401,-8.850582718689895e-05,0.005153795016957111,0.005153795016957111,SELL
2018-04-11,234.4095001220703,0.000758927445949853,0.008227239466898961,0.0005376962847129127,-0.0076895431821860484,0.0076895431821860484,BUY
2018-04-12,236.33804321289065,0.0010916663650419878,-0.0029331801028495974,0.0005247041739344097,0.003457884276784007,0.003457884276784007,BUY
2018-04-13,235.6448211669922,0.020907314128983723,0.008221731492637607,-0.00024901683110870466,-0.008470748323746311,0.008470748323746311,SELL
2018-04-16,237.5822296142578,0.024252720667044203,0.010698264484779285,-0.000379641443523145,-0.01107790592830243,0.01107790592830243,SELL
2018-04-17,240.1239471435547,0.019007954235447988,0.000740558906555222,-0.00017485449923483989,-0.0009154134057900619,0.0009154134057900619,SELL
2018-04-18,240.30177307128903,0.025136664453233593,-0.00554766869584411,-0.00041415587791355634,0.005133512817930554,0.005133512817930554,SELL
2018-04-19,238.9686584472656,0.011130731212855682,-0.008479252668243675,0.0001327192418103281,0.008611971910054004,0.008611971910054004,BUY
2018-04-20,236.9423828125,0.0055064297152038755,-0.00014998464734228278,0.0003523254973952335,0.0005023101447375163,0.0005023101447375163,BUY
2018-04-23,236.90684509277344,-0.002842740059224691,-0.01346747282787042,0.0006783268527938447,0.014145799680664263,0.014145799680664263,BUY
2018-04-24,233.71630859375,-0.026684712732853666,0.0024715946482927187,0.0016092595822713284,-0.0008623350660213903,0.0008623350660213903,BUY
2018-04-25,234.29396057128903,-0.025001115985181288,0.010165754578292052,0.0015435219297244974,-0.008622232648567554,0.008622232648567554,BUY
2018-04-26,236.6757354736328,-0.009595078235494992,0.0009388953399573907,0.0009419783842689682,3.0830443115774896e-06,3.0830443115774896e-06,BUY
2018-04-27,236.89794921875,-0.00018752910822694702,-0.007690650848058533,0.0005746515901892172,0.008265302438247751,0.008265302438247751,BUY
2018-04-30,235.0760498046875,-0.007727912156227479,0.00177691156088855,0.000869073090803765,-0.0009078384700847849,0.0009078384700847849,BUY
2018-05-01,235.49375915527344,0.007605162738613336,-0.006717608830608679,0.00027037845011553723,0.006987987280724216,0.006987987280724216,BUY
2018-05-02,233.91180419921875,-0.0016310978359769246,-0.002203508444162172,0.0006310171180886365,0.0028345255622508085,0.0028345255622508085,BUY
2018-05-03,233.39637756347656,-0.013855910930597237,0.01294637472284177,0.0011083466904907827,-0.011838028032350987,0.011838028032350987,BUY
2018-05-04,236.4180145263672,-0.002025913242244437,0.003383333469946237,0.0006464330649495651,-0.002736900404996672,0.002736900404996672,BUY
2018-05-07,237.2178955078125,0.009111288474111134,0.0,0.0002115703237462759,0.0002115703237462759,0.0002115703237462759,BUY
2018-05-08,237.2178955078125,0.007321367490686903,0.009665636454484927,0.0002814595082302088,-0.009384176946254718,0.009384176946254718,BUY
2018-05-09,239.51075744628903,0.02393617229467293,0.00935089223593133,-0.00036728150819660265,-0.009718173744127933,0.009718173744127933,SELL
2018-05-10,241.7503967285156,0.03579326831140306,0.0030511216248783057,-0.0008302532140043279,-0.0038813748388826334,0.0038813748388826334,SELL
2018-05-11,242.48800659179688,0.02567482887287631,0.0004763494691000236,-0.00043516902472585006,-0.0009115184938258737,0.0009115184938258737,SELL
2018-05-14,242.603515625,0.02270326235572795,-0.006887048356452263,-0.0003191413550988065,0.006567907001353457,0.006567907001353457,SELL
2018-05-15,240.9326934814453,0.015659855533582512,0.004205129082035075,-4.412476869810776e-05,-0.004249253850733183,0.004249253850733183,SELL
2018-05-16,241.9458465576172,0.010166930025572007,-0.000844781931164551,0.0001703517851503362,0.0010151337163148873,0.0010151337163148873,BUY
2018-05-17,241.741455078125,-3.698711775290686e-05,-0.002499878809056555,0.0005687735335362968,0.0030686523425928515,0.0030686523425928515,BUY
2018-05-18,241.1371307373047,-0.005570897602231728,0.00751830503804829,0.0007848503851677099,-0.006733454652880579,0.006733454652880579,BUY
2018-05-21,242.9500732421875,0.0014284937969455402,-0.0027798685288811242,0.0005115524232451016,0.0032914209521262257,0.0032914209521262257,BUY
2018-05-22,242.2747039794922,0.005570063898987732,0.00275083662857023,0.00034984083955215585,-0.0024009957890180744,0.0024009957890180744,BUY
2018-05-23,242.941162109375,0.0041137947434066735,-0.0020481249378193622,0.0004067022678583144,0.002454827205677677,0.002454827205677677,BUY
2018-05-24,242.44358825683597,0.0029044798232229496,-0.0023828130826635263,0.0004539211307794052,0.0028367342134429313,0.0028367342134429313,BUY
2018-05-25,241.8658905029297,0.003022179800334923,-0.011500844461865056,0.0004493254220915297,0.011950169883956585,0.011950169883956585,BUY
2018-05-29,239.084228515625,-0.01591209533289084,0.013344566823481063,0.0011886323859799579,-0.012155934437501105,0.012155934437501105,BUY
2018-05-30,242.2747039794922,0.0,-0.0061260704074863614,0.0005673293359878572,0.006693399743474219,0.006693399743474219,BUY
2018-05-31,240.7905120849609,-0.008852555103222248,0.009817592619524751,0.0009129858551821701,-0.008904606764342581,0.008904606764342581,BUY
2018-06-01,243.1544952392578,0.0029322573037846578,0.004751755732357088,0.00045283653236335547,-0.0042989191999937325,0.0042989191999937325,BUY
2018-06-04,244.30990600585935,0.010104837428078994,0.0007276829428395359,0.00017277625027559205,-0.0005549066925639439,0.0005549066925639439,BUY
2018-06-05,244.48768615722656,0.022600644447144713,0.008360365218319288,-0.00031513454026689763,-0.008675499758586185,0.008675499758586185,SELL
2018-06-06,246.5316925048828,0.017570916218108135,-0.00010825229729760633,-0.00011874396919783531,-1.0491671900228982e-05,1.0491671900228982e-05,SELL
2018-06-07,246.5050048828125,0.023732217471406303,0.0029563071434690613,-0.0003593178961703332,-0.0033156250396393946,0.0033156250396393946,SELL
2018-06-08,247.23374938964844,0.016776387976610296,0.0013301477758875802,-8.772085065686668e-05,-0.0014178686265444468,0.0014178686265444468,SELL
2018-06-11,247.56260681152344,0.013313831022415012,0.0012923853613566738,4.747801230909894e-05,-0.0012449073490475749,0.0012449073490475749,BUY
2018-06-12,247.88255310058597,0.013885635700998877,-0.0031906594618447137,2.5151349266201847e-05,0.0032158108111109158,0.0032158108111109158,BUY
2018-06-13,247.09164428710935,0.0022713176408970526,0.0025173839363425987,0.0004786435565058017,-0.0020387403798367973,0.0020387403798367973,BUY
2018-06-14,247.7136688232422,0.0049032024360085025,-0.0012758280177426196,0.00037587908606861363,0.0016517071038112331,0.0016517071038112331,BUY
2018-06-15,247.3976287841797,0.0006628520375386859,-0.002056810730793779,0.0005414476413398247,0.0025982583721336034,0.0025982583721336034,BUY
2018-06-18,246.88877868652344,-0.0027218493684427747,-0.003833041112284663,0.0006736065596252132,0.004506647671909877,0.004506647671909877,BUY
2018-06-19,245.94244384765625,-0.007826727733203809,0.0017064062949416758,0.0008729314399449507,-0.0008334748549967252,0.0008334748549967252,BUY
2018-06-20,246.36212158203125,-0.002952437777420047,-0.006268957191277291,0.0006826101055940632,0.006951567296871354,0.006951567296871354,BUY
2018-06-21,244.81768798828125,-0.011690839866520975,0.0018232561548685577,0.001023809410678254,-0.0007994467441903037,0.0007994467441903037,BUY
2018-06-22,245.26405334472656,-0.008624073924792475,-0.013612797362138496,0.000904064588054592,0.014516861950193088,0.014516861950193088,BUY
2018-06-25,241.92532348632807,-0.020104012934899385,0.0022139642347205335,0.0013523098361810004,-0.0008616543985395331,0.0008616543985395331,BUY
2018-06-26,242.4609375,-0.014155776828064681,-0.00828418267681652,0.001120055242556835,0.009404237919373356,0.009404237919373356,BUY
2018-06-27,240.4523468017578,-0.02398816320594832,0.005717500349815774,0.0015039702152539005,-0.004213530134561874,0.004213530134561874,BUY
2018-06-28,241.8271331787109,-0.012215436041996597,0.0014398314326451445,0.0010442927723612048,-0.0003955386602839397,0.0003955386602839397,BUY
2018-06-29,242.17532348632807,-0.012593487778892687,0.0021379603132771763,0.0010590541656456476,-0.0010789061476315287,0.0010789061476315287,BUY
2018-07-02,242.69308471679688,0.003173546363004931,-0.0035315012121243106,0.00044341516922500094,0.003974916381349312,0.003974916381349312,BUY
2018-07-03,241.8360137939453,-0.0025774201506363337,0.00815807215171449,0.0006679671820540124,-0.007490104969660478,0.007490104969660478,BUY
2018-07-05,243.80892944335935,0.013959450536654039,0.008458304163494246,2.226917808963657e-05,-0.008436034985404609,0.008436034985404609,BUY
2018-07-06,245.8711395263672,0.016722715497221596,0.00900423876732237,-8.562515713271405e-05,-0.009089863924455084,0.009089863924455084,SELL
2018-07-09,248.08502197265625,0.024402562578436315,0.0035983639327121786,-0.0003854921649157029,-0.0039838560976278815,0.0039838560976278815,SELL
2018-07-10,248.97772216796875,0.025895412135477747,-0.0073143942356084235,-0.0004437819101419018,0.006870612325466522,0.006870612325466522,SELL
2018-07-11,247.15660095214844,0.022000805730847395,0.009066065427371983,-0.0002917132612874709,-0.009357778688659455,0.009357778688659455,SELL
2018-07-12,249.3973388671875,0.022921266405570462,0.0007876042001639938,-0.00032765353267467934,-0.0011152577328386731,0.0011152577328386731,SELL
2018-07-13,249.59376525878903,0.015140555900919894,-0.0008946422155580169,-2.384821561800211e-05,0.0008707939999400148,0.0008707939999400148,SELL
2018-07-16,249.37046813964844,0.005181474305747669,0.004045710074496167,0.00036501369356190986,-0.0036806963809342575,0.0036806963809342575,BUY
2018-07-17,250.3793487548828,0.005629526106630811,0.0021035585590005734,0.0003475190805257664,-0.0017560394784748071,0.0017560394784748071,BUY
2018-07-18,250.90603637695312,0.01517028236494733,-0.003771548644080247,-2.5008913965978287e-05,0.0037465397301142686,0.0037465397301142686,SELL
2018-07-19,249.9597320556641,0.002255008778486056,-0.0011428842817150509,0.00047928035170755675,0.0016221646334226075,0.0016221646334226075,BUY
2018-07-20,249.67405700683597,0.0003216897183455636,0.0018596022316448302,0.0005547686518681444,-0.001304833579776686,0.001304833579776686,BUY
2018-07-23,250.1383514404297,0.0030792872408260674,0.00503188329554205,0.0004470956072109558,-0.004584787688331094,0.004584787688331094,BUY
2018-07-24,251.3970184326172,0.004064511241822277,0.00852244431219451,0.00040862658952733953,-0.008113817722667171,0.008113817722667171,BUY
2018-07-25,253.5395355224609,0.010495957704067749,-0.0023589960187091474,0.0001575045833265343,0.002516500602035682,0.002516500602035682,BUY
2018-07-26,252.94143676757807,0.011928740231046397,-0.006776470928896217,0.0001015602129991918,0.006878031141895408,0.006878031141895408,BUY
2018-07-27,251.22738647460935,0.0062214291961093515,-0.00522343975542916,0.00032440765571971895,0.005547847411148879,0.005547847411148879,BUY
2018-07-30,249.9151153564453,-0.0008924504487171081,0.004929102819762443,0.0006021759211895324,-0.0043269268985729106,0.0043269268985729106,BUY
2018-07-31,251.14697265625,-0.0009946250672587809,-0.0016704368045822315,0.0006061654273358726,0.002276602231918104,0.002276602231918104,BUY
2018-08-01,250.7274475097656,-0.011091319572312575,0.005447771176570582,0.0010004005647952165,-0.004447370611775366,0.004447370611775366,BUY
2018-08-02,252.0933532714844,-0.0033528847899798597,0.004285042421278362,0.0006982459439333019,-0.0035867964773450603,0.0035867964773450603,BUY
2018-08-03,253.173583984375,0.007746756980104852,0.003666770652623663,0.00026484976691828707,-0.0034019208857053763,0.0034019208857053763,BUY
2018-08-06,254.10191345214844,0.016752880632016298,0.003302503125145906,-8.680298380225589e-05,-0.0033893061089481616,0.0033893061089481616,SELL
2018-08-07,254.9410858154297,0.01510714271827096,-0.00042022241203354405,-2.25435657993944e-05,0.00039767884623414964,0.00039767884623414964,SELL
2018-08-08,254.83395385742188,0.016378367779205094,-0.0013664017731369604,-7.217976964692878e-05,0.0012942220034900317,0.0012942220034900317,SELL
2018-08-09,254.4857482910156,0.009490115421467493,-0.006699792984497299,0.00019677866162461977,0.006896571646121919,0.006896571646121919,BUY
2018-08-10,252.7807464599609,-0.0015516528945545005,-0.0037435171616201357,0.0006279151140232028,0.004371432275643339,0.004371432275643339,BUY
2018-08-13,251.8344573974609,-0.008923411964446015,0.00638073055605215,0.0009157525294051553,-0.005464978026646994,0.005464978026646994,BUY
2018-08-14,253.44134521484372,-0.005882694802954336,-0.007467519253402166,0.0007970248064324901,0.008264544059834657,0.008264544059834657,BUY
2018-08-15,251.54876708984372,-0.012891479796354743,0.008091292347821133,0.001070689550266539,-0.007020602797554594,0.007020602797554594,BUY
2018-08-16,253.5841217041016,-0.0035429354805478486,0.0035204519387546096,0.0007056666557398057,-0.0028147852830148036,0.0028147852830148036,BUY
2018-08-17,254.4768524169922,0.006709790918747682,0.0021403822359546965,0.0003053391030604466,-0.0018350431328942498,0.0018350431328942498,BUY
2018-08-20,255.0215301513672,0.01265542764418548,0.0023449282960283924,7.318600478030748e-05,-0.002271742291248085,0.002271742291248085,BUY
2018-08-21,255.6195373535156,0.00859446250502427,-0.0005934116916129772,0.00023175029025546693,0.0008251619818684442,0.0008251619818684442,BUY
2018-08-22,255.4678497314453,0.015579812562555029,-0.0013280102227042345,-4.0999413992181036e-05,0.0012870108087120534,0.0012870108087120534,SELL
2018-08-23,255.1285858154297,0.006090539505980042,0.006018203113173692,0.00032951836942451723,-0.005688684743749175,0.005688684743749175,BUY
2018-08-24,256.6640014648437,0.008594687599591921,0.007895494678828774,0.0002317415012218109,-0.007663753177606963,0.007663753177606963,BUY
2018-08-27,258.69049072265625,0.01438686596034211,0.00048320291809256233,5.580332227699382e-06,-0.00047762258586486295,0.00047762258586486295,BUY
2018-08-28,258.81549072265625,0.012502774248905446,0.00538081842113769,7.914650326243318e-05,-0.005301671917875257,0.005301671917875257,BUY
2018-08-29,260.2081298828125,0.01855529044594184,-0.004048437225121715,-0.00015717980667189282,0.003891257418449822,0.003891257418449822,SELL
2018-08-30,259.1546936035156,0.015780700446474505,3.4503138902408637e-05,-4.884327442504553e-05,-8.334641332745417e-05,8.334641332745417e-05,SELL
2018-08-31,259.16363525390625,0.009738934072548222,-0.0017222713256779265,0.00018706329833793618,0.0019093346240158628,0.0019093346240158628,BUY
2018-09-04,258.71728515625,0.00010357718800912963,-0.0026917843250864326,0.0005632850651691261,0.003255069390255559,0.003255069390255559,BUY
2018-09-05,258.0208740234375,-0.0030702053304462185,-0.0030097596308287233,0.0006872084528484328,0.003696968083677156,0.003696968083677156,BUY
2018-09-06,257.2442932128906,-0.01139025391426729,-0.0019434404495418667,0.0010120727433812725,0.002955513192923139,0.002955513192923139,BUY
2018-09-07,256.7443542480469,-0.009300774460046513,0.0017387378745676862,0.0009304870106010159,-0.0008082508639666704,0.0008082508639666704,BUY
2018-09-10,257.1907653808594,-0.00761244867982358,0.003297488130407311,0.0008645647084347787,-0.0024329234219725325,0.0024329234219725325,BUY
2018-09-11,258.0388488769531,-0.002622307507931465,0.00024185678837596036,0.0006697198520456195,0.0004278630636696592,0.0004278630636696592,BUY
2018-09-12,258.10125732421875,0.00031153797569860586,0.005914540319542638,0.0005551650364131925,-0.005359375283129446,0.005359375283129446,BUY
2018-09-13,259.6278076171875,0.009265567661492558,0.00017196623584592174,0.00020554634464955399,3.358010880363224e-05,3.358010880363224e-05,BUY
2018-09-14,259.6724548339844,0.011404732129410622,-0.005294427148271108,0.00012202061277406736,0.005416447761045175,0.005416447761045175,BUY
2018-09-17,258.2976379394531,0.004303702572503454,0.005426223877724512,0.0003992871342152097,-0.005026936743509302,0.005026936743509302,BUY
2018-09-18,259.69921875,0.006434573244583852,0.0010657094670818434,0.00031608524156655964,-0.0007496242255152838,0.0007496242255152838,BUY
2018-09-19,259.9759826660156,0.007263526575703283,0.0081036350615038,0.000283717962327035,-0.007819917099176765,0.007819917099176765,BUY
2018-09-20,262.0827331542969,0.009455557013095861,-0.0009136081384948369,0.00019812802788185844,0.0011117361663766953,0.0011117361663766953,BUY
2018-09-21,261.8432922363281,0.00835990634328776,-0.003321646963472702,0.0002409087609428631,0.003562555724415565,0.003562555724415565,BUY
2018-09-24,260.9735412597656,0.010359766901700151,-0.0009282494079164705,0.00016282228405177794,0.0010910716919682484,0.0010910716919682484,BUY
2018-09-25,260.7312927246094,0.0039741127431072165,-0.0029922832683905165,0.00041215628576101403,0.0034044395541515306,0.0034044395541515306,BUY
2018-09-26,259.9511108398437,-9.566970732022284e-05,0.0027941749300723906,0.0005710648516258915,-0.0022231100784464992,0.0022231100784464992,BUY
2018-09-27,260.6774597167969,-0.005361945903825216,0.0001033730400537003,0.0007766916653508013,0.000673318625297101,0.000673318625297101,BUY
2018-09-28,260.70440673828125,-0.0043494927378890935,0.0034744032433537964,0.0007371594587613885,-0.002737243784592408,0.002737243784592408,BUY
2018-10-01,261.6101989746094,0.0024395488974495727,-0.0005826810396989401,0.00047207480546369147,0.0010547558451626316,0.0010547558451626316,BUY
2018-10-02,261.457763671875,0.0027862821515365344,0.0005487048185177645,0.0004585362724301053,-9.016854608765926e-05,9.016854608765926e-05,BUY
2018-10-03,261.6012268066406,0.0063477934811118075,-0.007815426446740492,0.0003194736408059311,0.008134900087546424,0.008134900087546424,BUY
2018-10-04,259.55670166015625,-0.004299405318197502,-0.005597194360031588,0.0007352037473374949,0.006332398107369083,0.006332398107369083,BUY
2018-10-05,258.1039123535156,-0.00997487697772692,0.0,0.0009568079910552036,0.0009568079910552036,0.0009568079910552036,BUY
2018-10-08,258.1039123535156,-0.013402713788823073,-0.0014594062653375817,0.0010906511726761067,0.0025500574380136884,0.0025500574380136884,BUY
2018-10-09,257.72723388671875,-0.014268192815410141,-0.031662993182167476,0.0011244446327876262,0.0327874378149551,0.0327874378149551,BUY
2018-10-10,249.5668182373047,-0.04600287512501244,-0.022026569352866066,0.0023635557930086733,0.024390125145874738,0.024390125145874738,BUY
2018-10-11,244.06971740722656,-0.059667055999221175,0.013888158642075599,0.0028970868632531635,-0.010991071778822435,0.010991071778822435,BUY
2018-10-12,247.4593963623047,-0.04124120356855154,-0.005616834013678629,0.002177631752258704,0.007794465765937333,0.007794465765937333,BUY
2018-10-15,246.0694580078125,-0.04662639258726142,0.021865749644930155,0.002387901631373396,-0.01947784801355676,0.01947784801355676,BUY
2018-10-16,251.449951171875,-0.02435630344600237,0.00017852999061118702,0.0015183446046215673,0.0013398146140103802,0.0013398146140103802,BUY
2018-10-17,251.49484252929688,0.007725483321900928,-0.01444142039851315,0.0002656804173417587,0.014707100815854909,0.014707100815854909,BUY
2018-10-18,247.86289978027344,0.015541388802110312,-0.0005425406873197369,-3.949912134956963e-05,0.0005030415659701673,0.0005030415659701673,SELL
2018-10-19,247.7284240722656,0.001087159000287219,-0.004488476532063412,0.0005248801683217597,0.005013356700385172,0.005013356700385172,BUY
2018-10-22,246.6165008544922,0.002223123711120323,-0.005091058124981118,0.0004805253347967785,0.005571583459777897,0.005571583459777897,BUY
2018-10-23,245.3609619140625,-0.024215511792445965,-0.030298614873554564,0.0015128472592413384,0.031811462132795905,0.031811462132795905,BUY
2018-10-24,237.92686462402344,-0.05394932861771462,0.01794100152153799,0.002673832704273211,-0.015267168817264781,0.015267168817264781,BUY
2018-10-25,242.1955108642578,-0.022865014978198372,-0.017587686899217303,0.0014601158136244774,0.01904780271284178,0.01904780271284178,BUY
2018-10-26,237.93585205078125,-0.039529464808720216,-0.005540113089132159,0.002110795267809381,0.00765090835694154,0.00765090835694154,BUY
2018-10-29,236.6176605224609,-0.04054408483368577,0.014818299507157295,0.0021504120814914316,-0.012667887425665863,0.012667887425665863,BUY
2018-10-30,240.1239318847656,-0.02134418608584998,0.010680977446313467,0.001400733588369766,-0.009280243857943701,0.009280243857943701,BUY
2018-10-31,242.68869018554688,0.020013820503406166,0.010641788043719291,-0.00021412951406426964,-0.01085591755778356,0.01085591755778356,SELL
2018-11-01,245.27133178710935,0.012699743739575053,-0.005923068050706526,7.145564025864894e-05,0.005994523690965175,0.005994523690965175,BUY
2018-11-02,243.81857299804688,0.024723978738647956,0.005516902483989172,-0.0003980421676952527,-0.005914944651684425,0.005914944651684425,SELL
2018-11-05,245.1636962890625,0.03611748906540457,0.006328107067334443,-0.0008429127248429475,-0.00717101979217739,0.00717101979217739,SELL
2018-11-06,246.71511840820312,0.02744910293489866,0.021409051377097033,-0.0005044472601306959,-0.02191349863722773,0.02191349863722773,SELL
2018-11-07,251.9970550537109,0.03835516546340645,-0.0018150299496592082,-0.0009302849496749693,0.0008847449999842389,0.0008847449999842389,SELL
2018-11-08,251.5396728515625,0.025556762051155424,-0.009767967104934328,-0.00043055899223776975,0.009337408112696557,0.009337408112696557,SELL
2018-11-09,249.0826416015625,0.021590105047320618,-0.018685447332374427,-0.0002756770585140007,0.018409770273860426,0.018409770273860426,SELL
2018-11-12,244.4284210205078,-0.002999119688943508,-0.0018711692423075688,0.000684432845679653,0.002555602087987222,0.002555602087987222,BUY
2018-11-13,243.97105407714844,-0.011122400397508225,-0.006836748549164162,0.0010016141454762231,0.007838362694640385,0.007838362694640385,BUY
2018-11-14,242.30308532714844,-0.038468583390771305,0.010436425408110628,0.002069372133592157,-0.00836705327451847,0.00836705327451847,BUY
2018-11-15,244.8318634033203,-0.02666700394494259,0.0026007614316490013,0.0016085681256334291,-0.0009921933060155722,0.0009921933060155722,BUY
2018-11-16,245.46861267089844,-0.01450935684408361,-0.016914556825308513,0.0011338611139881563,0.01804841793929667,0.01804841793929667,BUY
2018-11-19,241.31661987304688,-0.012730930120437356,-0.018506061931620854,0.00106442073392049,0.019570482665541344,0.019570482665541344,BUY
2018-11-20,236.85079956054688,-0.029184833190702975,0.0034074303899422898,0.0017068791875660902,-0.0017005512023761996,0.0017005512023761996,BUY
2018-11-21,237.6578521728516,-0.019171167994105565,-0.006678717918838117,0.0013158860092267405,0.007994603928064857,0.007994603928064857,BUY
2018-11-23,236.0706024169922,-0.035784807028550025,0.01614440011885354,0.0019645815070617758,-0.014179818611791765,0.014179818611791765,BUY
2018-11-26,239.8818206787109,-0.022759700034145625,0.003364503102399663,0.0014560036904514551,-0.0019084994119482079,0.0019084994119482079,BUY
2018-11-27,240.68890380859372,-0.0026012135624283728,0.02302535066402589,0.0006688962186772127,-0.022356454445348676,0.022356454445348676,BUY
2018-11-28,246.23085021972656,0.03960320453459909,-0.0021851665599242898,-0.0009790158342768544,0.0012061507256474354,0.0012061507256474354,SELL
2018-11-29,245.6927947998047,0.03380886662692384,0.006095186210817172,-0.0007527703436982455,-0.006847956554515417,0.006847956554515417,SELL
2018-11-30,247.1903381347656,0.04710343263381711,0.013241776197408184,-0.0012718694463368834,-0.014513645643745066,0.014513645643745066,SELL
2018-12-03,250.4635772705078,0.04411237400924062,-0.032402623041344,-0.0011550806886480532,0.03124754235269595,0.03124754235269595,SELL
2018-12-04,242.347900390625,0.00689270072603998,-0.001516888512346104,0.0002981972139021238,0.001815085726248228,0.001815085726248228,BUY
2018-12-06,241.98028564453125,-0.017262518370067315,-0.023236110533079612,0.0012413609509001953,0.024477471483979808,0.024477471483979808,BUY
2018-12-07,236.35760498046875,-0.03799537478069892,0.001897232344209021,0.0020508952487715403,0.00015366290456251923,0.00015366290456251923,BUY
2018-12-10,236.8060302734375,-0.04200935983050713,0.0002270718046923914,0.0022076251515212777,0.0019805533468288863,0.0019805533468288863,BUY
2018-12-11,236.85980224609372,-0.05431438444130188,0.005035288636541235,0.002688086659636545,-0.00234720197690469,0.00234720197690469,BUY
2018-12-12,238.05245971679688,-0.01772427434652657,-0.0003391447961753613,0.0012593906566381445,0.0015985354528135058,0.0015985354528135058,BUY
2018-12-13,237.9717254638672,-0.016565647775755754,-0.018464751375618205,0.0012141509690192659,0.01967890234463747,0.01967890234463747,BUY
2018-12-14,233.57763671875,-0.011761704312194476,-0.019618436263370898,0.001026576381043366,0.020645012644414262,0.020645012644414262,BUY
2018-12-17,228.9952087402344,-0.032984048270156,-0.0010965235220155023,0.0018552231904807148,0.0029517467124962173,0.0029517467124962173,BUY
2018-12-18,228.74411010742188,-0.034263695492913415,-0.014975678031327266,0.0019051882457283233,0.016880866277055588,0.016880866277055588,BUY
2018-12-19,225.31851196289065,-0.05349219146508877,-0.01627768416481834,0.002655983344949423,0.018933667509767764,0.018933667509767764,BUY
2018-12-20,221.65084838867188,-0.06858326149201877,-0.020489725053713714,0.0032452286730612527,0.023734953726774966,0.023734953726774966,BUY
2018-12-21,217.1092834472656,-0.07050483729019785,-0.026422791368912568,0.0033202584462760903,0.02974304981518866,0.02974304981518866,BUY
2018-12-24,211.3726501464844,-0.07695601445417366,0.050524821552298205,0.0035721508566824434,-0.04695267069561576,0.04695267069561576,BUY
2018-12-26,222.05221557617188,-0.029254937004093318,0.007677420392245615,0.0017096164583129206,-0.005967803933932695,0.005967803933932695,BUY
2018-12-27,223.7570037841797,-0.006930225861637829,-0.001290222358094173,0.0008379266630456925,0.0021281490211398652,0.0021281490211398652,BUY
2018-12-28,223.4683074951172,0.008199648770386592,0.008758831124341615,0.00024716617184600265,-0.008511664952495612,0.008511664952495612,BUY
2018-12-31,225.42562866210935,0.03830488076233607,0.0010403767720759127,-0.0009283215352101006,-0.001968698307286013,0.001968698307286013,SELL
2019-01-02,225.66015625,0.06759392046991008,-0.023862549550797252,-0.0020719402303571123,0.02179060932044014,0.02179060932044014,SELL
2019-01-03,220.27532958984372,-0.0080021087910227,0.03349558089781901,0.0008797793618467559,-0.03261580153597225,0.03261580153597225,BUY
2019-01-04,227.6535797119141,0.01741431938145177,0.007884510913733322,-0.00011262949525846645,-0.007997140408991788,0.007997140408991788,SELL
2019-01-07,229.44851684570312,0.026760883534756363,0.009395404896862747,-0.00047757507243783486,-0.009872979969300581,0.009872979969300581,SELL
2019-01-08,231.60427856445312,0.027408817440207622,0.004673543711867678,-0.0005028742742857553,-0.005176417986153433,0.005176417986153433,SELL
2019-01-09,232.6866912841797,0.03113768576139453,0.0035275590344641117,-0.0006484715204374632,-0.004176030554901575,0.004176030554901575,SELL
2019-01-10,233.50750732421875,0.060071083579870566,0.0003862603955735455,-0.0017782038363378155,-0.0021644642319113613,0.0021644642319113613,SELL
2019-01-11,233.5977020263672,0.02611038368900287,-0.006100962835142276,-0.0004521756809855583,0.0056487871541567175,0.0056487871541567175,SELL
2019-01-14,232.1725311279297,0.011872006494852982,0.011460956111069454,0.00010377543623642037,-0.011357180674833033,0.011357180674833033,BUY
2019-01-15,234.8334503173828,0.01394262564122295,0.002419681034071086,2.2926122296445476e-05,-0.0023967549117746407,0.0023967549117746407,BUY
2019-01-16,235.40167236328125,0.011667968907537407,0.007586753442796468,0.00011174227986449742,-0.00747501116293197,0.00747501116293197,BUY
2019-01-17,237.18760681152344,0.015760090668926363,0.013310064823005785,-4.803854585960939e-05,-0.013358103368865394,0.013358103368865394,SELL
2019-01-18,240.34458923339844,0.02888250675629367,-0.013510569941140305,-0.0005604158894954407,0.012950154051644864,0.012950154051644864,SELL
2019-01-22,237.09739685058597,0.021212094724257557,0.0020924270590017002,-0.0002609172822724571,-0.002353344341274157,0.002353344341274157,SELL
2019-01-23,237.593505859375,0.011753246985307664,0.0005315033246573453,0.00010841251538611319,-0.0004230908092712321,0.0004230908092712321,BUY
2019-01-24,237.71978759765625,0.009847488384864045,0.008461279536489785,0.00018282469091882372,-0.008278454845570962,0.008278454845570962,BUY
2019-01-25,239.731201171875,0.010723976663640666,-0.0075999502005725805,0.00014860136397830398,0.0077485515645508846,0.0077485515645508846,BUY
2019-01-28,237.9092559814453,-0.010132673507320722,-0.001327187211644043,0.0009629693081579327,0.0022901565198019756,0.0022901565198019756,BUY
2019-01-29,237.593505859375,0.0020924270590017002,0.01583091258273095,0.00048562851114698606,-0.015345284071583963,0.015345284071583963,BUY
2019-01-30,241.35482788085935,0.01583091258273095,0.008782273732205637,-5.080385552703667e-05,-0.008833077587732673,0.008833077587732673,SELL
2019-01-31,243.47447204589844,0.02420784784639829,0.0004819400034203891,-0.0003778893411289727,-0.0008598293445493618,0.0008598293445493618,SELL
2019-02-01,243.59181213378903,0.016103915314495065,0.007035377589109215,-6.146350947912283e-05,-0.0070968410985883384,0.0070968410985883384,SELL
2019-02-04,245.3055725097656,0.031088813664724047,0.0041916241414561295,-0.0006465632624685635,-0.004838187403924693,0.004838187403924693,SELL
2019-02-05,246.33380126953125,0.03678676055788066,-0.0013179728206588193,-0.0008690450732765722,0.000448927747382247,0.000448927747382247,SELL
2019-02-06,246.00914001464844,0.019284106204358276,-0.009532915427582167,-0.00018563711817696225,0.009347278309405205,0.009347278309405205,SELL
2019-02-07,243.66395568847656,0.0007782484996718964,0.0012213220549797121,0.0005369418756074222,-0.00068438017937229,0.00068438017937229,BUY
2019-02-08,243.9615478515625,0.0015178495308798556,0.0005547819325475434,0.0005080634427641389,-4.6718489783404435e-05,4.6718489783404435e-05,BUY
2019-02-11,244.09689331054688,-0.0049272390629063745,0.012859490956317332,0.00075971811909778,-0.012099772837219552,0.012099772837219552,BUY
2019-02-12,247.23585510253903,0.0036619165878124527,0.0032468364051285725,0.000424346284590364,-0.0028224901205382083,0.0028224901205382083,BUY
2019-02-13,248.03858947753903,0.008249488058735377,-0.002218331973072085,0.00024522014894878374,0.002463552122020869,0.002463552122020869,BUY
2019-02-14,247.4883575439453,0.015695394276362462,0.010897137544632507,-4.551241305418617e-05,-0.010942649957686693,0.010942649957686693,SELL
2019-02-15,250.18527221679688,0.02551108738259522,0.0017306510275405529,-0.0004287755809213999,-0.0021594266084619526,0.0021594266084619526,SELL
2019-02-19,250.6182556152344,0.02671628555465011,0.0020155233779155513,-0.0004758337014565896,-0.002491357079372141,0.002491357079372141,SELL
2019-02-20,251.12338256835935,0.015723963112906914,-0.003555920776403765,-4.662791072488606e-05,0.0035092928656788786,0.0035092928656788786,SELL
2019-02-21,250.23040771484372,0.008836601763949181,0.006199913409882463,0.0002222957302528062,-0.0059776176796296565,0.0059776176796296565,BUY
2019-02-22,251.7818145751953,0.017348117195725488,0.0013614513695814345,-0.00011004456731231074,-0.0014714959368937453,0.0014714959368937453,SELL
2019-02-25,252.1246032714844,0.00775157960939854,-0.000715598238069548,0.00026466146272412125,0.0009802597007936692,0.0009802597007936692,BUY
2019-02-26,251.94418334960935,0.005290627097854328,-0.0004297027498674222,0.00036075171792436815,0.0007904544677917903,0.0007904544677917903,BUY
2019-02-27,251.8359222412109,0.0028374087094720224,-0.0018621792271462656,0.0004565399868551152,0.0023187192140013808,0.0023187192140013808,BUY
2019-02-28,251.3669586181641,0.004542017549743704,0.0062435104441440625,0.00038998189696514687,-0.005853528547178915,0.005853528547178915,BUY
2019-03-01,252.93637084960935,0.004585542750027427,-0.0036373918208481015,0.0003882824137027574,0.004025674234550859,0.004025674234550859,BUY
2019-03-04,252.01634216308597,-0.00042939525533680634,-0.0013601843965629357,0.0005840954862786641,0.0019442798828415999,0.0019442798828415999,BUY
2019-03-05,251.67355346679688,-0.0010741660284211418,-0.006056866151988638,0.0006092711805843042,0.006666137332572942,0.006666137332572942,BUY
2019-03-06,250.14920043945312,-0.00669770137138026,-0.008365368861283806,0.0008288475209231421,0.009194216382206948,0.009194216382206948,BUY
2019-03-07,248.05661010742188,-0.013169386020104423,-0.0020000445356538332,0.001081540665774285,0.0030815852014281185,0.0030815852014281185,BUY
2019-03-08,247.56048583984372,-0.021253902678005976,0.014501121909571424,0.0013972083859697267,-0.013103913523601697,0.013103913523601697,BUY
2019-03-11,251.150390625,-0.003436092797210688,0.003770856177433446,0.0007014948805186313,-0.0030693612969148144,0.0030693612969148144,BUY
2019-03-12,252.09744262695312,0.0016842816987212572,0.006618967890122063,0.0005015649388692485,-0.0061174029512528144,0.0061174029512528144,BUY
2019-03-13,253.7660675048828,0.014458839201067608,-0.0006390547473535957,2.7700678944952853e-06,0.000641824815248091,0.000641824815248091,BUY
2019-03-14,253.60389709472656,0.022362987968360892,0.004940558724225941,-0.00030585501472172574,-0.005246413738947666,0.005246413738947666,SELL
2019-03-15,254.8568420410156,0.02947302424463727,0.0036258483712843237,-0.0005834732121739428,-0.004209321583458266,0.004209321583458266,SELL
2019-03-18,255.78091430664065,0.01843725454743428,0.0002478097708635829,-0.00015257098161038638,-0.0004003807524739693,0.0004003807524739693,SELL
2019-03-19,255.84429931640625,0.014862731848484634,-0.0030096596817608123,-1.3000308568174692e-05,0.002996659373192638,0.002996659373192638,SELL
2019-03-20,255.0742950439453,0.00515525007707085,0.011294256966554617,0.00036603764376581035,-0.010928219322788806,0.010928219322788806,BUY
2019-03-21,257.9551696777344,0.0171577512524681,-0.019246392414235647,-0.00010261154616166706,0.01914378086807398,0.01914378086807398,SELL
2019-03-22,252.99046325683597,-0.007323243783579736,-0.000751991120859552,0.0008532724254041752,0.0016052635462637272,0.0016052635462637272,BUY
2019-03-25,252.8002166748047,-0.011653323078916644,0.007454346653677391,0.0010223445316615795,-0.0064320021220158115,0.0064320021220158115,BUY
2019-03-26,254.68467712402344,-0.004532530900556386,-0.005228980981684006,0.0007443063596786468,0.005973287341362652,0.005973287341362652,BUY
2019-03-27,253.3529357910156,-0.006748462257371579,0.003790531987435619,0.0008308295284857488,-0.00295970245894987,0.00295970245894987,BUY
2019-03-28,254.3132781982422,-0.014118311658735228,0.006305216847391604,0.0011185923790252958,-0.005186624468366308,0.005186624468366308,BUY
2019-03-29,255.91677856445312,0.011566899676555664,0.011858980588920875,0.00011568862509154712,-0.011743291963829328,0.011743291963829328,BUY
2019-04-01,258.9516906738281,0.024333341481809434,0.0004901400994588023,-0.0003827893606929817,-0.000872929460151784,0.000872929460151784,SELL
2019-04-02,259.07861328125,0.017252455887194484,0.001573593130704598,-0.00010630937961307086,-0.0016799025103176688,0.0016799025103176688,SELL
2019-04-03,259.4862976074219,0.024208765520149944,0.0026533465790927746,-0.00037792517258227116,-0.003031271751675046,0.003031271751675046,SELL
2019-04-04,260.1748046875,0.023048448475775807,0.004840354854571238,-0.00033261947879740996,-0.005172974333368648,0.005172974333368648,SELL
2019-04-05,261.43414306640625,0.021559213635395036,0.0007620226939883956,-0.000274470873656105,-0.0010364935676445007,0.0010364935676445007,SELL
2019-04-08,261.63336181640625,0.010355874238936469,-0.00512445641663406,0.00016297427680930419,0.0052874306934433644,0.0052874306934433644,BUY
2019-04-09,260.2926330566406,0.0046859127429121905,0.003410960540698227,0.00038436337089900496,-0.003026597169799222,0.003026597169799222,BUY
2019-04-10,261.18048095703125,0.00652898964311599,-0.0002777400628765081,0.00031239866257428626,0.0005901387254507943,0.0005901387254507943,BUY
2019-04-11,261.1079406738281,0.003586573217375655,0.006765907139855809,0.00042728813887603476,-0.006338619000979775,0.006338619000979775,BUY
2019-04-12,262.87457275390625,0.005509722909964765,-0.0006547576618836093,0.0003521969114418218,0.001006954573325431,0.001006954573325431,BUY
2019-04-15,262.70245361328125,0.004086221227494802,0.0006551866503627934,0.00040777890227864993,-0.0002474077480841435,0.0002474077480841435,BUY
2019-04-16,262.87457275390625,0.009919372926331604,-0.0024468665318299054,0.00018001788993336456,0.00262688442176327,0.00262688442176327,BUY
2019-04-17,262.2313537597656,0.004023550300863654,0.0019692074652759572,0.00041022594882074036,-0.0015589815164552168,0.0015589815164552168,BUY
2019-04-18,262.74774169921875,0.006280165287807282,0.0008619329924626218,0.0003221142485880317,-0.00053981874387459,0.00053981874387459,BUY
2019-04-22,262.9742126464844,0.00037903967483154943,0.008991963573989015,0.000552529367717552,-0.008439434206271463,0.008439434206271463,BUY
2019-04-23,265.3388671875,0.010035740199441534,-0.0022195324375156034,0.00017547421795365876,0.002395006655469262,0.002395006655469262,BUY
2019-04-24,264.7499389648437,0.00713407231171459,-0.0006161151753834027,0.0002887726284390715,0.0009048878038224741,0.0009048878038224741,BUY
2019-04-25,264.5868225097656,0.008982407009033189,0.004656757609964757,0.00021660262437451946,-0.004440154985590237,0.004440154985590237,BUY
2019-04-26,265.8189392089844,0.011688768435853536,0.0015676743370389712,0.00011093014229802018,-0.001456744194740951,0.001456744194740951,BUY
2019-04-29,266.23565673828125,0.012402144145521987,0.0005106596622423965,8.307570233051119e-05,-0.00042758395991188526,0.00042758395991188526,BUY
2019-04-30,266.3716125488281,0.0038921752107969887,-0.00751655646210414,0.00041535561543244595,0.007931912077536586,0.007931912077536586,BUY
2019-05-01,264.3694152832031,-0.0014372946907122985,-0.0021589875026217786,0.0006234498880832907,0.0027824373907050694,0.0027824373907050694,BUY
2019-05-02,263.79864501953125,-0.0029788992617169052,0.009787886703545468,0.000683643319671594,-0.009104243383873873,0.009104243383873873,BUY
2019-05-03,266.38067626953125,0.002113231894681711,-0.004115131103356928,0.00048481616634938696,0.0045999472697063155,0.0045999472697063155,BUY
2019-05-06,265.28448486328125,-0.0035726689905215547,-0.016699716847493606,0.0007068276292035235,0.01740654447669713,0.01740654447669713,BUY
2019-05-07,260.85430908203125,-0.020712805745340068,-0.0013892668344628323,0.0013760807363689986,0.002765347570831831,0.002765347570831831,BUY
2019-05-08,260.4919128417969,-0.014666985729996473,-0.003025492985483824,0.0011400158852822979,0.0041655088707661225,0.0041655088707661225,BUY
2019-05-09,259.70379638671875,-0.015522629513541775,0.005023047073939413,0.001173425318879934,-0.0038496217550594786,0.0038496217550594786,BUY
2019-05-10,261.00830078125,-0.020168037575088005,-0.025130367882965965,0.0013548097397695375,0.0264851776227355,0.0264851776227355,BUY
2019-05-13,254.44906616210935,-0.04084452472505551,0.009044006521155001,0.00216214304570087,-0.006881863475454131,0.006881863475454131,BUY
2019-05-14,256.75030517578125,-0.01573293506514173,0.0058571096779653775,0.00118163690119551,-0.004675472776769867,0.004675472776769867,BUY
2019-05-15,258.2541198730469,-0.008590642774039092,0.009261479300785469,0.000902759236654083,-0.008358720064131386,0.008358720064131386,BUY
2019-05-16,260.6459350585937,0.0036277431634923474,-0.006465050417721829,0.00042568061877543313,0.0068907310364972624,0.0068907310364972624,BUY
2019-05-17,258.9608459472656,-0.007844405054766246,-0.006611884634598053,0.0008736216679490357,0.007485506302547089,0.007485506302547089,BUY
2019-05-20,257.2486267089844,0.011002439856043544,0.009015575377159468,0.00013772850109438023,-0.008877846876065089,0.008877846876065089,BUY
2019-05-21,259.56787109375,0.01097395353060926,-0.003071534720981206,0.00013884077703951015,0.0032103754980207164,0.0032103754980207164,BUY
2019-05-22,258.7705993652344,0.0019998886849952324,-0.012218619370839567,0.0004892417608673221,0.01270786113170689,0.01270786113170689,BUY
2019-05-23,255.60877990722656,-0.01932566164991123,0.0022681446648276093,0.00132191836244914,-0.0009462263023784694,0.0009462263023784694,BUY
2019-05-24,256.18853759765625,-0.010705511636202814,-0.009300475318846702,0.0009853363232606228,0.010285811642107325,0.010285811642107325,BUY
2019-05-28,253.8058624267578,-0.013383022977694004,-0.006710585874066366,0.0010898823260374105,0.007800468200103777,0.007800468200103777,BUY
2019-05-29,252.1026763916016,-0.028760087566662484,0.002731058193958358,0.001690294586596432,-0.0010407636073619258,0.0010407636073619258,BUY
2019-05-30,252.7911834716797,-0.02310701412070082,-0.01347522409562718,0.0014695649026468046,0.014944788998273985,0.014944788998273985,BUY
2019-05-31,249.384765625,-0.024349767189083105,-0.0025426954027489845,0.0015180893901903742,0.004060784792939359,0.004060784792939359,BUY
2019-06-03,248.7506561279297,-0.029032842528683878,0.021706559323592334,0.001700944566140866,-0.020005614757451468,0.020005614757451468,BUY
2019-06-04,254.15017700195312,0.0013566060764047538,0.00866211102723069,0.0005143593483605293,-0.008147751678870161,0.008147751678870161,BUY
2019-06-05,256.3516540527344,0.01685415530667611,0.006502874776595835,-9.075735077509811e-05,-0.0065936321273709336,0.0065936321273709336,SELL
2019-06-06,258.0186767578125,0.020679096534703456,0.010006793809306913,-0.00024010585587748543,-0.0102468996651844,0.0102468996651844,SELL
2019-06-07,260.6006164550781,0.044974081724556525,0.0045888679492529505,-0.0011887268942876617,-0.005777594843540612,0.005777594843540612,SELL
2019-06-10,261.7964782714844,0.05244537781980907,-0.00024211559370135305,-0.0014804508284561198,-0.0012383352347547668,0.0012383352347547668,SELL
2019-06-11,261.73309326171875,0.029836360333155953,-0.001765178447543092,-0.0005976600188292702,0.0011675184287138218,0.0011675184287138218,SELL
2019-06-12,261.2710876464844,0.019190176915098167,0.004126110764786528,-0.00018196955883421082,-0.0043080803236207384,0.0043080803236207384,SELL
2019-06-13,262.34912109375,0.016783453005621896,-0.0011048482107460789,-8.799671150242828e-05,0.0010168514992436506,0.0010168514992436506,SELL
2019-06-14,262.05926513671875,0.005597257218660667,0.00038021892691397774,0.0003487790502592472,-3.143987665473055e-05,3.143987665473055e-05,BUY
2019-06-17,262.1589050292969,0.0013843836258051745,0.010471079247203585,0.0005132747472566059,-0.009957804499946979,0.009957804499946979,BUY
2019-06-18,264.90399169921875,0.012115007689643909,0.0022570456065600375,9.428722111975676e-05,-0.0021627583854402807,0.0021627583854402807,BUY
2019-06-19,265.5018920898437,0.016193159685100156,0.009554405155146828,-6.49481416719023e-05,-0.00961935329681873,0.00961935329681873,SELL
2019-06-20,268.0386047363281,0.021686688405351928,-0.0014537026779530837,-0.0002794482485218493,0.0011742544294312345,0.0011742544294312345,SELL
2019-06-21,267.6489562988281,0.021329874214495614,-0.001224470575250547,-0.0002655160956267337,0.0009589544796238132,0.0009589544796238132,SELL
2019-06-24,267.3212280273437,0.0196915797976418,-0.00980788809329014,-0.00020154731611142257,0.009606340777178717,0.009606340777178717,SELL
2019-06-25,264.6993713378906,-0.0007724321555729885,-0.0009973864577954572,0.0005974896916248343,0.0015948761494202915,0.0015948761494202915,BUY
2019-06-26,264.43536376953125,-0.004017027192979583,0.003545982247238344,0.0007241780221404933,-0.0028218042250978508,0.0028218042250978508,BUY
2019-06-27,265.373046875,-0.009944678916495087,0.00514550566346017,0.0009556288787412894,-0.0041898767847188805,0.0041898767847188805,BUY
2019-06-28,266.738525390625,-0.0034015858712582725,0.009078554881603917,0.0007001475244419133,-0.008378407357162004,0.008378407357162004,BUY
2019-07-01,269.1601257324219,0.006878981211660751,0.002604469310607538,0.0002987329055222341,-0.002305736405085304,0.002305736405085304,BUY
2019-07-02,269.86114501953125,0.019500513565827715,0.007995083010943427,-0.00019408695152127258,-0.0081891699624647,0.0081891699624647,SELL
2019-07-03,272.0187072753906,0.028677493803244358,-0.0011379356884028136,-0.0005524109617751965,0.000585524726627617,0.000585524726627617,SELL
2019-07-05,271.70916748046875,0.023876277866505813,-0.0054947757960304155,-0.00036494287270459147,0.005129832923325824,0.005129832923325824,SELL
2019-07-08,270.2161865234375,0.013037715971922825,0.0012464927216209176,5.825918973611675e-05,-0.0011882335318848009,0.0011882335318848009,BUY
2019-07-09,270.5530090332031,0.005174924394878433,0.004777969745803912,0.0003652694411246975,-0.0044127003046792145,0.0044127003046792145,BUY
2019-07-10,271.845703125,0.00735399720224672,0.0023441148471459172,0.00028018544979300396,-0.002063929397352913,0.002063929397352913,BUY
2019-07-11,272.4829406738281,0.0017066230594482423,0.004477013001078278,0.000500692598974957,-0.003976320402103321,0.003976320402103321,BUY
2019-07-12,273.7028503417969,0.0073375619962157135,0.0003329358396064741,0.00028082717820278834,-5.210866140368576e-05,5.210866140368576e-05,BUY
2019-07-15,273.7939758300781,0.013240469983208492,-0.0032255939550236423,5.034246456733717e-05,0.0032759364195909793,0.0032759364195909793,BUY
2019-07-16,272.91082763671875,0.008714811976924919,-0.0068047361759960845,0.00022705112949803657,0.007031787305494121,0.007031787305494121,BUY
2019-07-17,271.0537414550781,-0.002913276394726494,0.0036609329389276635,0.0006810810117820672,-0.0029798519271455963,0.0029798519271455963,BUY
2019-07-18,272.0460510253906,-0.0016033651404271376,-0.005554941692687332,0.000629934268346405,0.006184875961033736,0.006184875961033736,BUY
2019-07-19,270.53485107421875,-0.011574593628170038,0.002456320363285025,0.0010192704646169986,-0.0014370498986680264,0.0014370498986680264,BUY
2019-07-22,271.1993713378906,-0.009476484953042763,0.007149929540465116,0.0009373477956158296,-0.006212581744849286,0.006212581744849286,BUY
2019-07-23,273.138427734375,0.0008339723990695713,0.004699559786373486,0.000534766082418095,-0.004164793703955391,0.004164793703955391,BUY
2019-07-24,274.42205810546875,0.01242674840903768,-0.00477688483720784,8.211500522272607e-05,0.0048589998424305655,0.0048589998424305655,BUY
2019-07-25,273.1111755371094,0.003915236070158423,0.00670007186031274,0.00041445518202270625,-0.0062856166782900335,0.0062856166782900335,BUY
2019-07-26,274.9410400390625,0.016286955071954656,-0.0018212356431177579,-6.86104726665786e-05,0.0017526251704511793,0.0017526251704511793,SELL
2019-07-29,274.4403076171875,0.01195038271404747,-0.0024546139937683398,0.00010071516145716304,0.002555329155225503,0.002555329155225503,BUY
2019-07-30,273.76666259765625,0.0023000603338472203,-0.010940735850793915,0.00047752127044470625,0.011418257121238621,0.011418257121238621,BUY
2019-07-31,270.7714538574219,-0.013302881966739899,-0.00870766859780947,0.001086753143268356,0.009794421741077827,0.009794421741077827,BUY
2019-08-01,268.4136657714844,-0.017199991016064176,-0.0075296357325818075,0.0012389195102893045,0.008768555242871113,0.008768555242871113,BUY
2019-08-02,266.3926086425781,-0.03109187117088763,-0.030073020830314268,0.0017813413177099676,0.031854362148024236,0.031854362148024236,BUY
2019-08-05,258.3813781738281,-0.05851519983631459,0.014023152747352885,0.0028521115327140873,-0.011171041214638798,0.011171041214638798,BUY
2019-08-06,262.00469970703125,-0.04296345938917723,0.0005903065330905566,0.0022448788854511235,0.001654572352360567,0.001654572352360567,BUY
2019-08-07,262.15936279296875,-0.03180575700194721,0.019619954186270938,0.001809215675857298,-0.01781073851041364,0.01781073851041364,BUY
2019-08-08,267.30291748046875,-0.004138195750291174,-0.006811293823871356,0.0007289091648747392,0.007540202988746096,0.007540202988746096,BUY
2019-08-09,265.48223876953125,-0.0034173991451403873,-0.012173247524347341,0.0007007649689134161,0.012874012493260758,0.012874012493260758,BUY
2019-08-12,262.2504577636719,0.014974297363027356,0.015551777213806517,-1.735649127128185e-05,-0.015569133705077799,0.015569133705077799,SELL
2019-08-13,266.32891845703125,0.016504355665510007,-0.029567669134162644,-7.709908771194184e-05,0.0294905700464507,0.0294905700464507,SELL
2019-08-14,258.4541931152344,-0.01413327236632167,0.0026416257735393245,0.0011191765342266717,-0.0015224492393126527,0.0015224492393126527,BUY
2019-08-15,259.1369323730469,-0.03054955473136034,0.014755283552215559,0.0017601660512921822,-0.012995117500923376,0.012995117500923376,BUY
2019-08-16,262.9605712890625,-0.009498441372787436,0.01204766283859282,0.0009382051051196305,-0.01110945773347319,0.01110945773347319,BUY
2019-08-19,266.1286315917969,0.014788053607974305,-0.007662516714918799,-1.0084424919513794e-05,0.007652432289999285,0.007652432289999285,SELL
2019-08-20,264.08941650390625,-0.008408782516369229,0.008135380985804685,0.0008956583281691344,-0.007239722657635551,0.007239722657635551,BUY
2019-08-21,266.2378845214844,0.0301163285935917,-0.0003079979867225413,-0.000608591648540548,-0.0003005936618180067,0.0003005936618180067,SELL
2019-08-22,266.1558837890625,0.02708587831051168,-0.025687057438969596,-0.0004902648056994813,0.025196792633270116,0.025196792633270116,SELL
2019-08-23,259.3191223144531,-0.013847889654173495,0.011058011014938751,0.0011080334920462887,-0.009949977522892462,0.009949977522892462,BUY
2019-08-26,262.1866760253906,-0.014812218974066038,-0.0039234889393764405,0.0011456866568314193,0.0050691755962078595,0.0050691755962078595,BUY
2019-08-27,261.1579895019531,-0.011100130557143206,0.007041907071179132,0.0010007445981631785,-0.006041162473015954,0.006041162473015954,BUY
2019-08-28,262.9970397949219,-0.012172740676584581,0.012772272367924886,0.0010426256907986539,-0.011729646677126232,0.011729646677126232,BUY
2019-08-29,266.3561096191406,0.0007522878218120255,-0.00044386103185434234,0.0005379555352164657,0.000981816567070808,0.000981816567070808,BUY
2019-08-30,266.2378845214844,0.02668049369163561,-0.005847376738621346,-0.00047443617377776514,0.005372940564843581,0.005372940564843581,SELL
2019-09-03,264.6810913085937,0.009513890335760333,0.01135076737533569,0.00019585034725404726,-0.011154917028081643,0.011154917028081643,BUY
2019-09-04,267.6854248046875,0.024994201077986,0.012855132453728713,-0.00040859325855377047,-0.013263725712282484,0.013263725712282484,SELL
2019-09-05,271.1265563964844,0.030911057432059685,0.0007722633529465561,-0.0006396225995829417,-0.0014118859525294979,0.0014118859525294979,SELL
2019-09-06,271.3359375,0.018696127856725253,0.000503310263165524,-0.00016267893868701178,-0.0006659892018525357,0.0006659892018525357,SELL
2019-09-09,271.4725036621094,0.019661436050069758,-0.00023483490903553061,-0.00020037032452653743,3.446458450899318e-05,3.446458450899318e-05,SELL
2019-09-10,271.40875244140625,0.025417989247175754,0.007110681235173111,-0.0004251404747788964,-0.007535821709952007,0.007535821709952007,SELL
2019-09-11,273.3386535644531,0.0211189263064675,0.003464422015949653,-0.00025727943188726934,-0.0037217014478369225,0.0037217014478369225,SELL
2019-09-12,274.2856140136719,0.011651597907538891,-0.000664011880116,0.00011238150128805658,0.0007763933814040566,0.0007763933814040566,BUY
2019-09-13,274.1034851074219,0.010199709013561264,-0.0030890165615601317,0.00016907189807152494,0.0032580884596316566,0.0032580884596316566,BUY
2019-09-16,273.2567749023437,0.0065725670783038925,0.002532142337826615,0.00031069713974987776,-0.002221445198076737,0.002221445198076737,BUY
2019-09-17,273.9486999511719,0.009358384675947296,0.0005983233800290755,0.0002019222151452084,-0.0003964011648838671,0.0003964011648838671,BUY
2019-09-18,274.11260986328125,0.002831492321833773,-6.646536308463347e-05,0.0004567709978946847,0.0005232363609793181,0.0005232363609793181,BUY
2019-09-19,274.0943908691406,-0.000697167969304191,-0.004725032775614424,0.0005945509291610801,0.005319583704775504,0.005319583704775504,BUY
2019-09-20,272.7992858886719,-0.004758054127764533,-0.0002346995839731525,0.0007531121307588925,0.0009878117147320451,0.0009878117147320451,BUY
2019-09-23,272.7352600097656,-0.0019085158739959862,-0.00784649057976905,0.0006418491719155006,0.00848833975168455,0.00848833975168455,BUY
2019-09-24,270.5952453613281,-0.012241177236619327,0.005914491762308405,0.0010452978620363832,-0.004869193900272022,0.004869193900272022,BUY
2019-09-25,272.1956787109375,-0.006993224986255986,-0.0020832333629470234,0.0008403865243935054,0.002923619887340529,0.002923619887340529,BUY
2019-09-26,271.6286315917969,-0.008996022390406977,-0.005387088043482313,0.0009185876732480608,0.006305675716730374,0.006305675716730374,BUY
2019-09-27,270.16534423828125,-0.009655236603022255,0.004637866215553954,0.0009443273255268789,-0.003693538890027075,0.003693538890027075,BUY
2019-09-30,271.4183349609375,-0.004828583765740357,-0.01189486741154211,0.0007558660282357786,0.012650733439777889,0.012650733439777889,BUY
2019-10-01,268.1898498535156,-0.008889274845167883,-0.017664793477957796,0.0009144196127853305,0.018579213090743125,0.018579213090743125,BUY
2019-10-02,263.45233154296875,-0.03212155023685692,0.008193164540011733,0.0018215461261161469,-0.006371618413895585,0.006371618413895585,BUY
2019-10-03,265.61083984375,-0.02215448243722118,0.013531856477643212,0.0014323723879101238,-0.012099484089733088,0.012099484089733088,BUY
2019-10-04,269.2050476074219,-0.003554477475883888,-0.004314778154857035,0.0007061173240367994,0.005020895478893834,0.005020895478893834,BUY
2019-10-07,268.0434875488281,-0.012434117292021152,-0.01552466518938489,0.0010528313918688127,0.016577496581253702,0.016577496581253702,BUY
2019-10-08,263.8822021484375,-0.016061934138935308,0.009496475727926335,0.0011944829861212335,-0.008301992741805101,0.008301992741805101,BUY
2019-10-09,266.3881530761719,0.011143653639384521,0.006763426813611195,0.00013221467325114718,-0.006631212140360048,0.006631212140360048,BUY
2019-10-10,268.1898498535156,0.009709731768789087,0.01036726598464166,0.00018820353034464387,-0.010179062454297016,0.010179062454297016,BUY
2019-10-11,270.9702453613281,0.006557075246525157,-0.0011145207206137986,0.0003113020332056251,0.0014258227538194237,0.0014258227538194237,BUY
2019-10-14,270.6682434082031,0.009792276183904214,0.009900491100889308,0.00018498050435102541,-0.009715510596538282,0.009715510596538282,BUY
2019-10-15,273.3479919433594,0.035871270278384326,-0.0016057711748722614,-0.0008332988757463532,0.0007724722991259082,0.0007724722991259082,SELL
2019-10-16,272.9090576171875,0.02447895848863446,0.0029492264291124393,-0.0003884751166275946,-0.003337701545740034,0.003337701545740034,SELL
2019-10-17,273.71392822265625,0.020597641454953797,-0.004377048292028007,-0.00023692536402980242,0.004140122927998205,0.004140122927998205,SELL
2019-10-18,272.515869140625,0.005704035058298862,0.006779099195950655,0.00034460980692259825,-0.006434489389028057,0.006434489389028057,BUY
2019-10-21,274.36328125,0.01365153811643971,-0.003266841194811798,3.429191436712562e-05,0.0033011331091789236,0.0033011331091789236,BUY
2019-10-22,273.46697998046875,0.00043529874232262067,0.0029092845570444226,0.0005503326783758496,-0.002358951878668573,0.002358951878668573,BUY
2019-10-23,274.2625732421875,0.004959584840524389,0.0016342429250311152,0.0003736775809142799,-0.0012605653441168352,0.0012605653441168352,BUY
2019-10-24,274.7107849121094,0.0036419655219088742,0.004094882724118509,0.00042512529312677366,-0.0036697574309917354,0.0036697574309917354,BUY
2019-10-25,275.835693359375,0.012182131738672775,0.005636612991592571,9.16662981352615e-05,-0.005544946693457309,0.005544946693457309,BUY
2019-10-28,277.3904724121094,0.0110335142090352,-0.00029649494566885704,0.000136515173126797,0.00043301011879565404,0.00043301011879565404,BUY
2019-10-29,277.3082275390625,0.014046476685660947,0.0030670741719118766,1.887115849033875e-05,-0.003048203013421538,0.003048203013421538,BUY
2019-10-30,278.15875244140625,0.014206018536033538,-0.0026631687297429263,1.2641693660965666e-05,0.002675810423403892,0.002675810423403892,BUY
2019-10-31,277.41796875,0.009854668933936273,0.009263916170320519,0.00018254431948150763,-0.009081371850839012,0.009081371850839012,BUY
2019-11-01,279.9879455566406,0.015053353489882904,0.004017267153115789,-2.0443313698394064e-05,-0.004037710466814183,0.004037710466814183,SELL
2019-11-04,281.1127319335937,0.01341884416258643,-0.001105791433362091,4.3377673358584536e-05,0.0011491691067206755,0.0011491691067206755,BUY
2019-11-05,280.8018798828125,0.012598444607121673,0.00022811954290014036,7.541096220953908e-05,-0.00015270858069060128,0.00015270858069060128,BUY
2019-11-06,280.8659362792969,0.00973251358848004,0.0035165207697360756,0.0001873139923069285,-0.003329206777429147,0.003329206777429147,BUY
2019-11-07,281.8536071777344,0.015989009103197782,0.0024661698812844524,-5.697688606162287e-05,-0.002523146767346075,0.002523146767346075,SELL
2019-11-08,282.5487060546875,0.009145966955669715,-0.001909585036802719,0.00021021626911609122,0.0021198013059188104,0.0021198013059188104,BUY
2019-11-11,282.0091552734375,0.003188839344550054,0.0021080252564800173,0.0004428180400676726,-0.0016652072164123448,0.0016652072164123448,BUY
2019-11-12,282.6036376953125,0.006416473469664563,0.0003235296785566444,0.0003167919646678397,-6.7377138888046655e-06,6.7377138888046655e-06,BUY
2019-11-13,282.695068359375,0.006512473902350324,0.0014555206365902684,0.00031304353554015995,-0.0011424771010501084,0.0011424771010501084,BUY
2019-11-14,283.1065368652344,0.004445320746631065,0.007236627578263599,0.00039375751654518955,-0.00684287006171841,0.00684287006171841,BUY
2019-11-15,285.1552734375,0.009225196672137725,0.0007376951633395468,0.00020712266871578236,-0.0005305724946237645,0.0005305724946237645,BUY
2019-11-18,285.3656311035156,0.011902010155747211,-0.0002884226383003119,0.00010260391447046029,0.0003910265527707722,0.0003910265527707722,BUY
2019-11-19,285.2833251953125,0.009482140859379484,-0.0037191260230351464,0.0001970900360629937,0.00391621605909814,0.00391621605909814,BUY
2019-11-20,284.2223205566406,0.00540247202092714,-0.001608757792672444,0.00035638462544675885,0.001965142418119203,0.001965142418119203,BUY
2019-11-21,283.7650756835937,0.0023261166119692422,0.0022238201052353634,0.0004765038780315781,-0.0017473162272037854,0.0017473162272037854,BUY
2019-11-22,284.3961181640625,-0.0026622522679872196,0.007749896663752143,0.0006712795335793609,-0.007078617130172782,0.007078617130172782,BUY
2019-11-25,286.60015869140625,0.0043261256904578715,0.0022659235970599045,0.00039841160203142394,-0.0018675119950284807,0.0018675119950284807,BUY
2019-11-26,287.24957275390625,0.006892262480632461,0.004457538485140189,0.00029821432561510946,-0.00415932415952508,0.00415932415952508,BUY
2019-11-27,288.5299987792969,0.015156016649993553,-0.0037085843632341797,-2.4451895419666677e-05,0.003684132467814513,0.003684132467814513,SELL
2019-11-29,287.4599609375,0.013020930236059769,-0.008494623062315076,5.89146049199688e-05,0.008553537667235045,0.008553537667235045,BUY
2019-12-02,285.0180969238281,0.0021870156448717815,-0.0067068024073735355,0.0004819352089346718,0.007188737616308207,0.007188737616308207,BUY
2019-12-03,283.1065368652344,-0.012189880990029711,0.006170423425661875,0.0010432949508048625,-0.005127128474857013,0.005127128474857013,BUY
2019-12-04,284.8534240722656,-0.008341696242289864,0.0017981424408648472,0.0008930388801438351,-0.0009051035607210121,0.0009051035607210121,BUY
2019-12-05,285.3656311035156,-0.01096720510577398,0.009134025198321405,0.000995554396204888,-0.008138470802116517,0.008138470802116517,BUY
2019-12-06,287.97216796875,0.001781837823881638,-0.003144356160992401,0.0004977557662342487,0.0036421119272266496,0.0036421119272266496,BUY
2019-12-09,287.0666809082031,0.007187557584887205,-0.001115280641753813,0.0002866842445614864,0.0014019648863152995,0.0014019648863152995,BUY
2019-12-10,286.7465209960937,0.012857294540648656,0.0028387279416697275,6.530391786207731e-05,-0.0027734240238076503,0.0027734240238076503,BUY
2019-12-11,287.5605163574219,0.00950345706383171,0.008619003536428416,0.0001962577243803803,-0.008422745812048035,0.008422745812048035,BUY
2019-12-12,290.0390014648437,0.01637678070500659,0.0005997476009571567,-7.211780081004926e-05,-0.000671865401767206,0.000671865401767206,SELL
2019-12-13,290.21295166015625,0.007781250900779524,0.006869829094467539,0.00026350291864513347,-0.006606326175822405,0.006606326175822405,BUY
2019-12-16,292.2066650390625,0.01790519232185983,0.00021900719245948608,-0.0001317961008282379,-0.000350803293287724,0.000350803293287724,SELL
2019-12-17,292.2706604003906,0.019264887277820497,6.233603508354335e-05,-0.00018488669672550118,-0.00024722273180904453,0.00024722273180904453,SELL
2019-12-18,292.28887939453125,0.01644301901041345,0.004099095797518437,-7.470413908383558e-05,-0.004173799936602273,0.004173799936602273,SELL
2019-12-19,293.48699951171875,0.011888049639741327,0.004384223657692088,0.00010314901623062825,-0.00428107464146146,0.00428107464146146,BUY
2019-12-20,294.7737121582031,0.01571522039921769,0.0015276714450398465,-4.628654306923258e-05,-0.0015739579881090791,0.0015739579881090791,SELL
2019-12-23,295.2240295410156,0.010326131683374706,3.111464547744802e-05,0.0001641356034666983,0.0001330209579892503,0.0001330209579892503,BUY
2019-12-24,295.23321533203125,0.01013634049884482,0.005323229760966441,0.00017154618261062108,-0.0051516835783558205,0.0051516835783558205,BUY
2019-12-26,296.8048095703125,0.015450229188109565,-0.00024759143300734365,-3.59397066383157e-05,0.00021165172636902795,0.00021165172636902795,SELL
2019-12-27,296.7313232421875,0.0110544035540463,-0.005513153364107515,0.0001356995285811723,0.005648852892688687,0.005648852892688687,BUY
2019-12-30,295.09539794921875,0.0010912974181462864,0.0024290344071151715,0.0005247185798204221,-0.0019043158272947494,0.0019043158272947494,BUY
2019-12-31,295.81219482421875,0.001992267648800672,0.009352251388451194,0.0004895393315475325,-0.00886271205690366,0.00886271205690366,BUY
2020-01-02,298.5787048339844,0.011331683998328845,-0.007572599147552372,0.00012487284723394505,0.0076974719947863176,0.0076974719947863176,BUY
2020-01-03,296.31768798828125,-0.0016412186269368911,0.003814933008491117,0.0006314122940953289,-0.003183520714395788,0.003183520714395788,BUY
2020-01-06,297.4481201171875,0.002415642767902071,-0.0028115952140090883,0.0004730082432599487,0.003284603457269037,0.003284603457269037,BUY
2020-01-07,296.61181640625,0.005138739768799194,0.005329663138868179,0.0003666823046147361,-0.004962980834253443,0.004962980834253443,BUY
2020-01-08,298.1926574707031,0.008047209304197,0.006780759370135225,0.0002531183172612573,-0.006527641052873968,0.006527641052873968,BUY
2020-01-09,300.2146301269531,0.005479042096717457,-0.0028774783015040883,0.0003533948732719894,0.0032308731747760777,0.0032308731747760777,BUY
2020-01-10,299.35076904296875,0.010235909558012901,0.006877065296133411,0.00016765841303334234,-0.006709406883100069,0.006709406883100069,BUY
2020-01-13,301.409423828125,0.013317629001577957,-0.0015246162033351052,4.732971656373178e-05,0.001571945919898837,0.001571945919898837,BUY
2020-01-14,300.94989013671875,0.014625424512849428,0.0022598936513476,-3.7344156526836333e-06,-0.0022636280670002835,0.0022636280670002835,SELL
2020-01-15,301.6300048828125,0.011527270460866657,0.008318045709489352,0.0001172359858923262,-0.008200809723597026,0.008200809723597026,BUY
2020-01-16,304.13897705078125,0.013071804402632337,0.0031127753429500693,5.692817420823175e-05,-0.0030558471687418378,0.0030558471687418378,BUY
2020-01-17,305.085693359375,0.01915787400426905,-0.0019581780541615412,-0.00018070826064551355,0.0017774697935160277,0.0017774697935160277,SELL
2020-01-21,304.48828125,0.010214867812595951,0.00012077207533134349,0.00016848000819923387,4.770793286789038e-05,4.770793286789038e-05,BUY
2020-01-22,304.5250549316406,0.011879601595128353,0.0011466449911146093,0.00010347887824909297,-0.0010431661128655163,0.0010431661128655163,BUY
2020-01-23,304.8742370605469,0.010755667954833514,-0.008892987160613375,0.0001473639470659251,0.0090403511076793,0.0090403511076793,BUY
2020-01-24,302.1629943847656,-0.006496972815443147,-0.01602944751469937,0.0008210098816044252,0.016850457396303795,0.016850457396303795,BUY
2020-01-27,297.3194885253906,-0.025455814556457068,0.010479273168821468,0.0015612760722965788,-0.00891799709652489,0.00891799709652489,BUY
2020-01-28,300.4351806640625,-0.013311187443071804,-0.000826133152389219,0.0010870774385713122,0.0019132105909605312,0.0019132105909605312,BUY
2020-01-29,300.1869812011719,-0.014245375413995287,0.0032454544169908672,0.0011235537054273157,-0.0021219007115635515,0.0021219007115635515,BUY
2020-01-30,301.1612243652344,-0.012178833905782338,-0.01815776356390708,0.0010428636067868167,0.019200627170693898,0.019200627170693898,BUY
2020-01-31,295.6928100585937,-0.02141289451855577,0.007428429533642644,0.0014034163751371407,-0.006025013158505503,0.006025013158505503,BUY
2020-02-03,297.88934326171875,0.001916641048840928,0.015241406878922614,0.0004924922448020425,-0.014748914634120572,0.014748914634120572,BUY
2020-02-04,302.4295959472656,0.006638421235471759,0.011548017141854494,0.0003081258009131577,-0.011239891340941336,0.011239891340941336,BUY
2020-02-05,305.92205810546875,0.019105015418551696,0.003364871543128478,-0.000178644346381716,-0.0035435158895101944,0.0035435158895101944,SELL
2020-02-06,306.9514465332031,0.019226320321193313,-0.005329788624886089,-0.00018338081285036798,0.005146407812035721,0.005146407812035721,SELL
2020-02-07,305.3154602050781,0.032542726164283886,0.007465283139906909,-0.0007033326728761906,-0.008168615812783098,0.008168615812783098,SELL
2020-02-10,307.5947265625,0.03258049849824385,0.001733162262641308,-0.0007048075299458398,-0.0024379697925871477,0.0024379697925871477,SELL
2020-02-11,308.1278381347656,0.018841549451045214,0.006442678042491545,-0.0001683570645526196,-0.006611035107044165,0.006611035107044165,SELL
2020-02-12,310.1130065917969,0.01369939948849086,-0.0010672339686844667,3.2423121112052635e-05,0.0010996570897965194,0.0010996570897965194,BUY
2020-02-13,309.78204345703125,0.009221643865170437,0.001602413491245791,0.00020726139147721824,-0.0013951520997685727,0.0013951520997685727,BUY
2020-02-14,310.2784423828125,0.01625525996751276,-0.0025769129841399785,-6.737290686222692e-05,0.0025095400772777517,0.0025095400772777517,SELL
2020-02-18,309.4788818359375,0.006125447254878846,0.004781183401564526,0.0003281553628307624,-0.004453028038733764,0.004453028038733764,BUY
2020-02-19,310.95855712890625,0.009186833008261175,-0.004108350859562182,0.00020862061483015133,0.004316971474392334,0.004316971474392334,BUY
2020-02-20,309.6810302734375,-0.0013929642071671688,-0.010298367263758545,0.0006217189617622749,0.01092008622552082,0.01092008622552082,BUY
2020-02-21,306.4918212890625,-0.01062108743054091,-0.033165178484304336,0.000982039899039076,0.03414721838334341,0.03414721838334341,BUY
2020-02-24,296.32696533203125,-0.04496437762043526,-0.03030213463546294,0.002323006660194637,0.03262514129565758,0.03262514129565758,BUY
2020-02-25,287.3476257324219,-0.07151136120250023,-0.003678495109341151,0.003359559139460778,0.007038054248801929,0.007038054248801929,BUY
2020-02-26,286.2906188964844,-0.07932870045507678,-0.04491145081994563,0.0036647946611716945,0.048576245481117324,0.048576245481117324,BUY
2020-02-27,273.4328918457031,-0.11704991550734811,-0.004201410090728053,0.0051376557439569695,0.009339065834685023,0.009339065834685023,BUY
2020-02-28,272.2840881347656,-0.11161059048957278,0.04330633514921489,0.004925272072747015,-0.03838106307646788,0.03838106307646788,BUY
2020-03-02,284.0757141113281,-0.04134369346703137,-0.028632361518008187,0.002181633568813138,0.030813995086821325,0.030813995086821325,BUY
2020-03-03,275.94195556640625,-0.0396929333831928,0.04203276109685561,0.002117178055353881,-0.03991558304150173,0.03991558304150173,BUY
2020-03-04,287.5405578613281,0.004365979471006254,-0.033241425584387585,0.0003968554728799574,0.033638281057267544,0.033638281057267544,BUY
2020-03-05,277.9822998046875,0.016638115218236438,-0.016531370774418574,-8.232185795909656e-05,0.01644904891645948,0.01644904891645948,SELL
2020-03-06,273.3868713378906,0.0040501198974916,-0.07809453781676756,0.0004091885133933721,0.07850372633016094,0.07850372633016094,BUY
2020-03-09,252.03684997558597,-0.1127828340974838,0.051745098997202144,0.004971043450663749,-0.04677405554653839,0.04677405554653839,BUY
2020-03-10,265.0785217285156,-0.039368546967031626,-0.04874838434264983,0.0021045120760770763,0.05085289641872691,0.05085289641872691,BUY
2020-03-11,252.1563720703125,-0.12305806893537541,-0.09567717901983142,0.005372249866953321,0.10104942888678474,0.10104942888678474,BUY
2020-03-12,228.03076171875,-0.17969323270234772,0.08548627215437876,0.007583624249086894,-0.07790264790529186,0.07790264790529186,BUY
2020-03-13,247.52426147460935,-0.09460077485329044,-0.10942364418142303,0.004261107478862222,0.11368475166028526,0.11368475166028526,BUY
2020-03-16,220.4392547607422,-0.12536894988929015,0.05399202738727915,0.005462480434003036,-0.04852954695327612,0.04852954695327612,BUY
2020-03-17,232.3412170410156,-0.12350040461229239,-0.05063318323309929,0.005389521288437377,0.05602270452153667,0.05602270452153667,BUY
2020-03-18,220.57704162597656,-0.1252370907189695,0.002125038661121126,0.005457331866012729,0.003332293204891603,0.003332293204891603,BUY
2020-03-19,221.0457763671875,-0.030631767832173806,-0.04309390785434364,0.0017633761408005785,0.044857283995144215,0.044857283995144215,BUY
2020-03-20,211.52005004882807,-0.14545730269545531,-0.02556834863900881,0.006246849469424113,0.03181519810843292,0.03181519810843292,BUY
2020-03-23,206.11183166503903,-0.06499488084031901,0.0906033538536597,0.003105116902939733,-0.08749823695071997,0.08749823695071997,BUY
2020-03-24,224.7862548828125,-0.03251666774591011,0.014969936718312482,0.001836973868870591,-0.013132962849441892,0.013132962849441892,BUY
2020-03-25,228.1512908935547,0.03433833916596574,0.05839010286365354,-0.000773444107681661,-0.0591635469713352,0.0591635469713352,SELL
2020-03-26,241.4730682373047,0.09241204335967335,-0.02978588741397492,-0.0030409876828705407,0.02674489973110438,0.02674489973110438,SELL
2020-03-27,234.28057861328125,0.10760459142856216,0.032475974044751776,-0.0036341953186267897,-0.03611016936337857,0.03611016936337857,SELL
2020-03-30,241.8890686035156,0.17358167480952602,-0.014905463776495709,-0.006210333927439963,0.008695129849055745,0.008695129849055745,SELL
2020-03-31,238.2835998535156,0.060045241546195394,-0.04500487123782193,-0.001777194809304952,0.04322767642851698,0.04322767642851698,SELL
2020-04-01,227.55967712402344,-0.002593076581833942,0.023075363813270577,0.0006685785024522102,-0.022406785310818366,0.022406785310818366,BUY
2020-04-02,232.81069946289065,-0.035873022352543305,-0.014454285445003379,0.0019680259591409294,0.016422311404144307,0.016422311404144307,BUY
2020-04-03,229.44558715820312,-0.020637611037571668,0.06716623176009295,0.0013731446867600446,-0.06579308707333291,0.06579308707333291,BUY
2020-04-06,244.8565826416016,0.012268078318785403,0.0010194479053020622,8.831043134064839e-05,-0.0009311374739614138,0.0009311374739614138,BUY
2020-04-07,245.106201171875,0.02863227399012591,0.03356854888914351,-0.0005506453107265575,-0.03411919419987007,0.03411919419987007,SELL
2020-04-08,253.3340606689453,0.11326428245402398,0.015217526564220707,-0.003855183392325912,-0.01907270995654662,0.01907270995654662,SELL
2020-04-09,257.1891784667969,0.10471373979009102,-0.009130384481894294,-0.0035213192389853994,0.005609065242908894,0.005609065242908894,SELL
2020-04-13,254.8409423828125,0.11068138437153396,0.02949311117678821,-0.003754331655147548,-0.03324744283193576,0.03324744283193576,SELL
2020-04-14,262.35699462890625,0.0714720911257678,-0.021248206042307705,-0.002223367129609891,0.019024838912697815,0.019024838912697815,SELL
2020-04-15,256.7823791503906,0.04763721979570801,0.004824318759437229,-0.001292711678914759,-0.006117030438351988,0.006117030438351988,SELL
2020-04-16,258.02117919921875,0.018501730552523465,0.027015538322555654,-0.00015508850917511977,-0.027170626831730774,0.027170626831730774,SELL
2020-04-17,264.99176025390625,0.03033790859173613,-0.017618403247631975,-0.0006172434524535004,0.017001159795178473,0.017001159795178473,SELL
2020-04-20,260.3230285644531,0.021511795280546586,-0.030363007479838,-0.000272619378433345,0.030090388101404655,0.030090388101404655,SELL
2020-04-21,252.41883850097656,-0.03788027890007972,0.02219462196844124,0.0020464012195331397,-0.020148220748908104,0.020148220748908104,BUY
2020-04-22,258.02117919921875,0.004824318759437229,-7.16749392477567e-05,0.0003789591750086928,0.0004506341142564495,0.0004506341142564495,BUY
2020-04-23,258.002685546875,-7.16749392477567e-05,0.013938817860688069,0.0005701279528532666,-0.013368689907834802,0.013368689907834802,BUY
2020-04-24,261.59893798828125,-0.012803500993291639,0.01441809765058033,0.0010672543333743443,-0.013350843317205987,0.013350843317205987,BUY
2020-04-27,265.3706970214844,0.019390018950173227,-0.004598267159954483,-0.00018977258309413434,0.004408494576860349,0.004408494576860349,SELL
2020-04-28,264.15045166015625,0.04647677340110379,0.02617806430504266,-0.0012474009345258897,-0.02742546523956855,0.02742546523956855,SELL
2020-04-29,271.0653991699219,0.05055484209159311,-0.009310344167612117,-0.0014066330445950792,0.007903711123017038,0.007903711123017038,SELL
2020-04-30,268.54168701171875,0.040848417691873085,-0.02647321336237418,-0.001027636378354758,0.025445576984019423,0.025445576984019423,SELL
2020-05-01,261.4325256347656,-0.0006361354323353163,0.0027579135344029115,0.000592167855117454,-0.0021657456792854575,0.0021657456792854575,BUY
2020-05-04,262.1535339355469,-0.012123279329808723,0.009239548059561065,0.0010406944249932615,-0.008198853634567804,0.008198853634567804,BUY
2020-05-05,264.5757141113281,0.0016099251335712772,-0.0067786154797842,0.0005044682623944115,0.007283083742178612,0.007283083742178612,BUY
2020-05-06,262.7822570800781,-0.030557725608687192,0.012066638260640694,0.0017604850910476688,-0.010306153169593026,0.010306153169593026,BUY
2020-05-07,265.9531555175781,-0.009639216625713876,0.01654619471142782,0.0009437018101215051,-0.015602492901306315,0.015602492901306315,BUY
2020-05-08,270.3536682128906,0.03412407295712039,0.00020521621695746006,-0.000765077877698694,-0.000970294094656154,0.000970294094656154,SELL
2020-05-11,270.4091491699219,0.03149152754280515,-0.01993168311501703,-0.0006622876127499971,0.01926939550226703,0.01926939550226703,SELL
2020-05-12,265.0194396972656,0.0016771213768729254,-0.017685999919163087,0.000501844520515174,0.01818784443967826,0.01818784443967826,BUY
2020-05-13,260.3323059082031,-0.009323122493496316,0.011967548706305564,0.0009313596110381807,-0.011036189095267383,0.011036189095267383,BUY
2020-05-14,263.4478454589844,-0.009420117816305251,0.004596729698230773,0.0009351468866065712,-0.0036615828116242015,0.0036615828116242015,BUY
2020-05-15,264.6588439941406,-0.021064349732682786,0.03045994155442,0.0013898071091045204,-0.02907013444531548,0.02907013444531548,BUY
2020-05-18,272.7203369140625,0.008547002759467626,-0.010271359033178551,0.000233603401618195,0.010504962434796745,0.010504962434796745,BUY
2020-05-19,269.91912841796875,0.01848803516564712,0.016987894458947883,-0.0001545537596365404,-0.017142448218584422,0.017142448218584422,SELL
2020-05-20,274.5044860839844,0.05443880707136883,-0.006903641515812797,-0.001558286188792196,0.005345355327020601,0.005345355327020601,SELL
2020-05-21,272.6094055175781,0.03477561201015811,0.0018987189440342611,-0.000790517845997813,-0.002689236790032074,0.002689236790032074,SELL
2020-05-22,273.12701416015625,0.03199655087363373,0.012320686458038299,-0.0006820067339088798,-0.01300269319194718,0.01300269319194718,SELL
2020-05-26,276.4921264648437,0.013830246740893948,0.01487909507340679,2.7314064429047238e-05,-0.014851781008977742,0.014851781008977742,BUY
2020-05-27,280.6060791015625,0.0395931579441271,-0.0018448270236761655,-0.000978623555499504,0.0008662034681766616,0.0008662034681766616,SELL
2020-05-28,280.0884094238281,0.020341829088124097,0.004455685411656196,-0.00022693692439241142,-0.004682622336048607,0.004682622336048607,SELL
2020-05-29,281.3363952636719,0.03201279768584886,0.004041727199468159,-0.0006826411063011217,-0.004724368305769281,0.004724368305769281,SELL
2020-06-01,282.4734802246094,0.03422021835955236,0.00828038531600428,-0.0007688319673093958,-0.009049217283313675,0.009049217283313675,SELL
2020-06-02,284.8124694824219,0.03009251338893404,0.013308103144469507,-0.0006076617609939714,-0.013915764905463479,0.013915764905463479,SELL
2020-06-03,288.602783203125,0.028497971701704206,-0.0026266435555871714,-0.0005454013488427416,0.00208124220674443,0.00208124220674443,SELL
2020-06-04,287.8447265625,0.02769238882332714,0.025629404111238818,-0.0005139465913839604,-0.02614335070262278,0.02614335070262278,SELL
2020-06-05,295.2220153808594,0.049355932438722494,0.012087760438336925,-0.0013598204653332026,-0.013447580903670127,0.013447580903670127,SELL
2020-06-08,298.79058837890625,0.057765097598975634,-0.007456819024448502,-0.0016881643982125563,0.005768654626235946,0.005768654626235946,SELL
2020-06-09,296.56256103515625,0.041255537631787575,-0.005580194287532425,-0.001043532767553648,0.004536661519978777,0.004536661519978777,SELL
2020-06-10,294.9076843261719,0.021846293556390783,-0.05764877966499837,-0.0002856801849865534,0.05736309948001182,0.05736309948001182,SELL
2020-06-11,277.9066162109375,-0.03452594205996207,0.011975475827886273,0.0019154279148949915,-0.01006004791299128,0.01006004791299128,BUY
2020-06-12,281.23468017578125,-0.04737903840617497,0.009335686470769211,0.002417289410485566,-0.006918397060283645,0.006918397060283645,BUY
2020-06-15,283.8601989746094,-0.049969409964691236,0.019247691589696414,0.0025184329567156,-0.016729258632980814,0.016729258632980814,BUY
2020-06-16,289.3238525390625,-0.024408706449077444,-0.004153761316309845,0.001520390730223391,0.0056741520465332365,0.0056741520465332365,BUY
2020-06-17,288.1220703125,-0.023009281800086656,0.0003850152692712605,0.00146574885029103,0.0010807335810197696,0.0010807335810197696,BUY
2020-06-18,288.2330017089844,0.037157753344774225,-0.005714985115119697,-0.0008835308430762035,0.004831454272043494,0.004831454272043494,SELL
2020-06-19,286.58575439453125,0.019027078080859017,0.00641529268621488,-0.00017560120815235684,-0.006590893894367236,0.006590893894367236,SELL
2020-06-22,288.4242858886719,0.016078643397522407,0.004603703256567115,-6.047674320065516e-05,-0.00466417999976777,0.00466417999976777,SELL
2020-06-23,289.7521057128906,0.0014801861998927635,-0.02550871827419321,0.0005095340437079866,0.026018252317901197,0.026018252317901197,BUY
2020-06-24,282.36090087890625,-0.019995585299470875,0.010720351320662402,0.0013480761749826594,-0.009372275145679744,0.009372275145679744,BUY
2020-06-25,285.3879089355469,-0.009870808535346165,-0.023751359528020433,0.0009527445387375543,0.024704104066757986,0.024704104066757986,BUY
2020-06-26,278.60955810546875,-0.027831796126481567,0.014697554449443873,0.0016540485554484283,-0.013043505893995444,0.013043505893995444,BUY
2020-06-29,282.7044372558594,-0.019831369661500342,0.012809517276056948,0.0013416642176261322,-0.011467853058430816,0.011467853058430816,BUY
2020-06-30,286.32574462890625,-0.011825146449080504,0.007004875765295626,0.001029053540230807,-0.00597582222506482,0.00597582222506482,BUY
2020-07-01,288.3314208984375,0.021144995645455023,0.005506854117106164,-0.0002582973342744393,-0.005765151451380603,0.005765151451380603,SELL
2020-07-02,289.9192199707031,0.01587772604682991,0.015437249797975339,-5.263173220932749e-05,-0.015489881530184666,0.015489881530184666,SELL
2020-07-06,294.394775390625,0.056657127603571666,-0.01031354880121016,-0.0016449026452477345,0.008668646155962426,0.008668646155962426,SELL
2020-07-07,291.3585205078125,0.030611770143957218,0.007648601123927401,-0.0006279366398754501,-0.008276537763802851,0.008276537763802851,SELL
2020-07-08,293.5870056152344,0.02536014005914522,-0.005692882073133343,-0.000422881697653005,0.005270000375480338,0.005270000375480338,SELL
2020-07-09,291.9156494140625,0.012430932794131877,0.010210347779288309,8.195162188652944e-05,-0.01012839615740178,0.01012839615740178,BUY
2020-07-10,294.8962097167969,0.017166815454997097,-0.008658659140349467,-0.0001029654666579433,0.008555693673691524,0.008555693673691524,SELL
2020-07-13,292.3428039550781,-0.006970135366105468,0.012958728800669839,0.0008394849679911238,-0.012119243832678714,0.012119243832678714,BUY
2020-07-14,296.1311950683594,0.016380761929421173,0.009187286362099423,-7.227325154232156e-05,-0.009259559613641744,0.009259559613641744,SELL
2020-07-15,298.8518371582031,0.017932781227615546,-0.003293243581468208,-0.00013287333615981227,0.003160370245308396,0.003160370245308396,SELL
2020-07-16,297.8676452636719,0.020389437365061935,0.002899023792465316,-0.0002287958353056214,-0.0031278196277709377,0.0031278196277709377,SELL
2020-07-17,298.7311706542969,0.0130044429570082,0.008081359730378157,5.95583665708708e-05,-0.008021801363807287,0.008021801363807287,BUY
2020-07-20,301.14532470703125,0.030110269973690595,0.0021275992026696944,-0.0006083550839056241,-0.0027359542865753187,0.0027359542865753187,SELL
2020-07-21,301.7860412597656,0.019095746363705146,0.005691821911886219,-0.00017828242722988676,-0.005870104339116106,0.005870104339116106,SELL
2020-07-22,303.5037536621094,0.015565962545659895,-0.011931270236498759,-4.0458626775955516e-05,0.011890811609722803,0.011890811609722803,SELL
2020-07-23,299.882568359375,0.006764491302569953,-0.006440509346513412,0.00030320327402011486,0.006743712620533527,0.006743712620533527,BUY
2020-07-24,297.951171875,-0.0026110391412736966,0.007292233417021121,0.0006692798678432606,-0.00662295354917786,0.00662295354917786,BUY
2020-07-27,300.1239013671875,-0.0033917954424078633,-0.006342290273182227,0.0006997652477411876,0.007042055520923415,0.007042055520923415,BUY
2020-07-28,298.2204284667969,-0.01181503550689278,0.012298805771991272,0.0010286587487788892,-0.011270147023212383,0.011270147023212383,BUY
2020-07-29,301.88818359375,-0.005323064538298894,-0.0035680377571501998,0.0007751735050781295,0.004343211262228329,0.004343211262228329,BUY
2020-07-30,300.81103515625,0.0030961012570838164,0.007902220721649256,0.00044643908779192225,-0.007455781633857334,0.007455781633857334,BUY
2020-07-31,303.1881103515625,0.0175764990068894,0.006952281600520527,-0.00011896195454952514,-0.007071243555070052,0.007071243555070052,SELL
2020-08-03,305.29595947265625,0.017233076345828824,0.00386257891642261,-0.00010555268680134255,-0.003968131603223952,0.003968131603223952,SELL
2020-08-04,306.4751892089844,0.027680064657631398,0.006210954377356748,-0.0005134653824937932,-0.006724419759850541,0.006724419759850541,SELL
2020-08-05,308.3786926269531,0.021499712098494772,0.006684444747046214,-0.00027214757898108273,-0.006956592326027297,0.006956592326027297,SELL
2020-08-06,310.4400329589844,0.032010121562637384,0.0007178177161777377,-0.000682536614499215,-0.0014003543306769528,0.0014003543306769528,SELL
2020-08-07,310.6628723144531,0.024653875622705712,0.00298905646583858,-0.0003953049241809535,-0.0033843613900195334,0.0033843613900195334,SELL
2020-08-10,311.5914611816406,0.020620979458289224,-0.008254858926278752,-0.00023783661879227572,0.008017022307486476,0.008017022307486476,SELL
2020-08-11,309.0193176269531,0.008301254090209209,0.013942501169026622,0.00024319889451510784,-0.013699302274511514,0.013699302274511514,BUY
2020-08-12,313.32781982421875,0.016048862374718587,-0.0018077113303177628,-5.9313914552836964e-05,0.0017483974157649258,0.0017483974157649258,SELL
2020-08-13,312.76141357421875,0.007477710246027058,2.9662686467535337e-05,0.00027535495513994273,0.0002456922686724074,0.0002456922686724074,BUY
2020-08-14,312.77069091796875,0.006784906699060178,0.0031765453167031943,0.00030240613524983885,-0.0028741391814533553,0.0028741391814533553,BUY
2020-08-17,313.76422119140625,0.006973105108612154,0.0021604007070614717,0.0002950577475352045,-0.0018653429595262671,0.0018653429595262671,BUY
2020-08-18,314.44207763671875,0.017548288085704522,-0.004163772057985682,-0.00011786043202791096,0.004045911625957771,0.004045911625957771,SELL
2020-08-19,313.1328125,-0.00062237475219451,0.0031138117187692327,0.0005916305561406324,-0.0025221811626286003,0.0025221811626286003,BUY
2020-08-20,314.1078491210937,0.00430499252285621,0.0035473733484145953,0.00039923676686435237,-0.003148136581550243,0.003148136581550243,BUY
2020-08-21,315.2221069335937,0.007837742112057011,0.010133022912330869,0.00026129716502625575,-0.009871725747304614,0.009871725747304614,BUY
2020-08-24,318.416259765625,0.014826542543806775,0.0034991830447472783,-1.1587262397758005e-05,-0.0035107703071450363,0.0035107703071450363,SELL
2020-08-25,319.53045654296875,0.016182245533082673,0.010026002891587282,-6.452198812048897e-05,-0.010090524879707772,0.010090524879707772,SELL
2020-08-26,322.73406982421875,0.03066193302312814,0.0021864051780791094,-0.0006298952976872127,-0.002816300475766322,0.002816300475766322,SELL
2020-08-27,323.439697265625,0.029709057480234113,0.006459232991321784,-0.0005926893566293306,-0.0070519223479511145,0.0070519223479511145,SELL
2020-08-28,325.52886962890625,0.03269682699470011,-0.0036225043194245687,-0.0007093496878538481,0.0029131546315707205,0.0029131546315707205,SELL
2020-08-31,324.3496398925781,0.01863403624965776,0.009418543285753644,-0.00016025451223387183,-0.009578797797987516,0.009578797797987516,SELL
2020-09-01,327.404541015625,0.024642672745023297,0.014463956947136092,-0.00039486749705855656,-0.014858824444194648,0.014858824444194648,SELL
2020-09-02,332.1401062011719,0.029144850997839367,-0.03441436065951542,-0.0005706593724566877,0.033843701287058735,0.033843701287058735,SELL
2020-09-03,320.709716796875,-0.008440461983576508,-0.008164703526952422,0.0008968952834026366,0.009061598810355058,0.009061598810355058,BUY
2020-09-04,318.0912170410156,-0.02284790469235287,-0.027322956942355536,0.0014594477260747457,0.02878240466843028,0.02878240466843028,BUY
2020-09-08,309.4000244140625,-0.04609105002696101,0.01974765298734904,0.002366998666770255,-0.017380654320578785,0.017380654320578785,BUY
2020-09-09,315.50994873046875,-0.0363299551321391,-0.01736371260021874,0.001985867338523406,0.019349579938742145,0.019349579938742145,BUY
2020-09-10,310.0315246582031,-0.06656402262236272,0.0005090995641057194,0.003166385551389735,0.0026572859872840155,0.0026572859872840155,BUY
2020-09-11,310.1893615722656,-0.03280335666060452,0.013171315050689802,0.00184816791298434,-0.011323147137705462,0.011323147137705462,BUY
2020-09-14,314.27496337890625,-0.011997356285437077,0.005052163677362831,0.0010357776387438303,-0.004016386038619001,0.004016386038619001,BUY
2020-09-15,315.8627319335937,0.02088787010204718,-0.0039683329484770935,-0.00024825762039590597,0.0037200753280811874,0.0037200753280811874,SELL
2020-09-16,314.6092834472656,-0.0028546335442897197,-0.008795515658615582,0.0006787912453450044,0.009474306903960587,0.009474306903960587,BUY
2020-09-17,311.8421325683594,0.005840076786231219,-0.011512517122226895,0.0003392979269519035,0.011851815049178798,0.011851815049178798,BUY
2020-09-18,308.2520446777344,-0.006245594254785214,-0.01112961019039771,0.0008111945641888386,0.011940804754586549,0.011940804754586549,BUY
2020-09-21,304.8213195800781,-0.03008080471058816,0.010184329098247513,0.0017418632563744305,-0.008442465841873083,0.008442465841873083,BUY
2020-09-22,307.9257202148437,-0.02512804112774747,-0.023191025667708254,0.001548477843860711,0.024739503511568964,0.024739503511568964,BUY
2020-09-23,300.7846069335937,-0.04394236674198204,0.0026655546660903084,0.002283101263537318,-0.00038245340255299055,0.00038245340255299055,BUY
2020-09-24,301.5863647460937,-0.03288769140269232,0.016167154841818743,0.0018514608440146827,-0.01431569399780406,0.01431569399780406,BUY
2020-09-25,306.462158203125,-0.005806568052064809,0.016608989786252693,0.0007940523643044012,-0.01581493742194829,0.01581493742194829,BUY
2020-09-28,311.5521850585937,0.02208134748510382,-0.005446009978311017,-0.0002948580914637831,0.005151151886847234,0.005151151886847234,SELL
2020-09-29,309.85546875,0.006266928705435548,0.007582132546676279,0.0003226310836639271,-0.007259501463012352,0.007259501463012352,BUY
2020-09-30,312.204833984375,0.037968123326545866,0.006419931012964675,-0.0009151725175862878,-0.0073351035305509625,0.0073351035305509625,SELL
2020-10-01,314.20916748046875,0.04185468645110069,-0.009494264086481685,-0.0010669271088425004,0.008427336977639185,0.008427336977639185,SELL
2020-10-02,311.2259826660156,0.01554457650113239,0.01773284110523643,-3.9623588120503276e-05,-0.017772464693356933,0.017772464693356933,SELL
2020-10-05,316.7449035644531,0.016667251121615045,-0.014216072939678637,-8.345949729915165e-05,0.014132613442379486,0.014132613442379486,SELL
2020-10-06,312.2420349121094,0.007702191514440848,0.017406654145262657,0.00026658986834189596,-0.01714006427692076,0.01714006427692076,BUY
2020-10-07,317.6771240234375,0.017527883758956753,0.008862743048657418,-0.00011706372548636449,-0.008979806774143782,0.008979806774143782,SELL
2020-10-08,320.4926147460937,0.019997657344022368,0.008930382325030406,-0.0002134984079771974,-0.009143880733007603,0.009143880733007603,SELL
2020-10-09,323.354736328125,0.03897089040642543,0.016087204530748744,-0.0009543265216396092,-0.017041531052388353,0.017041531052388353,SELL
2020-10-12,328.5566101074219,0.03729091268729823,-0.006526106888975924,-0.0008887301775393458,0.005637376711436578,0.005637376711436578,SELL
2020-10-13,326.41241455078125,0.045382677712373365,-0.006283165801567403,-0.001204680917195028,0.005078484884372375,0.005078484884372375,SELL
2020-10-14,324.36151123046875,0.021041449640352816,-0.0012359015862556388,-0.00025425428102226837,0.0009816473052333705,0.0009816473052333705,SELL
2020-10-15,323.96063232421875,0.010820897014655273,-0.0006041142317556591,0.0001448170157556529,0.000748931247511312,0.000748931247511312,BUY
2020-10-16,323.7649230957031,0.0012685348983472178,-0.015203510109076834,0.000517798172123132,0.015721308281199966,0.015721308281199966,BUY
2020-10-19,318.8425598144531,-0.02956583430110482,0.004005615327120848,0.0017217557419727083,-0.00228385958514814,0.00228385958514814,BUY
2020-10-20,320.1197204589844,-0.019278354043172907,-0.0018929075359093162,0.0013200711914927422,0.0032129787274020583,0.0032129787274020583,BUY
2020-10-21,319.5137634277344,-0.014945508745302094,0.005485190920537564,0.0011508910840089346,-0.004334299836528629,0.004334299836528629,BUY
2020-10-22,321.266357421875,-0.008316673797720386,0.0033952817334355068,0.0008920618547550329,-0.002503219878680474,0.002503219878680474,BUY
2020-10-23,322.3571472167969,-0.004348142057656212,-0.018480073698766808,0.0007371067201540149,0.019217180418920822,0.019217180418920822,BUY
2020-10-26,316.39996337890625,-0.007660823062543232,-0.003447406458886082,0.000866453532684284,0.004313859991570366,0.004313859991570366,BUY
2020-10-27,315.3092041015625,-0.015027241528652535,-0.034178980129019876,0.0011540824190605168,0.03533306254808039,0.03533306254808039,BUY
2020-10-28,304.5322570800781,-0.046888453839781685,0.010163632050905758,0.00239813406475626,-0.007765497986149498,0.007765497986149498,BUY
2020-10-29,307.6274108886719,-0.04245370303524487,-0.010424851951844838,0.00222497495885785,0.012649826910702688,0.012649826910702688,BUY
2020-10-30,304.4204406738281,-0.0556423417251104,0.011208442014830844,0.002739938027632313,-0.00846850398719853,0.00846850398719853,BUY
2020-11-02,307.83251953125,-0.027077891401005805,0.01765579570491127,0.0016246116211200284,-0.01603118408379124,0.01603118408379124,BUY
2020-11-03,313.2675476074219,-0.006475093234141638,0.022349403335615747,0.000820155572331461,-0.021529247763284288,0.021529247763284288,BUY
2020-11-04,320.2688903808594,0.05167476658028791,0.019502655230023258,-0.0014503615722358516,-0.02095301680225911,0.02095301680225911,SELL
2020-11-05,326.5149841308594,0.06139756268020857,-0.0002284273756564259,-0.001829997487239796,-0.00160157011158337,0.00160157011158337,SELL
2020-11-06,326.4403991699219,0.07233403396747295,0.012565441306319869,-0.0022570225159852676,-0.014822463822305136,0.014822463822305136,SELL
2020-11-09,330.5422668457031,0.0737730612380858,-0.001466318302970615,-0.0023132107183275134,-0.0008468924153568983,0.0008468924153568983,SELL
2020-11-10,330.0575866699219,0.053596483870524736,0.007428901594930926,-0.001525396870144023,-0.008954298465074948,0.008954298465074948,SELL
2020-11-11,332.5095520019531,0.03821995201137818,-0.009701098775633188,-0.0009250054105327246,0.008776093365100462,0.008776093365100462,SELL
2020-11-12,329.2838439941406,0.008480039195296385,0.013844520278224914,0.00023621805831723673,-0.013608302219907678,0.013608302219907678,BUY
2020-11-13,333.8426208496094,0.022675568644414,0.012482271578168946,-0.0003180600275335179,-0.012800331605702464,0.012800331605702464,SELL
2020-11-16,338.0097351074219,0.022591568494338965,-0.005378161943093929,-0.0003147801609697764,0.005063381782124152,0.005063381782124152,SELL
2020-11-17,336.1918640136719,0.018585475963879716,-0.012034673963709386,-0.00015835842922084316,0.011876315534488542,0.011876315534488542,SELL
2020-11-18,332.1459045410156,-0.0010936451562010285,0.004210218952885425,0.0006100317618432546,-0.0036001871910421703,0.0036001871910421703,BUY
2020-11-19,333.5443115234375,0.01293858659331204,-0.00684811310224176,6.212979156360802e-05,0.006910242893805368,0.006910242893805368,BUY
2020-11-20,331.2601623535156,-0.007735556621025652,0.005994435791281116,0.0008693715762763128,-0.005125064215004803,0.005125064215004803,BUY
2020-11-23,333.2458801269531,-0.014093839572267841,0.01611402991684563,0.0011176368428973526,-0.014996393073948277,0.014996393073948277,BUY
2020-11-24,338.6158142089844,0.0072100203924445605,-0.001542120176863948,0.0002858071626590218,0.0018279273395229699,0.0018279273395229699,BUY
2020-11-25,338.0936279296875,0.01790695988526747,0.002784995864117734,-0.000131865117039695,-0.002916860981157429,0.002916860981157429,SELL
2020-11-27,339.03521728515625,0.016462297727817488,-0.004427019527240894,-7.545689512711447e-05,0.0043515626321137795,0.0043515626321137795,SELL
2020-11-30,337.5343017578125,0.018940217138459392,0.01093756385436806,-0.00017220963920376445,-0.011109773493571824,0.011109773493571824,SELL
2020-12-01,341.2261047363281,0.02394695654252299,0.0021036021134219762,-0.0003677025895149921,-0.0024713047029369683,0.0024713047029369683,SELL
2020-12-02,341.94390869140625,0.009828526438425245,-0.00027256132138875344,0.00018356507833542382,0.00045612639972417726,0.00045612639972417726,BUY
2020-12-03,341.8507080078125,0.011112543294978572,0.008617571303948246,0.0001334294065380806,-0.008484141897410166,0.008484141897410166,BUY
2020-12-04,344.796630859375,0.016993554888939277,-0.002054911643313284,-9.620034139423456e-05,0.00195871130191905,0.00195871130191905,SELL
2020-12-07,344.0881042480469,0.01941670063191636,0.002926276614115153,-0.0001908143949925122,-0.0031170910091076654,0.0031170910091076654,SELL
2020-12-08,345.0950012207031,0.011338219528557403,-0.008968725263800659,0.00012461766117708898,0.009093342924977748,0.009093342924977748,BUY
2020-12-09,341.9999389648437,0.00016385808319219208,-0.00032739477813792384,0.000560931339701175,0.0008883261178390989,0.0008883261178390989,BUY
2020-12-10,341.8879699707031,0.00010900068953434427,-0.0011724553768481805,0.0005630732993413858,0.0017355286761895662,0.0017355286761895662,BUY
2020-12-11,341.48712158203125,-0.009598438561000733,-0.004477182446592232,0.0009421095914068094,0.005419292037999041,0.005419292037999041,BUY
2020-12-14,339.9582214355469,-0.012002399273654762,0.01351942247183091,0.001035974547063896,-0.012483447924767015,0.012483447924767015,BUY
2020-12-15,344.55426025390625,-0.0015669336411252566,0.001569392775461198,0.0006285117654542021,-0.000940881010006996,0.000940881010006996,BUY
2020-12-16,345.0950012207031,0.009049891252107978,0.00559193418719528,0.00021396763726744077,-0.005377966549927839,0.005377966549927839,BUY
2020-12-17,347.0247497558594,0.015024745636988746,-0.00399312057971879,-1.9326292596834522e-05,0.003973794287121955,0.003973794287121955,SELL
2020-12-18,345.6390380859375,0.012158339924127626,-0.0035753450056951186,9.259527239242248e-05,0.003667940278087541,0.003667940278087541,BUY
2020-12-21,344.4032592773437,0.013075247373123267,-0.001685451103841329,5.6793740117541875e-05,0.0017422448439588707,0.0017422448439588707,BUY
2020-12-22,343.8227844238281,-0.0021229626635267396,0.0008987798659463309,0.000650222452844824,-0.00024855741310150683,0.00024855741310150683,BUY
2020-12-23,344.1318054199219,-0.002791103311766685,0.0038903877271967424,0.0006763106463787777,-0.003214077080817965,0.003214077080817965,BUY
2020-12-24,345.4706115722656,-0.004478464964493556,0.00859078859624951,0.0007421953032606351,-0.007848593292988875,0.007848593292988875,BUY
2020-12-28,348.4384765625,0.00809931219594029,-0.0019079262670227415,0.0002510839097947183,0.00215901017681746,0.00215901017681746,BUY
2020-12-29,347.773681640625,0.009786267326137965,0.0014268354579667353,0.00018521512597558432,-0.0012416203319911509,0.0012416203319911509,BUY
2020-12-30,348.2698974609375,0.012934317440776333,0.005080831692094057,6.229648472599967e-05,-0.005018535207368057,0.005018535207368057,BUY
2020-12-31,350.0393981933594,0.017166657310935918,-0.013614015791156286,-0.00010295929177113591,0.01351105649938515,0.01351105649938515,SELL
2021-01-04,345.2739562988281,-0.0005692387915212649,0.00688734611126085,0.000589555811505191,-0.006297790299755659,0.006297790299755659,BUY
2021-01-05,347.6519775390625,-0.0022572106019882465,0.0059786549343128215,0.0006554642925822267,-0.005323190641730595,0.005323190641730595,BUY
2021-01-06,349.73046875,0.00562661067434389,0.014857458589762285,0.0003476329163804426,-0.014509825673381842,0.014509825673381842,BUY
2021-01-07,354.92657470703125,0.01911355903747136,0.005697649763538815,-0.00017897794019080952,-0.005876627703729624,0.005876627703729624,SELL
2021-01-08,356.9488220214844,0.019738988993199813,-0.006740820479700815,-0.00020339845370088755,0.006537422025999928,0.006537422025999928,SELL
2021-01-11,354.5426940917969,0.026844589995507206,0.0002111441594709884,-0.0004808434716197477,-0.0006919876310907361,0.0006919876310907361,SELL
2021-01-12,354.6175537109375,0.020036060836421843,0.0026931763456932156,-0.0002149979092345096,-0.002908174254927725,0.002908174254927725,SELL
2021-01-13,355.5726013183594,0.01670467142665677,-0.00350206751925064,-8.492060906147253e-05,0.0034171469101891673,0.0034171469101891673,SELL
2021-01-14,354.3273620605469,-0.0016882721362270203,-0.0072926470029668344,0.0006332495435727349,0.007925896546539569,0.007925896546539569,BUY
2021-01-15,351.7433776855469,-0.01458316715112784,0.007852036543351426,0.001136743108340757,-0.006715293435010669,0.006715293435010669,BUY
2021-01-19,354.5052795410156,-0.00010552904179028655,0.013838504070398994,0.0005714498188127384,-0.013267054251586256,0.013267054251586256,BUY
2021-01-20,359.4111022949219,0.01351751636043308,0.0009119328450615249,3.9524922593270426e-05,-0.0008724079224682545,0.0008724079224682545,BUY
2021-01-21,359.7388610839844,0.011717043861584786,-0.003539724512961251,0.00010982610113441946,0.0036495506140956703,0.0036495506140956703,BUY
2021-01-22,358.4654846191406,0.011678811747783291,0.0039442553194024565,0.00011131891074971973,-0.003832936408652737,0.003832936408652737,BUY
2021-01-25,359.8793640136719,0.02313046056946222,-0.0015611581809394925,-0.0003358217197894106,0.001225336461150082,0.001225336461150082,SELL
2021-01-26,359.3175354003906,0.01357456753706332,-0.024440473965054,3.729730458920156e-05,0.024477771269643202,0.024477771269643202,BUY
2021-01-27,350.53564453125,-0.024694445182689262,0.008600380695280796,0.0015315476736038735,-0.0070688330216769225,0.0070688330216769225,BUY
2021-01-28,353.5503845214844,-0.01720269126291374,-0.020019785692687808,0.0012390249440218373,0.021258810636709646,0.021258810636709646,BUY
2021-01-29,346.4723815917969,-0.033456786055946486,0.0166454289083251,0.0018736816915148951,-0.014771747216810203,0.014771747216810203,BUY
2021-02-01,352.23956298828125,-0.021228783279444663,0.014140475643002137,0.0013962275749191638,-0.012744248068082973,0.012744248068082973,BUY
2021-02-02,357.22039794921875,-0.005836446164073306,0.0007860475995775662,0.0007952189838934953,9.171384315929108e-06,9.171384315929108e-06,BUY
2021-02-03,357.5011901855469,0.019871147950193402,0.011365732621321456,-0.00020855872714986361,-0.01157429134847132,0.01157429134847132,SELL
2021-02-04,361.564453125,0.022667401746323534,0.003935939196525462,-0.000317741143151139,-0.004253680339676601,0.004253680339676601,SELL
2021-02-05,362.987548828125,0.04766661966085883,0.007221900501547918,-0.0012938596248958146,-0.008515760126443733,0.008515760126443733,SELL
2021-02-08,365.6090087890625,0.037955548455032684,-0.0006657609557576549,-0.0009146815196466103,-0.0002489205638889554,0.0002489205638889554,SELL
2021-02-09,365.3656005859375,0.022801616826698234,-0.0004357558697994923,-0.00032298169991297346,0.00011277416988651886,0.00011277416988651886,SELL
2021-02-10,365.2063903808594,0.021552935785509986,0.0016150970123629538,-0.00027422574897583037,-0.0018893227613387843,0.0018893227613387843,SELL
2021-02-11,365.7962341308594,0.01170408476077811,0.00493984396163305,0.00011033210167601373,-0.004829511859957037,0.004829511859957037,BUY
2021-02-12,367.6032104492188,0.012715757430234342,-0.0008659577728740153,7.083037032152878e-05,0.0009367881431955441,0.0009367881431955441,BUY
2021-02-16,367.2848815917969,0.004583784213318731,0.0002294936573918882,0.00038835107745808183,0.00015885742006619362,0.00015885742006619362,BUY
2021-02-17,367.3691711425781,0.005483741636945316,-0.004256122282584096,0.00035321137520865796,0.0046093336577927545,0.0046093336577927545,BUY
2021-02-18,365.80560302734375,0.0016407507159430512,-0.0017657877660924859,0.0005032646479146907,0.0022690524140071763,0.0022690524140071763,BUY
2021-02-19,365.15966796875,-0.0017402206548732257,-0.007691997828432773,0.0006352779233933827,0.008327275751826155,0.008327275751826155,BUY
2021-02-22,362.3508605957031,-0.01428809570813383,0.0012145520874908833,0.001125221760355944,-8.933032713493924e-05,8.933032713493924e-05,BUY
2021-02-23,362.79095458984375,-0.012235534940824744,0.011019324299748057,0.0010450775531761862,-0.009974246746571871,0.009974246746571871,BUY
2021-02-24,366.7886657714844,-0.0015801689872023683,-0.02409573696695666,0.0006290285522577862,0.024724765519214445,0.024724765519214445,BUY
2021-02-25,357.9506225585937,-0.021473100476711138,-0.005152725740592223,0.0014057671746168488,0.0065584929152090726,0.0065584929152090726,BUY
2021-02-26,356.106201171875,-0.024793172935105745,0.02424035606477659,0.0015354025935507415,-0.02270495347122585,0.02270495347122585,BUY
2021-03-01,364.73834228515625,0.006588867170145951,-0.007803211346693595,0.00031006068700341333,0.008113272033697008,0.008113272033697008,BUY
2021-03-02,361.8922119140625,-0.0024773017750603366,-0.013245790945959013,0.0006640579638898247,0.013909848909848838,0.013909848909848838,BUY
2021-03-03,357.0986633300781,-0.026418489298257852,-0.01237500543737935,0.0015988646324904625,0.013973870069869812,0.013973870069869812,BUY
2021-03-04,352.6795654296875,-0.014725654312958691,0.018396753925288056,0.0011423066564705394,-0.017254447268817516,0.017254447268817516,BUY
2021-03-05,359.167724609375,0.008597220232124947,-0.004978839697624471,0.00023164261215130458,0.005210482309775775,0.005210482309775775,BUY
2021-03-08,357.3794860839844,-0.020175713238885784,0.014277649560727523,0.0013551094434369995,-0.012922540117290524,0.012922540117290524,BUY
2021-03-09,362.4820251464844,0.0016298036072739386,0.006224631794528479,0.0005036920882902304,-0.005720939706238249,0.005720939706238249,BUY
2021-03-10,364.73834228515625,0.021393748393889966,0.01013910436182286,-0.0002680101243290016,-0.01040711448615186,0.01040711448615186,SELL
2021-03-11,368.43646240234375,0.044677657900192846,0.0013469808396076033,-0.001177152741272955,-0.0025241335808805585,0.0025241335808805585,SELL
2021-03-12,368.9327392578125,0.02718789573605962,0.00596326237957423,-0.0004942481740943564,-0.006457510553668586,0.006457510553668586,SELL
2021-03-15,371.1327819824219,0.03848373069517885,-0.0012613804847335652,-0.0009353049026699734,0.0003260755820635919,0.0003260755820635919,SELL
2021-03-16,370.6646423339844,0.02257385641175813,0.0034100286523750523,-0.000314088575688331,-0.003724117228063383,0.003724117228063383,SELL
2021-03-17,371.9286193847656,0.019713521354955077,-0.014549832256493311,-0.00020240404529731028,0.014347428211196,0.014347428211196,SELL
2021-03-18,366.5171203613281,-0.005209424790643125,-0.0018500365486088244,0.0007707363319502812,0.0026207728805591056,0.0026207728805591056,BUY
2021-03-19,365.8390502929688,-0.008385509432064286,0.00798485862393239,0.0008947496082325779,-0.007090109015699811,0.007090109015699811,BUY
2021-03-22,368.7602233886719,-0.006392748657439773,-0.00787071001987416,0.0008169403492206853,0.008687650369094847,0.008687650369094847,BUY
2021-03-23,365.8578186035156,-0.012968120455734256,-0.005083651911355513,0.0010736820584453625,0.006157333969800876,0.006157333969800876,BUY
2021-03-24,363.9979248046875,-0.0213231630122922,0.0056256625454287335,0.001399912722264555,-0.004225749823164178,0.004225749823164178,BUY
2021-03-25,366.045654296875,-0.0012863411782465528,0.01611485650523603,0.0006175557631588299,-0.0154973007420772,0.0154973007420772,BUY
2021-03-26,371.9444274902344,0.01668869737218137,-0.0005050921510106887,-8.429688675723338e-05,0.00042079526425345534,0.00042079526425345534,SELL
2021-03-29,371.7565612792969,0.008125436803054775,-0.00265299174935818,0.00025006384941043155,0.002903055598768612,0.002903055598768612,BUY
2021-03-30,370.7702941894531,0.013427280588640844,0.004053286248433263,4.304826499790151e-05,-0.004010237983435362,0.004010237983435362,BUY
2021-03-31,372.2731323242188,0.02273421620184113,0.01079906737190317,-0.00032034997775954135,-0.011119417349662711,0.011119417349662711,SELL
2021-04-01,376.2933349609375,0.027995635363427418,0.014353166731276623,-0.000525787143889601,-0.014878953875166225,0.014878953875166225,SELL
2021-04-05,381.6943359375,0.026213347281622168,-0.0005904523416612184,-0.00045619599338277486,0.00013425634827844354,0.00013425634827844354,SELL
2021-04-06,381.4689636230469,0.026125705247346476,0.0011572823145646893,-0.00045277392595143885,-0.0016100562405161282,0.0016100562405161282,SELL
2021-04-07,381.9104309082031,0.03004592572094711,0.004746756167534727,-0.000605842700737811,-0.005352598868272538,0.005352598868272538,SELL
2021-04-08,383.7232666015625,0.030757347987637074,0.007270091787364263,-0.0006336208666474334,-0.007903712654011697,0.007903712654011697,SELL
2021-04-09,386.5129699707031,0.02715869259503756,0.00036469848183884324,-0.0004931079093959134,-0.0008578063912347566,0.0008578063912347566,SELL
2021-04-12,386.6539306640625,0.012993629351038205,0.0029636438430811207,5.9980594205259275e-05,-0.0029036632488758617,0.0029036632488758617,BUY
2021-04-13,387.7998352050781,0.016596033192066484,-0.0034151686907457623,-8.067872481652444e-05,0.003334489965929238,0.003334489965929238,SELL
2021-04-14,386.4754333496094,0.011953070856301151,0.010742317589815586,0.00010061020036020597,-0.010641707389455381,0.010641707389455381,BUY
2021-04-15,390.6270751953125,0.01799163406194637,0.0033425603676480176,-0.0001351713016197627,-0.0034777316692677805,0.0034777316692677805,SELL
2021-04-16,391.9327697753906,0.014022297376200088,-0.004912927057562633,1.981526285877355e-05,0.004932742320421406,0.004932742320421406,BUY
2021-04-19,390.0072326660156,0.008672618421837752,-0.007321657211479038,0.00022869861739433384,0.007550355828873372,0.007550355828873372,BUY
2021-04-20,387.1517333984375,-0.0016712276484024402,0.009462101617917273,0.0006325840251699463,-0.008829517592747327,0.008829517592747327,BUY
2021-04-21,390.8150024414063,0.011228576818416602,-0.009132979536672359,0.00012889876613496776,0.009261878302807327,0.009261878302807327,BUY
2021-04-22,387.2456970214844,-0.008656282138501115,0.010842470254585956,0.0009053221887032389,-0.009937148065882717,0.009937148065882717,BUY
2021-04-23,391.44439697265625,-0.0012460626933906704,0.0020874181891890053,0.0006159830510196377,-0.0014714351381693675,0.0014714351381693675,BUY
2021-04-26,392.2615051269531,0.00578007860399854,-0.00021550340857146022,0.00034164061362108725,0.0005571440221925475,0.0005571440221925475,BUY
2021-04-27,392.1769714355469,0.012980022052329732,-0.0002872960592894547,6.051190425669249e-05,0.00034780796354614717,0.00034780796354614717,BUY
2021-04-28,392.0643005371094,0.003196648255309409,0.006372535321611528,0.0004425131336445773,-0.00593002218796695,0.00593002218796695,BUY
2021-04-29,394.562744140625,0.018895102451544243,-0.0065702521271507885,-0.00017044809290873433,0.006399804034242054,0.006399804034242054,SELL
2021-04-30,391.9703674316406,0.001343665825982221,0.002156712603506028,0.000514864612870764,-0.001641847990635264,0.001641847990635264,BUY
2021-05-03,392.8157348632813,0.0014129088097716291,-0.006169384730293159,0.0005121609540427537,0.006681545684335913,0.006681545684335913,BUY
2021-05-04,390.3923034667969,-0.004550669974877186,0.0003126862681870346,0.0007450146172628163,0.0004323283490757817,0.0004323283490757817,BUY
2021-05-05,390.5143737792969,-0.003953246331505289,0.007985699074933406,0.0007216876371260703,-0.007264011437807335,0.007264011437807335,BUY
2021-05-06,393.6329040527344,-0.0023566342785755756,0.007278020039906741,0.0006593463855569621,-0.006618673654349779,0.006618673654349779,BUY
2021-05-07,396.4977722167969,0.011550375133767776,-0.009902374758118948,0.00011633384174083517,0.010018708599859783,0.010018708599859783,BUY
2021-05-10,392.5715026855469,-0.0006217474404873746,-0.00892490179599581,0.0005916060621523308,0.00951650785814814,0.00951650785814814,BUY
2021-05-11,389.0678405761719,-0.003392646009830025,-0.021245002049184336,0.0006997984589633779,0.021944800508147715,0.021944800508147715,BUY
2021-05-12,380.8020935058594,-0.024870480897910552,0.012012303453011297,0.0015384211572329247,-0.010473882295778373,0.010473882295778373,BUY
2021-05-13,385.37640380859375,-0.02097512722928907,0.015355383673157252,0.0013863233307380182,-0.013969060342419234,0.013969060342419234,BUY
2021-05-14,391.29400634765625,-0.01312432561738408,-0.002544470322000114,0.0010797812390577952,0.0036242515610579095,0.0036242515610579095,BUY
2021-05-17,390.2983703613281,-0.005790365089336502,-0.00861571984761944,0.000793419704057501,0.009409139551676942,0.009409139551676942,BUY
2021-05-18,386.9356689453125,-0.005480205271404137,-0.002621635528303745,0.0007813092159768993,0.0034029447442806447,0.0034029447442806447,BUY
2021-05-19,385.9212646484375,0.013443127624242823,0.01075774316163991,4.2429502267609634e-05,-0.0107153136593723,0.0107153136593723,BUY
2021-05-20,390.0729064941406,0.012186793584486155,-0.0008186570566258711,9.148427188655875e-05,0.0009101413285124299,0.0009101413285124299,BUY
2021-05-21,389.7535705566406,-0.003936773285627582,0.010194304559899114,0.0007210444312231165,-0.009473260128675998,0.009473260128675998,BUY
2021-05-24,393.7268371582031,0.00878422011780633,-0.0022186324979900363,0.00022434102195269246,0.002442973519942729,0.002442973519942729,BUY
2021-05-25,392.8533020019531,0.015293583744219186,0.0019844609853307826,-2.9823334782794696e-05,-0.0020142843201135774,0.0020142843201135774,SELL
2021-05-26,393.6329040527344,0.019982416390871727,0.0005250197250654676,-0.00021290331031851835,-0.0007379230353839859,0.0007379230353839859,SELL
2021-05-27,393.8395690917969,0.009656304077896305,0.0017886401244135985,0.0001902896658667901,-0.0015983504585468085,0.0015983504585468085,BUY
2021-05-28,394.54400634765625,0.01229093497251088,-0.0008808502324103573,8.74179713361574e-05,0.0009682682037465147,0.0009682682037465147,BUY
2021-06-01,394.1964721679688,0.0011927940019413885,0.0015728847885310149,0.000520755548192191,-0.0010521292403388239,0.0010521292403388239,BUY
2021-06-02,394.8164978027344,0.004997274531681306,-0.0037116574209534736,0.0003722059507122757,0.0040838633716657495,0.0040838633716657495,BUY
2021-06-03,393.35107421875,-0.0007159712287330144,0.009145783240212424,0.0005952851204909154,-0.008550498119721509,0.008550498119721509,BUY
2021-06-04,396.9485778808594,0.007894099610742389,-0.0009700772902045962,0.0002590966323440028,0.001229173922548599,0.001229173922548599,BUY
2021-06-07,396.5635070800781,0.005118569031415943,0.0002132425386467407,0.0003674698904351214,0.0001542273517883807,0.0001542273517883807,BUY
2021-06-08,396.6480712890625,0.00621923151064907,-0.001491994838337951,0.00032449346645996595,0.0018164883047979172,0.0018164883047979172,BUY
2021-06-09,396.0562744140625,0.003140133753852359,0.004648569129290792,0.0004447197966508923,-0.004203849332639899,0.004203849332639899,BUY
2021-06-10,397.8973693847656,0.011557856235794528,0.0016522858307996824,0.00011604173492465016,-0.0015362440958750323,0.0015362440958750323,BUY
2021-06-11,398.5548095703125,0.004046447774238349,0.0022391538520674104,0.00040933189497382777,-0.0018298219570935825,0.0018298219570935825,BUY
2021-06-14,399.4472351074219,0.0072717937375952335,-0.0018342761416436648,0.00028339516304819775,0.0021176713046918627,0.0021176713046918627,BUY
2021-06-15,398.7145385742188,0.005209825623103459,-0.005583280865219642,0.0003639066891369152,0.005947187554356557,0.005947187554356557,BUY
2021-06-16,396.4884033203125,0.0010910795615832747,-0.00033181620999545025,0.000524727086239233,0.0008565432962346832,0.0008565432962346832,BUY
2021-06-17,396.3568420410156,-0.003871670089530821,-0.013490407667306137,0.0007185024143829118,0.014208910081689048,0.014208910081689048,BUY
2021-06-18,391.00982666015625,-0.018930853997949693,0.01431613074931648,0.001306502718362538,-0.013009628030953943,0.013009628030953943,BUY
2021-06-21,396.6075744628906,-0.007108975591651245,0.005346091273824571,0.0008449061179898218,-0.004501185155834749,0.004501185155834749,BUY
2021-06-22,398.7278747558594,3.344794420656605e-05,-0.0012053868523359546,0.0005660233288708341,0.0017714101812067887,0.0017714101812067887,BUY
2021-06-23,398.2472534179688,0.004436069461116965,0.005915814888941329,0.00039411874187636123,-0.005521696147064967,0.005521696147064967,BUY
2021-06-24,400.6032104492188,0.010713498438267743,0.0035520774564359314,0.00014901049635505925,-0.003403066960080872,0.003403066960080872,BUY
2021-06-25,402.0261840820313,0.028174119090489835,0.002015774890284261,-0.0005327562124929433,-0.002548531102777204,0.002548531102777204,SELL
2021-06-28,402.8365783691406,0.01570571090248518,0.0005380999865987057,-4.5915235632958996e-05,-0.0005840152222316647,0.0005840152222316647,SELL
2021-06-29,403.0533447265625,0.010848175521592562,0.0008418859578056548,0.00014375190024416297,-0.0006981340575614918,0.0006981340575614918,BUY
2021-06-30,403.3926696777344,0.012920155043393056,0.005536385686254475,6.284946913850769e-05,-0.005473536217115967,0.005473536217115967,BUY
2021-07-01,405.6260070800781,0.01253808381921595,0.007643651573296273,7.776780716560417e-05,-0.007565883766130668,0.007565883766130668,BUY
2021-07-02,408.7264709472656,0.01666629471046388,-0.0018215283052551712,-8.342215330687196e-05,0.001738106151948299,0.001738106151948299,SELL
2021-07-06,407.9819641113281,0.01277288612423999,0.003534061853038839,6.859972557706157e-05,-0.0034654621274617776,0.0034654621274617776,BUY
2021-07-07,409.4237976074219,0.015805483229970996,-0.008147883731953187,-4.981094201699594e-05,0.00809807278993619,0.00809807278993619,SELL
2021-07-08,406.0878601074219,0.006681307401645853,0.010674783287530465,0.00030645126935153767,-0.010368332018178928,0.010368332018178928,BUY
2021-07-09,410.4227600097656,0.011825555674344512,0.003581824399369049,0.0001055891531513067,-0.003476235246217742,0.003476235246217742,BUY
2021-07-12,411.892822265625,0.007746871180183135,-0.003409078111543229,0.0002648453078665115,0.0036739234194097404,0.0036739234194097404,BUY
2021-07-13,410.4886474609375,0.006144103343071805,0.0014923917313440782,0.0003274269179432278,-0.0011649648134008505,0.0011649648134008505,BUY
2021-07-14,411.1012573242188,0.004097123143792958,-0.0034154937366779325,0.0004073532264826533,0.003822846963160586,0.003822846963160586,BUY
2021-07-15,409.6971435546875,0.00888793732053661,-0.007843601126141464,0.0002202912841246534,0.008063892410266118,0.008063892410266118,BUY
2021-07-16,406.483642578125,-0.009597707085120977,-0.014767948962045252,0.0009420810302283108,0.015710029992273562,0.015710029992273562,BUY
2021-07-19,400.480712890625,-0.027706502172646363,0.014330312265106171,0.0016491563326433982,-0.012681155932462773,0.012681155932462773,BUY
2021-07-20,406.2197265625,-0.01039960769887971,0.008096381581319756,0.0009733920101272933,-0.007122989571192463,0.007122989571192463,BUY
2021-07-21,409.5086364746094,-0.0038740354626388696,0.0020941547662420845,0.0007185947726484735,-0.001375559993593611,0.001375559993593611,BUY
2021-07-22,410.3662109375,0.0016330779780582283,0.010287813976178839,0.0005035642373370703,-0.009784249738841769,0.009784249738841769,BUY
2021-07-23,414.5879821777344,0.019937677069137516,0.0024549475426198786,-0.0002111564205176141,-0.002666103963137493,0.002666103963137493,SELL
2021-07-26,415.6057739257813,0.03776726456059598,-0.004557600394167638,-0.0009073297940925212,0.003650270600075117,0.003650270600075117,SELL
2021-07-27,413.7116088867188,0.018442930843404426,-0.0004099140028896997,-0.00015279261804010413,0.00025712138484959557,0.00025712138484959557,SELL
2021-07-28,413.5420227050781,0.00984933129906973,0.0041475336221938885,0.00018275273256306278,-0.003964780889630826,0.003964780889630826,BUY
2021-07-29,415.2572021484375,0.011918601192246747,-0.004856712075153258,0.00010195610151031637,0.004958668176663574,0.004958668176663574,BUY
2021-07-30,413.2404174804688,-0.0032503708626263617,-0.002097989064668737,0.0006942431891484093,0.0027922322538171465,0.0027922322538171465,BUY
2021-08-02,412.3734436035156,-0.007777395130325826,0.008135412046768264,0.0008710052010687428,-0.007264406845699522,0.007264406845699522,BUY
2021-08-03,415.728271484375,0.0048745612990723775,-0.004918817164203171,0.00037699740677756975,0.00529581457098074,0.00529581457098074,BUY
2021-08-04,413.6833801269531,0.00034182117926095934,0.006332670309792121,0.0005539825996351818,-0.0057786877101569396,0.0057786877101569396,BUY
2021-08-05,416.3031005859375,0.0025186762134137286,0.0016526138774408672,0.000468985203389438,-0.0011836286740514292,0.0011836286740514292,BUY
2021-08-06,416.9910888671875,0.009076245275296602,-0.0008136731039396494,0.0002129386191121253,0.0010266117230517747,0.0010266117230517747,BUY
2021-08-09,416.65179443359375,0.010374942655598351,0.0012439897146721002,0.00016222973216055143,-0.0010817599825115487,0.0010817599825115487,BUY
2021-08-10,417.1701049804688,0.0034682113173243323,0.0024850345615123892,0.00043190969298102685,-0.002053124868531362,0.002053124868531362,BUY
2021-08-11,418.206787109375,0.010934466308590185,0.0029969059676877574,0.00014038259356102475,-0.0028565233741267328,0.0028565233741267328,BUY
2021-08-12,419.4601135253906,0.0075834480574603624,0.0018198791127075342,0.0002712263207037722,-0.001548652792003762,0.001548652792003762,BUY
2021-08-13,420.2234802246094,0.007751703678376298,0.002354704103150418,0.000264656618331684,-0.002090047484818734,0.002090047484818734,BUY
2021-08-16,421.2129821777344,0.01094724132975644,-0.006555425842940554,0.0001398837805858472,0.0066953096235264015,0.0066953096235264015,BUY
2021-08-17,418.4517517089844,0.003072240108326074,-0.010945003900647232,0.00044737076927002756,0.011392374669917259,0.011392374669917259,BUY
2021-08-18,413.8717956542969,-0.010365664998029711,0.0015483251388408448,0.0009720666847617845,-0.0005762584540790602,0.0005762584540790602,BUY
2021-08-19,414.5126037597656,-0.011794946899821301,0.007957004874344697,0.0010278743698154346,-0.0069291305045292625,0.0069291305045292625,BUY
2021-08-20,417.8108825683594,-0.005741225252240745,0.008796765892958858,0.000791500991906462,-0.008005264901052396,0.008005264901052396,BUY
2021-08-23,421.48626708984375,0.0006488045802777176,0.0015872553862203986,0.0005419961378048272,-0.0010452592484155713,0.0010452592484155713,BUY
2021-08-24,422.1552734375,0.008850534651582143,0.0020984322915100773,0.00022175170726900325,-0.001876680584241074,0.001876680584241074,BUY
2021-08-25,423.0411376953125,0.022155029981010488,-0.005903026154844504,-0.0002977350953077216,0.005605291059536783,0.005605291059536783,SELL
2021-08-26,420.5439147949219,0.014550368264921953,0.008940752952947717,-8.037723412453873e-07,-0.008941556725288962,0.008941556725288962,SELL
2021-08-27,424.3038940429688,0.01554055134872434,0.004397641184758605,-3.946642217752183e-05,-0.004437107606936127,0.004437107606936127,SELL
2021-08-30,426.1698303222656,0.011112018583095518,-0.0014815893723137963,0.00013344989441767713,0.0016150392667314735,0.0016150392667314735,BUY
2021-08-31,425.5384216308594,0.008013990126929604,0.0005315531514067384,0.00025441539195335017,-0.00027713775945338825,0.00027713775945338825,BUY
2021-09-01,425.7646179199219,0.006437861432215808,0.003076524993271379,0.00031595685112130776,-0.0027605681421500714,0.0027605681421500714,BUY
2021-09-02,427.0744934082031,0.015528886243582729,-0.0002428118093431575,-3.9010946939890454e-05,0.00020380086240326704,0.00020380086240326704,SELL
2021-09-03,426.9707946777344,0.006285355077357613,-0.0035753752471503475,0.00032191160826889204,0.0038972868554192396,0.0038972868554192396,BUY
2021-09-07,425.4442138671875,-0.001702646230328897,-0.0012184243318751342,0.0006338107938870106,0.0018522351257621449,0.0018522351257621449,BUY
2021-09-08,424.92584228515625,-0.0014395394506456771,-0.0042800293307152515,0.0006235375368915671,0.004903566867606819,0.004903566867606819,BUY
2021-09-09,423.1071472167969,-0.006241642896744448,-0.007884596312491499,0.0008110402796178265,0.008695636592109325,0.008695636592109325,BUY
2021-09-10,419.7711181640625,-0.017100939898932244,0.002559058266558001,0.0012350519642564456,-0.0013240063023015553,0.0013240063023015553,BUY
2021-09-13,420.8453369140625,-0.014346315579488733,-0.00539641747146169,0.0011274950111683736,0.006523912482630063,0.006523912482630063,BUY
2021-09-14,418.57427978515625,-0.016147673086408187,0.008352677145158305,0.0011978307456999423,-0.0071548463994583625,0.0071548463994583625,BUY
2021-09-15,422.0704956054688,-0.006719635276433267,-0.0015852029217364727,0.0008297039513191756,0.0024149068730556483,0.0024149068730556483,BUY
2021-09-16,421.40142822265625,-0.0040314114411936774,-0.009741114193435596,0.0007247396689318362,0.010465853862367432,0.010465853862367432,BUY
2021-09-17,417.2965087890625,-0.005895139679507055,-0.016674160222062584,0.0007975107285940421,0.017471670950656625,0.017471670950656625,BUY
2021-09-20,410.3384399414063,-0.024966171776311552,-0.0009445952950959402,0.0015421574995161482,0.0024867527946120884,0.0024867527946120884,BUY
2021-09-21,409.9508361816406,-0.020601943358635966,0.009754885426622506,0.001371752007967888,-0.008383133418654619,0.008383133418654619,BUY
2021-09-22,413.9498596191406,-0.01923999917283714,0.012149826430524424,0.0013185735887306217,-0.010831252841793803,0.010831252841793803,BUY
2021-09-23,418.9792785644531,-0.005747843970104749,0.0016472295041929375,0.0007917594261044675,-0.0008554700780884699,0.0008554700780884699,BUY
2021-09-24,419.66943359375,0.005686423813066277,-0.0028608041113087346,0.0003452974549129007,0.0032061015662216354,0.0032061015662216354,BUY
2021-09-27,418.4688415527344,0.01981389219223284,-0.020151998335519505,-0.00020632312107119865,0.019945675214448306,0.019945675214448306,SELL
2021-09-28,410.0358581542969,0.00020739553417703505,0.0016831577423581656,0.0005592313780983903,-0.0011239263642597755,0.0011239263642597755,BUY
2021-09-29,410.72601318359375,-0.007788011906835757,-0.012222084351574125,0.0008714197433077569,0.013093504094881882,0.013093504094881882,BUY
2021-09-30,405.7060852050781,-0.03167983248444384,0.011883924819114489,0.0018042988320880232,-0.010079625987026466,0.010079625987026466,BUY
2021-10-01,410.5274658203125,-0.021783735105871838,-0.01289591771257026,0.001417896202158041,0.0143138139147283,0.0143138139147283,BUY
2021-10-04,405.23333740234375,-0.03162841013749107,0.010404869879444334,0.001802290997146671,-0.008602578882297663,0.008602578882297663,BUY
2021-10-05,409.4497375488281,-0.0014294374353186479,0.0041562664974466035,0.0006231430939975017,-0.003533123403449102,0.003533123403449102,BUY
2021-10-06,411.1515197753906,0.0010359864682023545,0.00864553891661557,0.0005268782490015822,-0.008118660667613986,0.008118660667613986,BUY
2021-10-07,414.7061462402344,0.02218369741880233,-0.0018236687060231294,-0.00029885444295885805,0.0015248142630642713,0.0015248142630642713,SELL
2021-10-08,413.9498596191406,0.008336576925467076,-0.007239734806985032,0.0002418196804756647,0.0074815544874606964,0.0074815544874606964,BUY
2021-10-11,410.9529724121094,0.014114423671137244,-0.0024616617111389294,1.6218103161608297e-05,0.0024778798143005377,0.0024778798143005377,BUY
2021-10-12,409.94134521484375,0.001200654490484343,0.003597718387863713,0.0005204486278649811,-0.003077269759998732,0.003077269759998732,BUY
2021-10-13,411.4161987304688,0.0006437503994214389,0.016820798846638008,0.00054219348315222,-0.016278605363485788,0.016278605363485788,BUY
2021-10-14,418.3365478515625,0.008754154343362686,0.00761559702282999,0.00022551496900186574,-0.0073900820538281235,0.0073900820538281235,BUY
2021-10-15,421.5224304199219,0.01829344937512123,0.0029605181471465958,-0.00014695597049503345,-0.0031074741176416293,0.0031074741176416293,SELL
2021-10-18,422.7703552246094,0.028756046569361038,0.007714963157979371,-0.0005554781299986504,-0.008270441287978022,0.008270441287978022,SELL
2021-10-19,426.0320129394531,0.03925114632235127,0.003927446113480837,-0.0009652693831358656,-0.004892715496616702,0.004892715496616702,SELL
2021-10-20,427.7052307128906,0.03959258782878705,0.0026083398233827104,-0.0009786012947983072,-0.0035869411181810177,0.0035869411181810177,SELL
2021-10-21,428.8208312988281,0.02506183956699326,-0.001036180859391056,-0.0004112342683414759,0.0006249465910495801,0.0006249465910495801,SELL
2021-10-22,428.3764953613281,0.016260261487338168,0.005362953631039558,-6.75681960090748e-05,-0.0054305218270486325,0.0054305218270486325,SELL
2021-10-25,430.6738586425781,0.018694554431967658,0.000899851980407762,-0.00016261750280566645,-0.0010624694832134284,0.0010624694832134284,SELL
2021-10-26,431.0614013671875,0.011805188988108117,-0.004430011426532543,0.00010638438998292297,0.004536395816515466,0.004536395816515466,BUY
2021-10-27,429.15179443359375,0.003382151109753817,0.009648819273688325,0.0004352699964689019,-0.009213549277219422,0.009213549277219422,BUY
2021-10-28,433.2926025390625,0.010428064389246483,0.0020289993077962087,0.00016015554303297437,-0.0018688437647632343,0.0018688437647632343,BUY
2021-10-29,434.1717529296875,0.013528420982741318,0.0017201871941541214,3.909914113851018e-05,-0.0016810880530156113,0.0016810880530156113,BUY
2021-11-01,434.9186096191406,0.00985606832497643,0.004043178034346617,0.00018248967891386445,-0.003860688355432753,0.003860688355432753,BUY
2021-11-02,436.6770629882813,0.01302752137696106,0.006105233938223931,5.865724749096733e-05,-0.006046576690732964,0.006046576690732964,BUY
2021-11-03,439.3430786132813,0.02374750452375074,0.004712360609191224,-0.0003599147938163242,-0.0050722754030075486,0.0050722754030075486,SELL
2021-11-04,441.4134216308594,0.018742113399143,0.0034698689560836993,-0.00016447448837182482,-0.003634343444455524,0.003634343444455524,SELL
2021-11-05,442.945068359375,0.020207015704009512,0.0008535647022576143,-0.00022167300628622634,-0.0010752377085438405,0.0010752377085438405,SELL
2021-11-08,443.3231506347656,0.019324399622689947,-0.003305198463007697,-0.00018721041340806412,0.003117988049599633,0.003117988049599633,SELL
2021-11-09,441.8578796386719,0.011864183144718154,-0.008044866152227104,0.00010408090645880379,0.008148947058685907,0.008148947058685907,BUY
2021-11-10,438.3031921386719,-0.002366912158697665,0.00032348536472426304,0.0006597476952609146,0.0003362623305366516,0.0003362623305366516,BUY
2021-11-11,438.4449768066406,-0.006724863084705102,0.007546827043846793,0.0008299080761158234,-0.00671691896773097,0.00671691896773097,BUY
2021-11-12,441.75384521484375,-0.0026893247710002566,0.0003424432778666997,0.000672336605469708,0.00032989332760300825,0.00032989332760300825,BUY
2021-11-15,441.9051208496094,-0.0031986368930335685,0.003957847142751714,0.0006922231866016823,-0.003265623956150031,0.003265623956150031,BUY
2021-11-16,443.6541137695313,0.004065185240847757,-0.0024292083360333283,0.00040860027258783773,0.002837808608621166,0.002837808608621166,BUY
2021-11-17,442.5763854980469,0.009749400497231608,0.0033964167031492742,0.00018665462673044154,-0.0032097620764188328,0.0032097620764188328,BUY
2021-11-18,444.0795593261719,0.012851287658875776,-0.001788463247234806,6.553846233207667e-05,0.0018540017095668828,0.0018540017095668828,BUY
2021-11-19,443.2853393554688,0.0034668495978347202,-0.0028150350547250236,0.00043196286262678563,0.0032469979173518093,0.0032469979173518093,BUY
2021-11-22,442.0374755859375,0.0002995093971158713,0.001325952295541999,0.0005556347038205436,-0.0007703175917214553,0.0007703175917214553,BUY
2021-11-23,442.6235961914063,-0.0023227950471802483,0.002669766524704631,0.0006580251002557204,-0.0020117414244489105,0.0020117414244489105,BUY
2021-11-24,443.8052978515625,0.002776723733537434,-0.022303008565448867,0.00045890949004423465,0.022761918055493102,0.022761918055493102,BUY
2021-11-26,433.9071044921875,-0.0229068296893008,0.012266543294865428,0.001461748509193412,-0.010804794785672017,0.010804794785672017,BUY
2021-11-29,439.2296447753906,-0.009149173726284543,-0.01945753385558502,0.000924567614299219,0.02038210146988424,0.02038210146988424,BUY
2021-11-30,430.6833190917969,-0.025685959044739914,-0.011107213105763236,0.0015702622849554132,0.012677475390718649,0.012677475390718649,BUY
2021-12-01,425.8996276855469,-0.03778372560740617,0.015316340876844858,0.00204263120345607,-0.013273709673388787,0.013273709673388787,BUY
2021-12-02,432.4228515625,-0.025647387140631972,-0.008701425696870602,0.0015687562079011405,0.010270181904771742,0.010270181904771742,BUY
2021-12-03,428.66015625,-0.012092330795846595,0.011843444439888051,0.0010394860097505682,-0.010803958430137484,0.010803958430137484,BUY
2021-12-06,433.7369689941406,-0.012505248328716023,0.020684679532584127,0.0010556087715364844,-0.019629070761047644,0.019629070761047644,BUY
2021-12-07,442.7086791992188,0.02792158315483495,0.002647952894522021,-0.0005228957042586399,-0.003170848598780661,0.003170848598780661,SELL
2021-12-08,443.8809509277344,0.04221962658174383,-0.006751624998427297,-0.0010811765468636781,0.005670448451563619,0.005670448451563619,SELL
2021-12-09,440.884033203125,0.019566916063875173,0.009413653653298937,-0.0001966797008544608,-0.009610333354153398,0.009610333354153398,SELL
2021-12-10,445.0343627929688,0.038198573635146005,-0.008858397439299837,-0.0009241706712932311,0.007934226768006605,0.007934226768006605,SELL
2021-12-13,441.0920715332031,0.016957518184625542,-0.006879966070983179,-9.479325365164745e-05,0.006785172817331531,0.006785172817331531,SELL
2021-12-14,438.057373046875,-0.010506471571230969,0.015624973875358661,0.0009775646126938807,-0.01464740926266478,0.01464740926266478,BUY
2021-12-15,444.9020080566406,0.0023002949929979977,-0.008818504502745794,0.0004775121079527128,0.009296016610698506,0.009296016610698506,BUY
2021-12-16,440.9786376953125,0.00021457908443678342,-0.010642915412801601,0.000558950889476824,0.011201866302278426,0.011201866302278426,BUY
2021-12-17,436.2853393554688,-0.019659208746471757,-0.010633456531589869,0.0013349420292933616,0.01196839856088323,0.01196839856088323,BUY
2021-12-20,431.6461181640625,-0.02141492440865511,0.01775903587199834,0.0014034956341463086,-0.01635554023785203,0.01635554023785203,BUY
2021-12-21,439.3117370605469,0.0028634696979239482,0.00999870305494821,0.00045552241052263046,-0.00954318064442558,0.00954318064442558,BUY
2021-12-22,443.7042846679688,-0.0026921060525295637,0.006222031841693676,0.0006724452032791663,-0.005549586638414509,0.005549586638414509,BUY
2021-12-23,446.4650268554688,0.01244139441499903,0.014152174409351348,8.154313784865496e-05,-0.014070631271502694,0.014070631271502694,BUY
2021-12-27,452.7834777832031,0.03781501907010498,-0.000817089442884944,-0.0009091944147969668,-9.210497191202284e-05,9.210497191202284e-05,SELL
2021-12-28,452.41351318359375,0.04811208567764269,0.0012792851059375554,-0.001311253273507481,-0.0025905383794450365,0.0025905383794450365,SELL
2021-12-29,452.9922790527344,0.031140852470103786,-0.002764818439883854,-0.000648595167621466,0.0021162232722623875,0.0021162232722623875,SELL
2021-12-30,451.7398376464844,0.018110154118815114,-0.002519960836638857,-0.0001397990311096418,0.0023801618055292154,0.0023801618055292154,SELL
2021-12-31,450.6014709472656,0.009264878194223947,0.005789855125957644,0.00020557326556147008,-0.0055842818603961735,0.0055842818603961735,BUY
2022-01-03,453.21038818359375,0.0009428577263479454,-0.000334998833059319,0.0005305145502017435,0.0008655133832610625,0.0008655133832610625,BUY
2022-01-04,453.0585632324219,0.0014257974840075072,-0.01920196677543562,0.0005116577033742792,0.019713624478809897,0.019713624478809897,BUY
2022-01-05,444.3589477539063,-0.019058451320365766,-0.0009394431085094634,0.0013114848784067947,0.002250927986916258,0.002250927986916258,BUY
2022-01-06,443.9414978027344,-0.01726290044371226,-0.003953578296667759,0.0012413758693327435,0.005194954166000502,0.005194954166000502,BUY
2022-01-07,442.1863403320313,-0.018675328772326916,-0.0012442750167328542,0.0012965254904294455,0.0025408005071622997,0.0025408005071622997,BUY
2022-01-10,441.6361389160156,-0.025538358275427386,0.00910822647469356,0.0015644990711085544,-0.007543727403585005,0.007543727403585005,BUY
2022-01-11,445.6586608886719,-0.016333213726177354,0.0027034905637701723,0.0012050753582399255,-0.0014984152055302468,0.0014984152055302468,BUY
2022-01-12,446.8634948730469,0.005636315262245173,-0.013778627249677156,0.00034725399142204825,0.014125881241099203,0.014125881241099203,BUY
2022-01-13,440.7063293457031,-0.007287375640807503,0.0004091111008779347,0.0008518719193089234,0.0004427608184309887,0.0004427608184309887,BUY
2022-01-14,440.8866271972656,-0.002939288295947251,-0.017709661394120335,0.0006820966714564499,0.018391758065576785,0.018391758065576785,BUY
2022-01-18,433.0786743164063,-0.019376730854982593,-0.010383604622664966,0.0013239124086264478,0.011707517031291415,0.011707517031291415,BUY
2022-01-19,428.5817565917969,-0.0383183494354683,-0.011068041786793992,0.002063506104468438,0.013131547891262429,0.013131547891262429,BUY
2022-01-20,423.8381958007813,-0.05152647136416233,-0.019630581934617197,0.0025792299150216936,0.02220981184963889,0.02220981184963889,BUY
2022-01-21,415.51800537109375,-0.05715444117175572,0.004246717060474525,0.002798979403292637,-0.001447737657181888,0.001447737657181888,BUY
2022-01-24,417.2825927734375,-0.05353765110518305,-0.012208930022095221,0.0026577583602727496,0.01486668838236797,0.01486668838236797,BUY
2022-01-25,412.1880187988281,-0.04823755302787203,-0.002508851798645906,0.002450810938717027,0.004959662737362933,0.004959662737362933,BUY
2022-01-26,411.1539001464844,-0.04066401842183798,-0.004937989003087839,0.002155095003668339,0.0070930840067561785,0.0070930840067561785,BUY
2022-01-27,409.1236267089844,-0.03471742102902231,0.024835443221151277,0.0019229043952074594,-0.022912538825943816,0.022912538825943816,BUY
2022-01-28,419.2843933105469,0.009064319453712777,0.018010917882532507,0.0002134042742737291,-0.017797513608258778,0.017797513608258778,BUY
2022-01-31,426.8360900878906,0.02289455031171217,0.006756984291711454,-0.00032661037712220333,-0.007083594668833657,0.007083594668833657,SELL
2022-02-01,429.72021484375,0.04253446302493957,0.009714104153433878,-0.0010934696382708072,-0.010807573791704685,0.010807573791704685,SELL
2022-02-02,433.8945617675781,0.055309366183786235,-0.023504878407484386,-0.0015922780057357085,0.021912600401748677,0.021912600401748677,SELL
2022-02-03,423.6959228515625,0.03561831972354801,0.004702215581646074,-0.000823422178307761,-0.005525637759953835,0.005525637759953835,SELL
2022-02-04,425.688232421875,0.015273258946666868,-0.003209273356163056,-2.9029733535093313e-05,0.0031802436226279628,0.0031802436226279628,SELL
2022-02-07,424.3220825195313,-0.005889866453986259,0.008227809955936971,0.0007973048304372736,-0.007430505125499698,0.007430505125499698,BUY
2022-02-08,427.8133239746094,-0.004437517257208867,0.01463621119589309,0.0007405964606887474,-0.013895614735204342,0.013895614735204342,BUY
2022-02-09,434.0748901367188,0.0004156041237439734,-0.017965776433611302,0.0005511016736800728,0.018516878107291374,0.018516878107291374,BUY
2022-02-10,426.2763977050781,0.006090393403241912,-0.01971875453037164,0.00032952407414629727,0.02004827860451794,0.02004827860451794,BUY
2022-02-11,417.8707580566406,-0.018364318695770154,-0.0032690929510414968,0.001284381803183959,0.004553474754225456,0.004553474754225456,BUY
2022-02-14,416.5046997070313,-0.018423228803182035,0.016126727777335592,0.001286682004926385,-0.014840045772409207,0.014840045772409207,BUY
2022-02-15,423.2215576171875,-0.010733107409469977,0.00112084374209509,0.0009864138267407798,-0.0001344299153543103,0.0001344299153543103,BUY
2022-02-16,423.6959228515625,-0.023910545210037992,-0.021361357819849824,0.0015009395460312443,0.02286229736588107,0.02286229736588107,BUY
2022-02-17,414.6452026367188,-0.027285571359281335,-0.006475262480704069,0.0016327206846216845,0.008107983165325754,0.008107983165325754,BUY
2022-02-18,411.9602661132813,-0.014144306174585619,-0.010731519120440236,0.0011196073598711896,0.011851126480311426,0.011851126480311426,BUY
2022-02-22,407.539306640625,-0.021525310693282784,-0.017738849840140736,0.0014078057726844245,0.01914665561282516,0.01914665561282516,BUY
2022-02-23,400.3100280761719,-0.05413601724357242,0.015049370837529219,0.002681122141032965,-0.012368248696496255,0.012368248696496255,BUY
2022-02-24,406.3344421386719,-0.04097627514573243,0.02206399856640373,0.002167287367456856,-0.019896711198946874,0.019896711198946874,BUY
2022-02-25,415.2998046875,0.0015787040260411,-0.002558613177133462,0.0005056873205339474,0.0030643004976674093,0.0030643004976674093,BUY
2022-02-28,414.2372131347656,0.005527103482495077,-0.015230233410504335,0.0003515182702888009,0.015581751680793135,0.015581751680793135,BUY
2022-03-01,407.9282836914063,0.0009544528452669621,0.018396357475734426,0.0005300618076434134,-0.017866295668091014,0.017866295668091014,BUY
2022-03-02,415.43267822265625,0.03777734527201693,-0.004978807598499557,-0.0009077234051551057,0.0040710841933444515,0.0040710841933444515,SELL
2022-03-03,413.36431884765625,0.01730071581425352,-0.00812440079904786,-0.00010819373483134283,0.008016207064216517,0.008016207064216517,SELL
2022-03-04,410.0059814453125,-0.012746991889800996,-0.02947932709870793,0.0010650478811368136,0.030544374979844743,0.030544374979844743,BUY
2022-03-07,397.9192810058594,-0.03939272381015524,-0.007581628648596905,0.002105456084145004,0.00968708473274191,0.00968708473274191,BUY
2022-03-08,394.90240478515625,-0.03193178660811857,0.02681079263149888,0.0018141366229145793,-0.024996656008584302,0.024996656008584302,BUY
2022-03-09,405.4900512695313,-0.023933184543070696,-0.004515508202016849,0.0015018235205404929,0.006017331722557342,0.006017331722557342,BUY
2022-03-10,403.6590576171875,-0.023478710638412892,-0.012715107619962085,0.0014840781502923612,0.014199185770254447,0.014199185770254447,BUY
2022-03-11,398.5264892578125,-0.027998352968007012,-0.007308340140942837,0.001660551927347094,0.008968892068289932,0.008968892068289932,BUY
2022-03-14,395.6139221191406,-0.005793534007427992,0.021990396557960423,0.0007935434375089559,-0.021196853120451466,0.021196853120451466,BUY
2022-03-15,404.3136291503906,0.023831772739784762,0.022174126389236992,-0.00036320512727298156,-0.022537331516509974,0.022537331516509974,SELL
2022-03-16,413.2789306640625,0.0192085585580839,0.012510998850714161,-0.00018268728774495304,-0.012693686138459115,0.012693686138459115,SELL
2022-03-17,418.449462890625,0.03664083585971234,0.010953013152513291,-0.0008633473032378428,-0.011816360455751134,0.011816360455751134,SELL
2022-03-18,423.0327453613281,0.061492163668102284,-0.00029238338047565815,-0.0018336912737010383,-0.0015413078932253802,0.0015413078932253802,SELL
2022-03-21,422.9090576171875,0.06899437550589238,0.011701209217799935,-0.002126622342739512,-0.013827831560539447,0.013827831560539447,SELL
2022-03-22,427.8576049804688,0.058231961854841696,-0.01287835311145391,-0.0017063935616277797,0.011171959549826131,0.011171959549826131,SELL
2022-03-23,422.3475036621094,0.0219429840845633,0.015074407042517501,-0.00028945555955553026,-0.015363862602073031,0.015363862602073031,SELL
2022-03-24,428.7141418457031,0.02453027155100229,0.004883434456106395,-0.0003904786844473316,-0.0052739131405537265,0.0052739131405537265,SELL
2022-03-25,430.8077392578125,0.018379177455502882,0.007113060637083279,-0.00015030330575772465,-0.007263363942841004,0.007263363942841004,SELL
2022-03-28,433.8721008300781,0.025922933111577562,0.01237085905085844,-0.0004448564930947976,-0.012815715543953238,0.012815715543953238,SELL
2022-03-29,439.2394714355469,0.026601996371193648,-0.006174668670511307,-0.0004713711704839509,0.005703297500027357,0.005703297500027357,SELL
2022-03-30,436.5273132324219,0.03357379751830325,-0.015391362227139105,-0.000743591844506941,0.014647770382632163,0.014647770382632163,SELL
2022-03-31,429.8085632324219,0.0025527998260264084,0.0028340026641642257,0.0004676528141503424,-0.0023663498500138833,0.0023663498500138833,BUY
2022-04-01,431.0266418457031,0.000508121298534947,0.008566767165483657,0.0005474892517034731,-0.008019277913780185,0.008019277913780185,BUY
2022-04-04,434.7191467285156,0.0019522939982012932,-0.01263148849933915,0.0004911001411403066,0.013122588640479457,0.013122588640479457,BUY
2022-04-05,429.2279968261719,-0.022792748057579915,-0.009999471736216736,0.0014572940822776964,0.011456765818494433,0.011456765818494433,BUY
2022-04-06,424.9359436035156,-0.026553595336506697,0.005039103937784839,0.0016041399775584906,-0.003434963960226348,0.003434963960226348,BUY
2022-04-07,427.0772399902344,-0.006354743659936157,-0.002673842455021669,0.0008154564075794402,0.003489298862601109,0.003489298862601109,BUY
2022-04-08,425.935302734375,-0.011812121611616488,-0.017092296307929744,0.0010285449729382696,0.018120841280868015,0.018120841280868015,BUY
2022-04-11,418.6550903320313,-0.03695272342470901,-0.003705291180006065,0.002010183924838237,0.005715475104844302,0.005715475104844302,BUY
2022-04-12,417.1038513183594,-0.028246399576592696,0.011453607380751851,0.0016702371454928103,-0.009783370235259041,0.009783370235259041,BUY
2022-04-13,421.8811950683594,-0.0071887271037878175,-0.01245192941683515,0.0008480200924033305,0.013299949509238481,0.013299949509238481,BUY
2022-04-14,416.6279602050781,-0.02446695540458954,0.0004113663390850064,0.001522665116654681,0.0011112987775696746,0.0011112987775696746,BUY
2022-04-18,416.7993469238281,-0.021449163175479513,0.01614256475898057,0.0014048325196922365,-0.014737732239288334,0.014737732239288334,BUY
2022-04-19,423.5275573730469,0.011638380025789763,-0.0007415252939674266,0.00011289760618017549,0.0008544229001476022,0.0008544229001476022,BUY
2022-04-20,423.2135009765625,0.014647790086071089,-0.01495342468124139,-4.607700947092041e-06,0.014948816980294297,0.014948816980294297,SELL
2022-04-21,416.885009765625,-0.011842635702036475,-0.027439210078000098,0.0010297364249154636,0.028468946502915562,0.028468946502915562,BUY
2022-04-22,405.4460144042969,-0.026839163159565915,0.00579745597789505,0.0016152902475722426,-0.004182165730322807,0.004182165730322807,BUY
2022-04-25,407.7965698242188,-0.021599786962369194,-0.028960736762496442,0.0014107137701647923,0.030371450532661236,0.030371450532661236,BUY
2022-04-26,395.9864807128906,-0.06502782683370434,0.002811874671741821,0.0031064033109046863,0.0002945286391628655,0.0002945286391628655,BUY
2022-04-27,397.0999450683594,-0.061703031325669566,0.02525942826911809,0.002976583475959872,-0.022282844793158216,0.022282844793158216,BUY
2022-04-28,407.1304626464844,-0.023398651644070068,-0.03695573843077915,0.0014809521699406926,0.038436690600719844,0.038436690600719844,BUY
2022-04-29,392.0846557617188,-0.032954716948467966,0.006019304427284489,0.001854077920845018,-0.00416522650643947,0.00416522650643947,BUY
2022-05-02,394.4447326660156,-0.03274141605447667,0.0045842354817133835,0.0018457493825079641,-0.002738486099205419,0.002738486099205419,BUY
2022-05-03,396.2529602050781,0.0006729509848613091,0.03045288825828707,0.0005410533182389389,-0.02991183494004813,0.02991183494004813,BUY
2022-05-04,408.3200073242188,0.028255008330277942,-0.03554290301147334,-0.0005359146105756904,0.035006988400897644,0.035006988400897644,SELL
2022-05-05,393.80712890625,-0.03272497384162376,-0.005968953537247246,0.0018451073805100869,0.007814060917757333,0.007814060917757333,BUY
2022-05-06,391.4565124511719,-0.0016020604257684923,-0.03201715847523634,0.0006298833245090392,0.03264704179974538,0.03264704179974538,BUY
2022-05-09,378.9231872558594,-0.0393503680610654,0.0023105442693243106,0.0021038022632280423,-0.00020674200609626823,0.00020674200609626823,BUY
2022-05-10,379.7987060546875,-0.04152462139809587,-0.015886068605806214,0.0021886980737100374,0.01807476667951625,0.01807476667951625,BUY
2022-05-11,373.7651977539063,-0.08462678524316081,-0.0010440465667468368,0.0038716634719152595,0.004915710038662096,0.004915710038662096,BUY
2022-05-12,373.3749694824219,-0.051883670771973756,0.023907719903739855,0.0025931771090829236,-0.02131454279465693,0.02131454279465693,BUY
2022-05-13,382.301513671875,-0.023387013596915973,-0.004057392935851278,0.0014804977512081802,0.005537890687059458,0.005537890687059458,BUY
2022-05-16,380.7503662109375,0.004822029943088113,0.020570470971339017,0.00037904854404204936,-0.020191422427296966,0.020191422427296966,BUY
2022-05-17,388.5825805664063,0.023127710473173746,-0.04031155398924102,-0.0003357143396376422,0.03997583964960338,0.03997583964960338,SELL
2022-05-18,372.918212890625,-0.002266088090520868,-0.006124658177264042,0.000655810922651127,0.006780469099915169,0.006780469099915169,BUY
2022-05-19,370.63421630859375,-0.007340484493717936,0.00043664267807952406,0.0008539456054957218,0.0004173029274161977,0.0004173029274161977,BUY
2022-05-20,370.7960510253906,-0.03009525789207146,0.01870991078780726,0.0017424275947314977,-0.016967483193075762,0.016967483193075762,BUY
2022-05-23,377.7336120605469,-0.007923181218214115,-0.007633805490978696,0.0008766975589359171,0.008510503049914613,0.008510503049914613,BUY
2022-05-24,374.8500671386719,-0.03534001294581357,0.008835075417116256,0.001947214094760558,-0.006887861322355698,0.006887861322355698,BUY
2022-05-25,378.1618957519531,0.014061214175307812,0.01998134382710126,1.8295719047872663e-05,-0.01996304810805339,0.01996304810805339,BUY
2022-05-26,385.7180786132813,0.040697436019044186,0.02454908178596593,-0.0010217411538818626,-0.025570822939847793,0.025570822939847793,SELL
2022-05-27,395.1871032714844,0.06578023735323857,-0.0056110313525064015,-0.0020011232305508107,0.003609908121955591,0.003609908121955591,SELL
2022-05-31,392.9696960449219,0.04033552614304492,-0.00808832545833671,-0.0010076100350646052,0.0070807154232721044,0.0070807154232721044,SELL
2022-06-01,389.7912292480469,0.03985903543628733,0.019043303288213798,-0.0009890049976256044,-0.020032308285839403,0.020032308285839403,SELL
2022-06-02,397.2141418457031,0.050381189400020565,-0.01641152641385968,-0.001399852608413909,0.015011673805445769,0.015011673805445769,SELL
2022-06-03,390.69525146484375,0.012903654579676793,0.003044764918059162,6.349374559730988e-05,-0.002981271172461852,0.002981271172461852,BUY
2022-06-06,391.88482666015625,-0.008356235777915888,0.009592188692686854,0.0008936065902813708,-0.008698582102405483,0.008698582102405483,BUY
2022-06-07,395.6438598632813,0.006805012817206579,-0.010872186095245984,0.00030162107254964003,0.011173807167795624,0.011173807167795624,BUY
2022-06-08,391.3423461914063,0.003979353117697704,-0.023782731493243836,0.0004119516703003813,0.024194683163544218,0.024194683163544218,BUY
2022-06-09,382.03515625,-0.03821360821941577,-0.028995741352337956,0.0020594163830563996,0.031055157735394356,0.031055157735394356,BUY
2022-06-10,370.957763671875,-0.05051888324459153,-0.037968107391985084,0.0025398876688417617,0.04050799506082685,0.04050799506082685,BUY
2022-06-13,356.8731994628906,-0.08934162492498798,-0.0030135057906942597,0.00405575891712592,0.00706926470782018,0.00706926470782018,BUY
2022-06-14,355.7977600097656,-0.10071203902237957,0.014256464719596407,0.004499727659808103,-0.009756737059788304,0.009756737059788304,BUY
2022-06-15,360.87017822265625,-0.07786575683748276,-0.033096084446216256,0.003607672622083678,0.03670375706829993,0.03670375706829993,BUY
2022-06-16,348.9267883300781,-0.08666314442081369,0.002155745247376828,0.003951175072461037,0.0017954298250842087,0.0017954298250842087,BUY
2022-06-17,349.6789855957031,-0.05736172729085598,0.025173671338659,0.00280707308896531,-0.022366598249693687,0.022366598249693687,BUY
2022-06-21,358.481689453125,0.00450717507690479,-0.001812930375164945,0.00039134235479242865,0.002204272729957374,0.002204272729957374,BUY
2022-06-22,357.831787109375,0.005716806928614648,0.009802538618619794,0.0003441111169754045,-0.00945842750164439,0.00945842750164439,BUY
2022-06-23,361.3394470214844,0.0013003812094958267,0.03179376727300176,0.0005165547023076433,-0.031277212570694116,0.031277212570694116,BUY
2022-06-24,372.8277893066406,0.06849861282061442,-0.003819651609858199,-0.0021072648123834203,0.0017123867974747787,0.0017123867974747787,SELL
2022-06-27,371.4037170410156,0.0621276437538929,-0.020432768451549177,-0.0018585042041951657,0.018574264247354012,0.018574264247354012,SELL
2022-06-28,363.8149108886719,0.014877249222081224,-0.0008145795906164821,-1.3567153367978826e-05,0.0008010124372485033,0.0008010124372485033,SELL
2022-06-29,363.5185546875,0.015892292923621154,-0.00812422933406387,-5.3200509908927574e-05,0.008071028824154943,0.008071028824154943,SELL
2022-06-30,360.5652465820313,-0.0021425848902875133,0.010576468797889094,0.0006509886215409672,-0.009925480176348126,0.009925480176348126,BUY
2022-07-01,364.3787536621094,-0.02266203294621405,0.0018886155677366734,0.0014521901851684452,-0.00043642538256822823,0.00043642538256822823,BUY
2022-07-05,365.0669250488281,-0.017061735522392985,0.0033773004050234867,0.0012335211917084373,-0.0021437792133150494,0.0021437792133150494,BUY
2022-07-06,366.29986572265625,0.006830272096089995,0.014977113057712543,0.000300634799737509,-0.014676478257975033,0.014676478257975033,BUY
2022-07-07,371.7859802246094,0.022742788313010687,-0.0008225610072919443,-0.00032068468407590617,0.0005018763232160381,0.0005018763232160381,SELL
2022-07-08,371.4801635742188,0.03027168340724784,-0.011423466781547154,-0.0006146576264985859,0.010808809155048567,0.010808809155048567,SELL
2022-07-11,367.236572265625,0.007842989128190814,-0.00884905009370407,0.0002610922902401834,0.009110142383944253,0.009110142383944253,BUY
2022-07-12,363.9868774414063,-0.0029584920827252503,-0.005251644109953935,0.0006828465017614448,0.0059344906117153795,0.0059344906117153795,BUY
2022-07-13,362.0753479003906,-0.011532949415450244,-0.002428339704588778,0.001017644426321222,0.00344598413091,0.00344598413091,BUY
2022-07-14,361.1961059570313,-0.028483791296219252,0.019104868890440718,0.0016795063332623165,-0.0174253625571784,0.0174253625571784,BUY
2022-07-15,368.0967102050781,-0.009108032409016364,-0.008256898456141637,0.000922961212039513,0.00917985966818115,0.00917985966818115,BUY
2022-07-18,365.057373046875,-0.005934047377976759,0.027019110197120888,0.0007990299170617879,-0.0262200802800591,0.0262200802800591,BUY
2022-07-19,374.9208984375,0.030039602177289515,0.0063734147046643486,-0.0006055957919002867,-0.006979010496564636,0.006979010496564636,SELL
2022-07-20,377.3104248046875,0.042077089734615436,0.010182948351740384,-0.0010756110587237175,-0.011258559410464102,0.011258559410464102,SELL
2022-07-21,381.1525573730469,0.05525101485559647,-0.009278114195266474,-0.0015899996220648633,0.0076881145732016105,0.0076881145732016105,SELL
2022-07-22,377.6161804199219,0.025861329240188358,0.0012149936716723264,-0.0004424511107498138,-0.0016574447824221402,0.0016574447824221402,SELL
2022-07-25,378.0749816894531,0.03565907608968244,-0.011830965178842301,-0.0008250135497806037,0.011005951629061697,0.011005951629061697,SELL
2022-07-26,373.60198974609375,-0.003517831886413525,0.02596651416127349,0.0007046864617882788,-0.025261827699485213,0.025261827699485213,BUY
2022-07-27,383.3031311035156,0.01588269473850401,0.0125423594138796,-5.2825739549467615e-05,-0.012595185153429068,0.012595185153429068,SELL
2022-07-28,388.1106567382813,0.018255418284979008,0.014578682629833528,-0.00014547101004164524,-0.014724153639875174,0.014724153639875174,SELL
2022-07-29,393.768798828125,0.042775228514416064,-0.0029613231511143034,-0.0011028705581254904,0.001858452592988813,0.001858452592988813,SELL
2022-08-01,392.6027221679688,0.03842555361266564,-0.0065973011952144,-0.0009330333225889777,0.005664267872625422,0.005664267872625422,SELL
2022-08-02,390.0126037597656,0.04392539243387006,0.01565962826252698,-0.001147779813393119,-0.0168074080759201,0.0168074080759201,SELL
2022-08-03,396.12005615234375,0.03343809118367669,-0.0006757286675518337,-0.0007382930602901037,-6.256439273827005e-05,6.256439273827005e-05,SELL
2022-08-04,395.8523864746094,0.019947222787929375,-0.0016901170438624602,-0.0002115291422789959,0.0014785879015834643,0.0014785879015834643,SELL
2022-08-05,395.183349609375,0.00359233841142248,-0.0011609833004977421,0.00042706303133550335,0.0015880463318332454,0.0015880463318332454,BUY
2022-08-08,394.72454833984375,0.005404512124006944,-0.003970904106852302,0.00035630496766195664,0.004327209074514259,0.004327209074514259,BUY
2022-08-09,393.1571350097656,0.008062640078003502,0.021003925103312726,0.00025251580787269797,-0.02075140929544003,0.02075140929544003,BUY
2022-08-10,401.41497802734375,0.01336696234578838,0.0,4.540344874148653e-05,4.540344874148653e-05,4.540344874148653e-05,BUY
2022-08-11,401.41497802734375,0.014052186478585638,0.016928945352157942,1.864821413984823e-05,-0.016910297138018095,0.016910297138018095,BUY
2022-08-12,408.2105102539063,0.03296485202984445,0.004120813603701201,-0.0007198149828590386,-0.004840628586560239,0.004840628586560239,SELL
2022-08-15,409.8926696777344,0.038427104170960735,0.001958848107969313,-0.0009330938656273253,-0.0028919419735966385,0.0028919419735966385,SELL
2022-08-16,410.6955871582031,0.04460926837306878,-0.0070981067826511035,-0.0011744824064804107,0.005923624376170692,0.005923624376170692,SELL
2022-08-17,407.7804260253906,0.01585752487196257,0.0029062690439989325,-5.1842957928132836e-05,-0.0029581120019270654,0.0029581120019270654,SELL
2022-08-18,408.9655456542969,0.018809880149611047,-0.013437820195727479,-0.00016712050625149525,0.013270699689475984,0.013270699689475984,SELL
2022-08-19,403.4699401855469,-0.011613052455241357,-0.020822632160602095,0.0010207721264697365,0.021843404287071832,0.021843404287071832,BUY
2022-08-22,395.0686340332031,-0.036165651989302994,-0.0024192759104649797,0.001979451964455331,0.0043987278749203105,0.0043987278749203105,BUY
2022-08-23,394.1128540039063,-0.0403771885377211,0.0032011825659790105,0.002143895455268052,-0.0010572871107109587,0.0010572871107109587,BUY
2022-08-24,395.3744812011719,-0.030423100356087973,0.014117490688025924,0.0017552285187172505,-0.012362262169308674,0.012362262169308674,BUY
2022-08-25,400.9561767578125,-0.019584458841564123,-0.03384883486222057,0.0013320233474394556,0.03518085820966002,0.03518085820966002,BUY
2022-08-26,387.38427734375,-0.03986830551589404,-0.006612436551742373,0.0021240256287658934,0.008736462180508267,0.008736462180508267,BUY
2022-08-29,384.8227233886719,-0.025934507986453137,-0.010977828401257828,0.0015799671171807163,0.012557795518438544,0.012557795518438544,BUY
2022-08-30,380.5982055664063,-0.034291316053766785,-0.0076089837887232115,0.0019062667170635986,0.00951525050578681,0.00951525050578681,BUY
2022-08-31,377.7022399902344,-0.04469747556101278,0.0031377895627917596,0.002312585212855418,-0.0008252043499363416,0.0008252043499363416,BUY
2022-09-01,378.8873901367188,-0.05504039568499719,-0.010544419817288042,0.00271643446616986,0.013260854283457902,0.013260854283457902,BUY
2022-09-02,374.8922424316406,-0.0322471397078008,-0.0037730568574025902,0.0018264498876706065,0.0055995067450731965,0.0055995067450731965,BUY
2022-09-06,373.4777526855469,-0.02948103116994616,0.01796493399026433,0.0017184445222410839,-0.016246489468023248,0.016246489468023248,BUY
2022-09-07,380.187255859375,-0.001079746832804207,0.006536214229341919,0.0006094890884532598,-0.005926725140888659,0.005926725140888659,BUY
2022-09-08,382.6722412109375,0.013158516668663633,0.015535427361619503,5.354241047128311e-05,-0.015481884951148219,0.015481884951148219,BUY
2022-09-09,388.6172180175781,0.025679999213878313,0.010747585499814027,-0.0004353709056577348,-0.011182956405471763,0.011182956405471763,SELL
2022-09-12,392.7939147949219,0.04775151453432791,-0.04348247321454446,-0.0012971744267940915,0.04218529878775037,0.04218529878775037,SELL
2022-09-13,375.7142639160156,0.00598833856738934,0.0038157302111334612,0.0003335089032624591,-0.003482221307871002,0.003482221307871002,BUY
2022-09-14,377.14788818359375,-0.00799439652155376,-0.011353266147623331,0.0008794782288756941,0.012232744376499025,0.012232744376499025,BUY
2022-09-15,372.8660278320313,-0.02562561984604672,-0.007628698271102463,0.0015679062829708932,0.009196604554073357,0.009196604554073357,BUY
2022-09-16,370.02154541015625,-0.047850871616760826,0.0077548898272359335,0.002435712591511801,-0.0053191772357241325,0.0053191772357241325,BUY
2022-09-19,372.8910217285156,-0.05067006467449364,-0.011478699420643057,0.0025457906930214996,0.014024490113664558,0.014024490113664558,BUY
2022-09-20,368.6107177734375,-0.01890677790227846,-0.01744369148966818,0.001305562644075683,0.018749254133743863,0.018749254133743863,BUY
2022-09-21,362.1807861328125,-0.039684968469173354,-0.00839985709398594,0.0021168670576336137,0.010516724151619555,0.010516724151619555,BUY
2022-09-22,359.1385192871094,-0.03681619541672454,-0.016754996133240163,0.002004853057595708,0.01875984919083587,0.01875984919083587,BUY
2022-09-23,353.12115478515625,-0.0456740717794325,-0.009892599425083803,0.002350717350479099,0.012243316775562903,0.012243316775562903,BUY
2022-09-26,349.6278686523437,-0.06238592972374846,-0.002552675722635289,0.003003247900014957,0.005555923622650246,0.005555923622650246,BUY
2022-09-27,348.7353820800781,-0.05391958164812649,0.019676283964425334,0.002672671205265917,-0.017003612759159417,0.017003612759159417,BUY
2022-09-28,355.5971984863281,-0.01817762813091406,-0.020889000532002155,0.0012770922907141536,0.02216609282271631,0.02216609282271631,BUY
2022-09-29,348.16912841796875,-0.030543621137924415,-0.015463406074220254,0.0017599343684357117,0.017223340442655964,0.017223340442655964,BUY
2022-09-30,342.7852478027344,-0.029270143808604154,0.026401155871855098,0.0017102102226051496,-0.024690945649249948,0.024690945649249948,BUY
2022-10-03,351.8351745605469,0.006313300815267819,0.030986730344129798,0.0003208204400830151,-0.030665909904046783,0.030665909904046783,BUY
2022-10-04,362.7373962402344,0.040150827474514816,-0.0023283344462505795,-0.0010003982981005844,0.0013279361481499951,0.0013279361481499951,SELL
2022-10-05,361.892822265625,0.01770436833050293,-0.010315719419582758,-0.0001239547351418646,0.010191764684440894,0.010191764684440894,SELL
2022-10-06,358.1596374511719,0.028694413771257032,-0.027894011464552948,-0.0005530716181822955,0.027340939846370652,0.027340939846370652,SELL
2022-10-07,348.16912841796875,0.015706278638725646,-0.0076352424609551495,-4.5937403439926666e-05,0.007589305057515223,0.007589305057515223,SELL
2022-10-10,345.5107727050781,-0.017975467812074597,-0.006332972875002785,0.0012691987468373325,0.007602171621840117,0.007602171621840117,BUY
2022-10-11,343.3226623535156,-0.053522835218954734,-0.0032984897684861236,0.0026571798597604408,0.005955669628246564,0.005955669628246564,BUY
2022-10-12,342.1902160644531,-0.054443208013422284,0.02639114683111554,0.00269311669977864,-0.0236980301313369,0.0236980301313369,BUY
2022-10-13,351.22100830078125,-0.019373006963512407,-0.02278880266508876,0.001323767005706225,0.024112569670794982,0.024112569670794982,BUY
2022-10-14,343.21710205078125,-0.014223048406643124,0.025696885566029337,0.0011226819259743343,-0.024574203640055,0.024574203640055,BUY
2022-10-17,352.0367126464844,0.018887804540255848,0.01174977606161276,-0.00017016313895093092,-0.011919939200563692,0.011919939200563692,SELL
2022-10-18,356.1730651855469,0.037429521092316786,-0.007086405635674309,-0.0008941422758828343,0.006192263359791474,0.006192263359791474,SELL
2022-10-19,353.6490783691406,0.03348682039035622,-0.008385560250779078,-0.0007401957389820237,0.007645364511797054,0.007645364511797054,SELL
2022-10-20,350.6835327148437,-0.0015303059134699204,0.02430173076819342,0.0006270816006374101,-0.02367464916755601,0.02367464916755601,BUY
2022-10-21,359.20574951171875,0.04658464675974061,0.012236316458141827,-0.001251612953454372,-0.013487929411596199,0.013487929411596199,SELL
2022-10-24,363.6011047363281,0.032849960456984295,0.015968383347961135,-0.0007153289310133804,-0.016683712278974513,0.016683712278974513,SELL
2022-10-25,369.4072265625,0.03715654739377561,-0.007533828081835114,-0.0008834837555608318,0.006650344326274283,0.006650344326274283,SELL
2022-10-26,366.6241760253906,0.03668918837873103,-0.005340057523422925,-0.0008652352737981382,0.004474822249624787,0.004474822249624787,SELL
2022-10-27,364.6663818359375,0.03987312724051928,0.023790758154308866,-0.000989555225660696,-0.02478031337996956,0.02478031337996956,SELL
2022-10-28,373.3420715332031,0.039354386840133815,-0.00722325993182904,-0.0009693005083421401,0.0062539594234869,0.0062539594234869,SELL
2022-10-31,370.6453247070313,0.019373483410649817,-0.004376093941149128,-0.00018912693706674263,0.004186967004082386,0.004186967004082386,SELL
2022-11-01,369.0233459472656,-0.0010391800366401638,-0.02509593615101091,0.0006079051189220422,0.025703841269932953,0.025703841269932953,BUY
2022-11-02,359.7623596191406,-0.018716213645918356,-0.010297070251977902,0.0012981218795994121,0.011595192131577314,0.011595192131577314,BUY
2022-11-03,356.057861328125,-0.02360656462071531,0.01439304230008931,0.0014890703318684692,-0.01290397196822084,0.01290397196822084,BUY
2022-11-04,361.1826171875,-0.03256920468611513,0.00956559195459783,0.0018390252241763348,-0.007726566730421495,0.007726566730421495,BUY
2022-11-07,364.6375427246094,-0.016208978184658496,0.005395598405583124,0.0012002244621606684,-0.004195373943422455,0.004195373943422455,BUY
2022-11-08,366.60498046875,-0.006553421362292977,-0.020602082159596247,0.0008232139693497348,0.021425296128945982,0.021425296128945982,BUY
2022-11-09,359.0521545410156,-0.0019740950078180886,0.05495400462082922,0.0006444097722014537,-0.05430959484862777,0.05430959484862777,BUY
2022-11-10,378.7835083007813,0.06382571329246267,0.009678634622136695,-0.0019248069607674773,-0.011603441582904172,0.011603441582904172,SELL
2022-11-11,382.4496154785156,0.05888156649569698,-0.008506868237421195,-0.0017317579989447275,0.006775110238476467,0.006775110238476467,SELL
2022-11-14,379.1961669921875,0.039926289977698426,0.00852907327672936,-0.000991631015810536,-0.009520704292539896,0.009520704292539896,SELL
2022-11-15,382.4303588867188,0.0431673852268295,-0.007628629280600596,-0.0011181826937305176,0.006510446586870078,0.006510446586870078,SELL
2022-11-16,379.512939453125,0.056985551133274415,-0.0030599362489828197,-0.0016577262575014713,0.0014022099914813484,0.0014022099914813484,SELL
2022-11-17,378.3516540527344,-0.0011401083695122827,0.0045404731006490895,0.0006118459626470322,-0.003928627138002057,0.003928627138002057,BUY
2022-11-18,380.0695495605469,-0.006223214304950542,-0.0036361464026479773,0.0008103207175457625,0.0044464671201937395,0.0044464671201937395,BUY
2022-11-21,378.68756103515625,-0.0013412739929982154,0.013457025857546379,0.0006197006676881103,-0.012837325189858268,0.012837325189858268,BUY
2022-11-22,383.7835693359375,0.003538449335345639,0.006301457877100791,0.000429167182085442,-0.00587229069501535,0.00587229069501535,BUY
2022-11-23,386.2019653320313,0.01762529069112939,-0.00022362585860891127,-0.00012086707273781911,0.00010275878587109215,0.00010275878587109215,SELL
2022-11-25,386.1156005859375,0.020520450882239194,-0.015956942314386158,-0.00023391138395647496,0.015723030930429684,0.015723030930429684,SELL
2022-11-28,379.9543762207031,-0.0003030322739007163,-0.0017174624478277778,0.0005791615222638775,0.0022966239700916553,0.0022966239700916553,BUY
2022-11-29,379.30181884765625,0.0016220702122375918,0.0315002974504226,0.0005039940461293684,-0.03099630340429323,0.03099630340429323,BUY
2022-11-30,391.24993896484375,0.019454635960120203,-0.0007357759983676049,-0.00019229561632901212,0.0005434803820385928,0.0005434803820385928,SELL
2022-12-01,390.9620666503906,0.012325419717289288,-0.0011536919899977072,8.607148134468932e-05,0.0012397634713423966,0.0012397634713423966,BUY
2022-12-02,390.5110168457031,0.011383679533009117,-0.017989233577141328,0.00012284263162707601,0.018112076208768403,0.018112076208768403,BUY
2022-12-05,383.4860229492188,0.00929492315273217,-0.0144147692954123,0.00020440013129049446,0.014619169426702794,0.014619169426702794,BUY
2022-12-06,377.9581604003906,-0.0035424518958220297,-0.001701099230815406,0.0007056477737095768,0.0024067470045249827,0.0024067470045249827,BUY
2022-12-07,377.3152160644531,-0.03561591073281356,0.00783395807055487,0.0019579867889257846,-0.005875971281629085,0.005875971281629085,BUY
2022-12-08,380.2710876464844,-0.027345310238157783,-0.007470353044522371,0.0016350532465421958,0.009105406291064566,0.009105406291064566,BUY
2022-12-09,377.4303283691406,-0.03349633662635154,0.014417467136203843,0.0018752259815350031,-0.01254224115466884,0.01254224115466884,BUY
2022-12-12,382.8719177246094,-0.001601375768239488,0.007569695615643912,0.000629856591398027,-0.006939839024245885,0.006939839024245885,BUY
2022-12-13,385.7701416015625,0.020668904708648794,-0.006393365797225492,-0.00023970790623727286,0.006153657890988219,0.006153657890988219,SELL
2022-12-14,383.30377197265625,0.015871493258782676,-0.024461831428385317,-5.2388367011804086e-05,0.024409443061373513,0.024409443061373513,SELL
2022-12-15,373.9274597167969,-0.016681857063992167,-0.011806146404246154,0.0012186884723277996,0.013024834876573953,0.013024834876573953,BUY
2022-12-16,369.5128173828125,-0.02097741064036729,-0.00847971076781362,0.0013864124887173791,0.009866123256530999,0.009866123256530999,BUY
2022-12-19,366.3794555664063,-0.043075664196572605,0.0013684536165938788,0.00224926002995787,0.0008808064133639911,0.0008808064133639911,BUY
2022-12-20,366.8808288574219,-0.04896520157241768,0.014952481506537607,0.0024792226752350984,-0.012473258831302509,0.012473258831302509,BUY
2022-12-21,372.3666076660156,-0.028533933413576906,-0.014266116328458422,0.001681464180409133,0.015947580508867555,0.015947580508867555,BUY
2022-12-22,367.0543823242188,-0.018380777378006807,0.005752251605843028,0.0012850244482447478,-0.004467227157598281,0.004467227157598281,BUY
2022-12-23,369.165771484375,-0.0009391985395676983,-0.003943514429903261,0.0006040012453105325,0.004547515675213793,0.004547515675213793,BUY
2022-12-27,367.7099609375,0.003631495573453547,-0.012427878550466787,0.00042553410232332926,0.012853412652790115,0.012853412652790115,BUY
2022-12-28,363.1401062011719,-0.010196015605120956,0.018000189085561225,0.0009654425612231551,-0.01703474652433807,0.01703474652433807,BUY
2022-12-29,369.67669677734375,-0.007223824138077761,-0.0026340715855263097,0.0008493904898270403,0.00348346207535335,0.00348346207535335,BUY
2022-12-30,368.7029418945313,0.004491322402619735,-0.004209935424426159,0.0003919613376905186,0.004601896762116677,0.004601896762116677,BUY
2023-01-03,367.1507263183594,-0.005458374859384607,0.0077202711873987084,0.0007804568265657899,-0.006939814360832918,0.006939814360832918,BUY
2023-01-04,369.9852294921875,0.006187671796778593,-0.011413287521045645,0.0003257257458093785,0.011739013266855024,0.011739013266855024,BUY
2023-01-05,365.7624816894531,0.007221387677924351,0.022932082245716634,0.0002853633160762197,-0.022646718929640413,0.022646718929640413,BUY
2023-01-06,374.1501770019531,0.01210106090972718,-0.0005668771017783847,9.483178654112658e-05,0.0006617088883195113,0.0006617088883195113,BUY
2023-01-09,373.9380798339844,0.014198796224822674,0.007012860229280493,1.2923695741108251e-05,-0.0069999365335393846,0.0069999365335393846,BUY
2023-01-10,376.5604553222656,0.02562906275104848,0.012647809209934024,-0.00043338204252878123,-0.013081191252462807,0.013081191252462807,SELL
2023-01-11,381.3231201171875,0.030644170959369,0.0036405991550672034,-0.0006292017608426404,-0.0042698009159098434,0.0042698009159098434,SELL
2023-01-12,382.71136474609375,0.046338495349096176,0.003879692067882079,-0.0012420017351331037,-0.005121693803015182,0.005121693803015182,SELL
2023-01-13,384.1961669921875,0.026850154316997443,-0.001831867278189181,-0.00048106073589831684,0.001350806542290864,0.001350806542290864,SELL
2023-01-17,383.4923706054688,0.025550462193436374,-0.015788047980476172,-0.0004303130082404722,0.0153577349722357,0.0153577349722357,SELL
2023-01-18,377.4377746582031,0.0023298233352375686,-0.007279743393391214,0.0004763591454602914,0.007756102538851505,0.007756102538851505,BUY
2023-01-19,374.6901245117188,-0.01739468512538722,0.018628919111707276,0.0012465215288423146,-0.017382397582864962,0.017382397582864962,BUY
2023-01-20,381.6701965332031,-0.0027205050824173904,0.011998654467104464,0.0006735540706858147,-0.011325100396418649,0.011325100396418649,BUY
2023-01-23,386.2497253417969,0.005345077660941611,-0.0010733504042267361,0.00035862564337465206,0.0014319760476013883,0.0014319760476013883,BUY
2023-01-24,385.8351440429688,0.006109048359426605,0.0003749096538918639,0.000328795673459113,-4.6113980432750906e-05,4.6113980432750906e-05,BUY
2023-01-25,385.9797973632813,0.022631605203834226,0.01099022390163773,-0.0003163434327577248,-0.011306567334395456,0.011306567334395456,SELL
2023-01-26,390.2218017578125,0.041452059261860574,0.0022977623465720853,-0.0010512061434101508,-0.003348968489982236,0.003348968489982236,SELL
2023-01-27,391.1184387207031,0.02475499075725729,-0.012546963136956135,-0.00039925306175698973,0.012147710075199145,0.012147710075199145,SELL
2023-01-30,386.2110900878906,-0.00010002661845798233,0.014703487414231109,0.0005712349714072153,-0.014132252442823894,0.014132252442823894,BUY
2023-01-31,391.8897399902344,0.015692183671561333,0.010627777579201858,-4.5387051905102426e-05,-0.01067316463110696,0.01067316463110696,SELL
2023-02-01,396.0546569824219,0.026102038728359034,0.014556879265466227,-0.00045184984397970756,-0.015008729109445935,0.015008729109445935,SELL
2023-02-02,401.8199768066406,0.029722006808903023,-0.010628976420077207,-0.0005931949756084172,0.01003578144446879,0.01003578144446879,SELL
2023-02-03,397.5490417480469,0.01644157470145724,-0.0061112067679715,-7.464774465300468e-05,0.006036559023318495,0.006036559023318495,SELL
2023-02-06,395.1195373535156,0.023066264781774315,0.013078502916095802,-0.0003333151335823323,-0.013411818049678134,0.013411818049678134,SELL
2023-02-07,400.287109375,0.02142788781603433,-0.010934763011900661,-0.00026934313086645094,0.01066541988103421,0.01066541988103421,SELL
2023-02-08,395.9100646972656,-0.0003650816436748805,-0.008669192235890244,0.0005815842995213194,0.009250776535411563,0.009250776535411563,BUY
2023-02-09,392.4778442382813,-0.023249547328640707,0.002333696247346584,0.0014751302486911537,-0.0008585659986554302,0.0008585659986554302,BUY
2023-02-10,393.3937683105469,-0.010452228533186836,0.011738825901751015,0.0009754466411588563,-0.010763379260592159,0.010763379260592159,BUY
2023-02-13,398.0117492675781,0.007319840303100067,-0.00046012708585896345,0.00028151913873679894,0.0007416462245957624,0.0007416462245957624,BUY
2023-02-14,397.82861328125,-0.006141831790658081,0.0032474565911386755,0.000807143059086074,-0.0024403135320526016,0.0024403135320526016,BUY
2023-02-15,399.12054443359375,0.008109113716982641,-0.01376882859057027,0.00025070119998870126,0.014019529790558972,0.014019529790558972,BUY
2023-02-16,393.6251220703125,0.002923165852222409,-0.0024983897112706988,0.0004531915168243148,0.0029515812280950134,0.0029515812280950134,BUY
2023-02-17,392.6416931152344,-0.0019117618424469018,-0.020060728661551508,0.0006419759138722663,0.020702704575423773,0.020702704575423773,BUY
2023-02-21,384.7650146484375,-0.033282270293571226,-0.001378174775023444,0.0018668675559050285,0.0032450423309284726,0.0032450423309284726,BUY
2023-02-22,384.2347412109375,-0.034170171818943884,0.005319284126480417,0.0019015365240242917,-0.0034177476024561254,0.0034177476024561254,BUY
2023-02-23,386.2785949707031,-0.03217561621919285,-0.010682218247615616,0.0018236571843409362,0.012505875431956552,0.012505875431956552,BUY
2023-02-24,382.15228271484375,-0.029146613648859954,0.0034058260236125015,0.0017053868688349872,-0.0017004391547775144,0.0017004391547775144,BUY
2023-02-27,383.4538269042969,-0.023400128850404545,-0.003696056073152265,0.0014810098488812645,0.005177065922033529,0.005177065922033529,BUY
2023-02-28,382.03656005859375,-0.007091223177701722,-0.0038357403966298165,0.0008442129579313369,0.004679953354561154,0.004679953354561154,BUY
2023-03-01,380.5711669921875,-0.009534729231417294,0.007777119159723123,0.0009396219994237898,-0.0068374971602993325,0.0068374971602993325,BUY
2023-03-02,383.5309143066406,-0.007113209739905146,0.016037823150925057,0.0008450714443763994,-0.015192751706548657,0.015192751706548657,BUY
2023-03-03,389.6819152832031,0.019703225412833314,0.0006926879794242335,-0.00020200203034522715,-0.0008946900097694607,0.0008946900097694607,SELL
2023-03-06,389.9518432617188,0.016946020358909353,-0.01532875951385615,-9.434430999989728e-05,0.015234415203856252,0.015234415203856252,SELL
2023-03-07,383.974365234375,0.005072302963580411,0.0016322430836510637,0.00036927639350438975,-0.001262966690146674,0.001262966690146674,BUY
2023-03-08,384.6011047363281,0.010589183032416516,-0.018449830507317966,0.00015386451081390433,0.01860369501813187,0.01860369501813187,BUY
2023-03-09,377.5052795410156,-0.0157109493416413,-0.014429479228652564,0.0011807784474984115,0.015610257676150976,0.015610257676150976,BUY
2023-03-10,372.0580749511719,-0.045226220773481485,-0.001425243727258385,0.002333230577673996,0.003758474304932381,0.003758474304932381,BUY
2023-03-13,371.5278015136719,-0.04724696668681094,0.016530007705625183,0.002412132543313651,-0.01411787516231153,0.01411787516231153,BUY
2023-03-14,377.6691589355469,-0.016420904283491633,-0.006254392259909758,0.0012084993202999223,0.00746289158020968,0.00746289158020968,BUY
2023-03-15,375.30706787109375,-0.02416539305472387,0.017545203463765313,0.0015108903249748547,-0.01603431313879046,0.01603431313879046,BUY
2023-03-16,381.8919067382813,0.011620041983516405,-0.011692579588318153,0.00011361363265921314,0.011806193220977366,0.011806193220977366,BUY
2023-03-17,377.4266052246094,0.014429280359368857,0.009615674612078573,3.924221267602966e-06,-0.00961175039081097,0.00961175039081097,BUY
2023-03-20,381.0558166503906,0.025645497047326993,0.013130326929932101,-0.00043402373541640525,-0.013564350665348507,0.013564350665348507,SELL
2023-03-21,386.0592041015625,0.022215330448646542,-0.017046354625644633,-0.0003000895850009042,0.016746265040643728,0.016746265040643728,SELL
2023-03-22,379.4783020019531,0.011114190187039297,0.0027033123719062413,0.00013336510205530006,-0.0025699472698509414,0.0025699472698509414,BUY
2023-03-23,380.504150390625,-0.0036338982920823826,0.006562049860607155,0.0007092183861096863,-0.005852831474497469,0.005852831474497469,BUY
2023-03-24,383.00103759765625,0.014769579822623946,0.001869694597160354,-9.363098221617985e-06,-0.001879057695381972,0.001879057695381972,SELL
2023-03-27,383.7171325683594,0.006984057982273084,-0.002244536448187673,0.00029463008206002055,0.0025391665302476932,0.0025391665302476932,BUY
2023-03-28,382.8558654785156,-0.008297532059886259,0.014534944662279559,0.0008913144472106657,-0.013643630215068894,0.013643630215068894,BUY
2023-03-29,388.420654296875,0.023564857984622822,0.005855150722420488,-0.00035278318421641736,-0.006207933906636905,0.006207933906636905,SELL
2023-03-30,390.6949157714844,0.02678227128507671,0.014094664775234467,-0.00047841017769760736,-0.014573074952932074,0.014573074952932074,SELL
2023-03-31,396.2016296386719,0.03446620438371473,0.0038105222050670573,-0.0007784367279565748,-0.004588958933023632,0.004588958933023632,SELL
2023-04-03,397.71136474609375,0.036470178133735764,-0.005548178105840296,-0.0008566838083658133,0.004691494297474483,0.004691494297474483,SELL
2023-04-04,395.5047912597656,0.03303834921123805,-0.002618229876910294,-0.0007226847509197714,0.0018955451259905227,0.0018955451259905227,SELL
2023-04-05,394.4692687988281,0.015572329728197332,0.003900984135115859,-4.070723953546998e-05,-0.003941691374651329,0.003941691374651329,SELL
2023-04-06,396.0080871582031,0.01359928469052929,0.001026325266196837,3.63321995848477e-05,-0.0009899930666119891,0.0009899930666119891,BUY
2023-04-10,396.4145202636719,0.0005373289988588326,0.0002685971997375969,0.0005463488089827099,0.00027775160924511304,0.00027775160924511304,BUY
2023-04-11,396.52099609375,-0.002993046610834771,-0.004075978203983643,0.0006841957165101213,0.004760173920493765,0.004760173920493765,BUY
2023-04-12,394.90478515625,-0.0015170640578195949,0.01328267481901424,0.0006265645596612858,-0.012656110259352954,0.012656110259352954,BUY
2023-04-13,400.1501770019531,0.01440139613517566,-0.002442625415064459,5.012987591299306e-06,0.002447638402655758,0.002447638402655758,BUY
2023-04-14,399.1727600097656,0.007991434907990147,0.0035881243352018366,0.0002552960821470142,-0.0033328282530548222,0.0033328282530548222,BUY
2023-04-17,400.6050415039063,0.010571058894228047,0.0006522421757981789,0.00015457218520243678,-0.0004976699905957421,0.0004976699905957421,BUY
2023-04-18,400.8663330078125,0.01095865529661677,-0.00016893038971688146,0.0001394381112836923,0.00030836850100057376,0.00030836850100057376,BUY
2023-04-19,400.7986145019531,0.014924684549900258,-0.005457015637038709,-1.541931131668231e-05,0.0054415963257220265,0.0054415963257220265,SELL
2023-04-20,398.6114501953125,-0.0038453733000175516,0.0007768514052535203,0.0007174756309714385,-5.9375774282081776e-05,5.9375774282081776e-05,BUY
2023-04-21,398.9211120605469,-0.0006304236521865736,0.0010431578643783634,0.0005919448331738911,-0.0004512130312044724,0.0004512130312044724,BUY
2023-04-24,399.3372497558594,-0.0031646924444274083,-0.01587377401353851,0.0006908977929933551,0.016564671806531865,0.016564671806531865,BUY
2023-04-25,392.9982604980469,-0.01962767102622276,-0.0042355945716363586,0.0013337106087060303,0.005569305180342389,0.005569305180342389,BUY
2023-04-26,391.3336791992188,-0.023615189674484727,0.019908023116187,0.0014894071053795106,-0.018418616010807493,0.018418616010807493,BUY
2023-04-27,399.1243591308594,0.0012867390921549315,0.00853522500695214,0.0005170873718860318,-0.008018137635066109,0.008018137635066109,BUY
2023-04-28,402.5309753417969,0.009049065522263255,-0.001009845615681737,0.00021399987868255693,0.001223845494364294,0.001223845494364294,BUY
2023-05-01,402.1244812011719,0.006979643013559356,-0.011239210689381274,0.00029480246875517746,0.011534013158136451,0.011534013158136451,BUY
2023-05-02,397.60491943359375,0.011721830345276407,-0.006863990762560057,0.0001096392082800136,0.006973629970840071,0.006973629970840071,BUY
2023-05-03,394.8757629394531,0.009051313312675946,-0.00708292395354948,0.00021391211154630422,0.007296836065095785,0.007296836065095785,BUY
2023-05-04,392.0788879394531,-0.0176523207121424,0.01851250357945089,0.0012565811578533744,-0.017255922421597514,0.017255922421597514,BUY
2023-05-05,399.3372497558594,-0.007934111364288565,0.00026663135017646056,0.0008771243369906513,0.0006104929868141907,0.0006104929868141907,BUY
2023-05-08,399.4437255859375,-0.0066664819988745405,-0.004385294735140377,0.0008276285305293032,0.00521292326566968,0.00521292326566968,BUY
2023-05-09,397.6920471191406,0.0002191313067025913,0.004672267883547132,0.0005587731435848583,-0.004113494739962273,0.004113494739962273,BUY
2023-05-10,399.5501708984375,0.011837667432885945,-0.0017438281270288902,0.00010511623790255214,0.0018489443649314424,0.0018489443649314424,BUY
2023-05-11,398.8534240722656,0.01727850272279552,-0.0013104427065220303,-0.00010732640333389496,0.0012031163031881354,0.0012031163031881354,SELL
2023-05-12,398.3307495117188,-0.0025204266437851564,0.0034499898946576124,0.0006657418158218739,-0.0027842480788357387,0.0027842480788357387,BUY
2023-05-15,399.7049865722656,0.0006540620607944359,-0.006682632523239307,0.0005417908544268701,0.007224423377666177,0.007224423377666177,BUY
2023-05-16,397.0339050292969,-0.0016549038247339887,0.01213904035562785,0.0006319466457915197,-0.01150709370983633,0.01150709370983633,BUY
2023-05-17,401.853515625,0.005764844803803015,0.00963317257921048,0.0003422354319857615,-0.00929093714722472,0.00929093714722472,BUY
2023-05-18,405.7246398925781,0.01722742091607965,-0.001455006605973641,-0.00010533186511327015,0.0013496747408603708,0.0013496747408603708,SELL
2023-05-19,405.1343078613281,0.017080173594303805,0.00040616353159195207,-9.958245196505975e-05,-0.0005057459835570118,0.0005057459835570118,SELL
2023-05-22,405.2988586425781,0.013995001959529407,-0.011222940609222354,2.0881038627049956e-05,0.011243821647849404,0.011243821647849404,BUY
2023-05-23,400.7502136230469,0.009360179437259308,-0.007244865377382448,0.00020185213696544428,0.007446717514347892,0.007446717514347892,BUY
2023-05-24,397.8468322753906,-0.009970507147057828,0.008659896775589093,0.0009566373668183662,-0.007703259408770727,0.007703259408770727,BUY
2023-05-25,401.2921447753906,-0.010924885208749124,0.012950794252057918,0.0009939019751662491,-0.01195689227689167,0.01195689227689167,BUY
2023-05-26,406.48919677734375,0.0033442956810247892,0.00038093556393103967,0.0004367480980536435,5.581253412260381e-05,5.581253412260381e-05,BUY
2023-05-30,406.64404296875,0.0033189936203550374,-0.005545252381404131,0.000437736041321725,0.005982988422725856,0.005982988422725856,BUY
2023-05-31,404.38909912109375,0.009080183551616772,0.009500927551097549,0.0002127848453294623,-0.009288142705768087,0.009288142705768087,BUY
2023-06-01,408.2311706542969,0.02610134739421066,0.014461177495356026,-0.0004518228501736775,-0.014913000345529703,0.014913000345529703,SELL
2023-06-02,414.1346740722656,0.032002942155927805,-0.001916234382789317,-0.000682256287666546,0.001233978095122771,0.001233978095122771,SELL
2023-06-05,413.3410949707031,0.01685628608996592,0.0021775113643234256,-9.084054925582205e-05,-0.002268351913579248,0.002268351913579248,SELL
2023-06-06,414.24114990234375,0.018682449835315973,-0.0034576767954038745,-0.00016214486719977794,0.0032955319282040965,0.0032955319282040965,SELL
2023-06-07,412.808837890625,0.020820884607994694,0.006048531372995436,-0.00024564210742358177,-0.006294173480419018,0.006294173480419018,SELL
2023-06-08,415.30572509765625,0.017329775264393943,0.0017941413818092222,-0.00010932838898125975,-0.0019034697707904819,0.0019034697707904819,SELL
2023-06-09,416.05084228515625,0.004626920499190668,0.009071928623413106,0.00038666677973255427,-0.008685261843680552,0.008685261843680552,BUY
2023-06-12,419.8252258300781,0.01568711879430862,0.006593159922781755,-4.5189288906634134e-05,-0.006638349211688389,0.006638349211688389,SELL
2023-06-13,422.59320068359375,0.020162291417013867,0.0011906813155324603,-0.00021992670353113413,-0.0014106080190635943,0.0014106080190635943,SELL
2023-06-14,423.0963745117188,0.02492082454838207,0.01239762891316798,-0.0004057282014580828,-0.012803357114626062,0.012803357114626062,SELL
2023-06-15,428.3417663574219,0.031389023728724874,-0.00340612214262237,-0.0006582852528475736,0.0027478368897747964,0.0027478368897747964,SELL
2023-06-16,426.8827819824219,0.026035134643091373,-0.005188340513844092,-0.0004492375096916011,0.004739103004152491,0.004739103004152491,SELL
2023-06-20,424.66796875,0.01153514039168746,-0.0051235598813411665,0.00011692869688230596,0.005240488578223472,0.005240488578223472,BUY
2023-06-21,422.4921569824219,-0.00023910394442794303,0.003609664478822605,0.0005766653792197723,-0.0030329990996028327,0.0030329990996028327,BUY
2023-06-22,424.0172119140625,0.0021764247056155206,-0.00756013518162546,0.0004823487423332931,0.008042483923958753,0.008042483923958753,BUY
2023-06-23,420.81158447265625,-0.0175798450587753,-0.004085602350949125,0.0012537512763358804,0.005339353627285005,0.005339353627285005,BUY
2023-06-26,419.0923156738281,-0.018249661587228294,0.010963227719411162,0.001279904906222873,-0.009683322813188289,0.009683322813188289,BUY
2023-06-27,423.6869201660156,-0.002310154417513699,0.0005044883545231027,0.000657531534725767,0.00015304318020266426,0.00015304318020266426,BUY
2023-06-28,423.9006652832031,0.003333809344157501,0.003941289714454843,0.00043715754715148935,-0.0035041321673033535,0.0035041321673033535,BUY
2023-06-29,425.5713806152344,0.003665343428291834,0.011800828146155462,0.0004242124803114721,-0.01137661566584399,0.01137661566584399,BUY
2023-06-30,430.5934753417969,0.02324529844252954,0.0011504861872555505,-0.00034030567487506496,-0.0014907918621306156,0.0014907918621306156,SELL
2023-07-03,431.0888671875,0.02862508107404338,-0.0014872659621462114,-0.0005503644564074422,0.0009369015057387692,0.0009369015057387692,SELL
2023-07-05,430.4477233886719,0.015957073255901122,-0.007830605949941782,-5.572992022121067e-05,0.0077748760297205715,0.0077748760297205715,SELL
2023-07-06,427.0770568847656,0.007493245143742389,-0.0025247131704465575,0.000274748380133325,0.0027994615505798825,0.0027994615505798825,BUY
2023-07-07,425.9988098144531,0.001004365468845192,0.002531103480740038,0.0005281129213017032,-0.0020029905594383347,0.0020029905594383347,BUY
2023-07-10,427.0770568847656,-0.008166446215284617,0.006368519659313732,0.0008861960744660377,-0.005482323584847694,0.005482323584847694,BUY
2023-07-11,429.7969055175781,-0.002996972940523479,0.00804582071965343,0.000684349023825081,-0.007361471695828349,0.007361471695828349,BUY
2023-07-12,433.2549743652344,0.006521700136923991,0.00793701497770738,0.0003126832883470255,-0.007624331689360354,0.007624331689360354,BUY
2023-07-13,436.6937255859375,0.02251740885197373,-0.0006228694343229924,-0.00031188452648393946,0.0003109849078390529,0.0003109849078390529,SELL
2023-07-14,436.4217224121094,0.02446699933785257,0.003472355520200532,-0.00038800816009543085,-0.0038603636802959627,0.0038603636802959627,SELL
2023-07-17,437.9371337890625,0.025428846455751275,0.007430424567417493,-0.0004255644049189094,-0.007855988972336402,0.007855988972336402,SELL
2023-07-18,441.1911926269531,0.02651086353368126,0.002223705091937367,-0.00046781280128641066,-0.0026915178932237775,0.0026915178932237775,SELL
2023-07-19,442.1722717285156,0.020582100358677025,-0.006634504100702987,-0.00023631854699439792,0.006398185553708589,0.006398185553708589,SELL
2023-07-20,439.2386779785156,0.00582777412055413,0.0,0.0003397782963531858,0.0003397782963531858,0.0003397782963531858,BUY
2023-07-21,439.2386779785156,0.006454663967771612,0.004467388356804491,0.0003153007799773118,-0.004152087576827179,0.004152087576827179,BUY
2023-07-24,441.200927734375,0.007452654030668526,0.00272997561365651,0.00027633329914164914,-0.002453642314514861,0.002453642314514861,BUY
2023-07-25,442.4053955078125,0.0027521013591176313,0.000153827688156305,0.00045987089430967094,0.00030604320615336595,0.00030604320615336595,BUY
2023-07-26,442.4734497070313,0.000681132666547235,-0.006630057169578429,0.0005407338566168719,0.007170791026195301,0.007170791026195301,BUY
2023-07-27,439.5398254394531,0.0006856123470808662,0.009790290679456914,0.0005405589431865343,-0.00924973173627038,0.00924973173627038,BUY
2023-07-28,443.8430480957031,0.010482615370708936,0.0019041039273717253,0.00015802554755132162,-0.0017460783798204037,0.0017460783798204037,BUY
2023-07-31,444.6881713867188,0.007903980778669828,-0.0028616051753480587,0.0002587108126488359,0.0031203159879968946,0.0031203159879968946,BUY
2023-08-01,443.4156494140625,0.002283547887318216,-0.013910748112643145,0.00047816601478394455,0.01438891412742709,0.01438891412742709,BUY
2023-08-02,437.2474060058594,-0.011810976917670857,-0.0028659124691341464,0.0010285002772633851,0.0038944127463975313,0.0038944127463975313,BUY
2023-08-03,435.9942932128906,-0.008066464109407256,-0.004522680281977665,0.000882292177083156,0.005404972459060821,0.005404972459060821,BUY
2023-08-04,434.0224304199219,-0.022126329831944735,0.008728490350228713,0.001431273142389182,-0.00729721720783953,0.00729721720783953,BUY
2023-08-07,437.810791015625,-0.01546562470876467,-0.004348612843666166,0.0011711995115094233,0.005519812355175589,0.005519812355175589,BUY
2023-08-08,435.9069213867188,-0.0169338363164806,-0.006685266761683573,0.0012285272443330292,0.007913794006016602,0.007913794006016602,BUY
2023-08-09,432.9927673339844,-0.009730506375646764,0.0003589575556830482,0.000947266306115259,0.0005883087504322108,0.0005883087504322108,BUY
2023-08-10,433.148193359375,-0.006527837400215453,-0.0005831583693829412,0.0008222150189703467,0.001405373388353288,0.001405373388353288,BUY
2023-08-11,432.8955993652344,-0.002596250736620398,0.005520008532883258,0.0006687024403754512,-0.004851306092507807,0.004851306092507807,BUY
2023-08-14,435.2851867675781,-0.005768711735469112,-0.011648815063703188,0.0007925742280520526,0.01244138929175524,0.01244138929175524,BUY
2023-08-15,430.2146301269531,-0.013058501667413847,-0.007338085883702439,0.0010772110796901284,0.008415296963392566,0.008415296963392566,BUY
2023-08-16,427.05767822265625,-0.013707132218100493,-0.007619931818503289,0.0011025374827205742,0.008722469301223864,0.008722469301223864,BUY
2023-08-17,423.8035278320313,-0.021573830090041768,0.0004812347260358951,0.0014097002591464194,0.0009284655331105243,0.0009284655331105243,BUY
2023-08-18,424.0074768066406,-0.020531792357387335,0.006506247320312575,0.0013690128947257947,-0.00513723442558678,0.00513723442558678,BUY
2023-08-21,426.7661743164063,-0.019571105817852152,-0.0027084709581636224,0.0013315019657995583,0.0040399729239631805,0.0040399729239631805,BUY
2023-08-22,425.61029052734375,-0.010702424504370422,0.011137642852297791,0.0009852157832322315,-0.01015242706906556,0.01015242706906556,BUY
2023-08-23,430.3505859375,0.00771068612686765,-0.013859010753859424,0.0002662581880383998,0.014125268941897823,0.014125268941897823,BUY
2023-08-24,424.3863525390625,0.0013752238213131651,0.007049830393321299,0.0005136324006233786,-0.006536197992697921,0.006536197992697921,BUY
2023-08-25,427.3782043457031,0.007949688916923714,0.00634118207305745,0.00025692609447611995,-0.00608425597858133,0.00608425597858133,BUY
2023-08-28,430.0882873535156,0.007784386947795596,0.014454841233670246,0.0002633804686763995,-0.014191460764993846,0.014191460764993846,BUY
2023-08-29,436.3051452636719,0.025128280434847827,0.004118950143342737,-0.00041382851586064693,-0.004532778659203384,0.004532778659203384,SELL
2023-08-30,438.1022644042969,0.018012473364966253,-0.00146352659755844,-0.000135984992227762,0.001327541605330678,0.001327541605330678,SELL
2023-08-31,437.4610900878906,0.030808572119728206,0.0018651212353220092,-0.0006356209620990759,-0.002500742197421085,0.002500742197421085,SELL
2023-09-01,438.2770080566406,0.025501543129984983,-0.004321844414018838,-0.0004284029164084882,0.00389344149761035,0.00389344149761035,SELL
2023-09-05,436.3828430175781,0.01463549659256036,-0.006722453183851895,-4.1276896818575595e-06,0.006718325494170038,0.006718325494170038,SELL
2023-09-06,433.44927978515625,-0.006545569103453386,-0.00307027975115004,0.0008229073703591994,0.0038931871215092395,0.0038931871215092395,BUY
2023-09-07,432.1184692382813,-0.013658443820535715,0.001506180445883576,0.001100636397459748,-0.00040554404842382797,0.00040554404842382797,BUY
2023-09-08,432.7693176269531,-0.010725005188449765,0.006576623556121097,0.0009860974677367482,-0.005590526088384349,0.005590526088384349,BUY
2023-09-11,435.615478515625,-0.006072710847454865,-0.005485612972396137,0.0008044441654500033,0.00629005713784614,0.00629005713784614,BUY
2023-09-12,433.2258605957031,-0.007234432958098336,0.0011658963175751325,0.0008498047213972833,-0.0003160915961778492,0.0003160915961778492,BUY
2023-09-13,433.73095703125,0.00064985053437705,0.008622482637813844,0.0005419552975221069,-0.008080527340291738,0.008080527340291738,BUY
2023-09-14,437.4707946777344,0.012386245487002512,-0.012048237316065302,8.369648072721392e-05,0.012131933796792517,0.012131933796792517,BUY
2023-09-15,432.2000427246094,-0.0013154234349729288,0.0005864853744768084,0.000618691307813807,3.220593333699861e-05,3.220593333699861e-05,BUY
2023-09-18,432.4535217285156,-0.007258596039525167,-0.0020739364080810674,0.0008507481921265383,0.0029246846002076057,0.0029246846002076057,BUY
2023-09-19,431.556640625,-0.0038530016846359816,-0.009193248007530852,0.0007177734885779189,0.009911021496108771,0.009911021496108771,BUY
2023-09-20,427.5892333984375,-0.014160215067078985,-0.01652851095876995,0.0011202285378632353,0.017648739496633183,0.017648739496633183,BUY
2023-09-21,420.5218200683594,-0.03874309968934175,-0.002248531694434508,0.0020800908862143724,0.00432862258064888,0.00432862258064888,BUY
2023-09-22,419.5762634277344,-0.029208186138284686,0.004205277963149179,0.0017077910258410174,-0.0024974869373081614,0.0024974869373081614,BUY
2023-09-25,421.3406982421875,-0.02569715108784454,-0.014691277118039858,0.0015706992890313109,0.01626197640707117,0.01626197640707117,BUY
2023-09-26,415.1506652832031,-0.03801581020289013,0.0003990838639933436,0.002051693169464551,0.0016526093054712076,0.0016526093054712076,BUY
2023-09-27,415.31634521484375,-0.028702519205289656,0.005797450321057607,0.001688046774617198,-0.004109403546440409,0.004109403546440409,BUY
2023-09-28,417.72412109375,-0.006652922253010729,-0.0024268730881041867,0.0008270990772243768,0.0032539721653285633,0.0032539721653285633,BUY
2023-09-29,416.7103576660156,-0.006830476391361362,-0.00039766337977986677,0.0008340318491433549,0.0012316952289232216,0.0012316952289232216,BUY
2023-10-02,416.5446472167969,-0.011382833524982261,-0.013386146651100606,0.0010117830071524185,0.014397929658253024,0.014397929658253024,BUY
2023-10-03,410.9687194824219,-0.010073320725449086,0.00728200381045796,0.0009606518217659213,-0.006321351988692038,0.006321351988692038,BUY
2023-10-04,413.9613952636719,-0.003262452746642941,-0.0003768608888653491,0.0006947149379176387,0.0010715758267829877,0.0010715758267829877,BUY
2023-10-05,413.8053894042969,-0.009381147727817285,0.01187279099824301,0.0009336252620606205,-0.01093916573618239,0.01093916573618239,BUY
2023-10-06,418.7184143066406,0.00481883064263644,0.006402287369361215,0.0003791734638019478,-0.0060231139055592665,0.0060231139055592665,BUY
2023-10-09,421.399169921875,0.011654267405701413,0.005204799858173459,0.00011227726816755135,-0.005092522590005907,0.005092522590005907,BUY
2023-10-10,423.5924682617188,0.030717055047876585,0.004096315650161886,-0.000632047590102603,-0.004728363240264489,0.004728363240264489,SELL
2023-10-11,425.32763671875,0.027457249842919307,-0.006096374463160692,-0.000504765363981593,0.005591609099179099,0.005591609099179099,SELL
2023-10-12,422.7346801757813,0.021578478676507418,-0.004980880251974962,-0.0002752230956954366,0.004705657156279525,0.004705657156279525,SELL
2023-10-13,420.6290893554688,0.00456315027843246,0.010521379183052959,0.00038915674926999456,-0.010132222433782964,0.010132222433782964,BUY
2023-10-16,425.0546875,0.0086747147100521,-4.587817284540385e-05,0.0002286167658069728,0.00027449493865237666,0.00027449493865237666,BUY
2023-10-17,425.0351867675781,0.0034059116107039156,-0.013325025580588346,0.00043434224488114455,0.01375936782546949,0.01375936782546949,BUY
2023-10-18,419.37158203125,-0.014003450924207073,-0.008786441650861065,0.0011141075312919389,0.009900549182153004,0.009900549182153004,BUY
2023-10-19,415.6867980957031,-0.01667211707624161,-0.012288028426224562,0.0012183081651482794,0.013506336591372842,0.013506336591372842,BUY
2023-10-20,410.5788269042969,-0.023893408006022576,-0.0017333332243186783,0.0015002704074357064,0.0032336036317543847,0.0032336036317543847,BUY
2023-10-23,409.8671569824219,-0.035730768214568,0.007539391417775265,0.0019624715096514668,-0.005576919908123798,0.005576919908123798,BUY
2023-10-24,412.9573059082031,-0.028416190554076515,-0.014352134622298562,0.001676866797337202,0.016029001419635765,0.016029001419635765,BUY
2023-10-25,407.0304870605469,-0.0294275899929326,-0.01197466555951876,0.001716357860140395,0.013691023419659155,0.013691023419659155,BUY
2023-10-26,402.1564331054688,-0.0325494219499346,-0.004532677607338886,0.0018382527882356862,0.006370930395574573,0.006370930395574573,BUY
2023-10-27,400.3335876464844,-0.0249531602373656,0.011955819011107538,0.0015416494514770254,-0.010414169559630513,0.010414169559630513,BUY
2023-10-30,405.1199035644531,-0.011582419662311105,0.006280089994937121,0.0010195760396389843,-0.005260513955298137,0.005260513955298137,BUY
2023-10-31,407.6640930175781,-0.012817821152198317,0.010664800566118293,0.0010678134777371046,-0.009596987088381189,0.009596987088381189,BUY
2023-11-01,412.0117492675781,0.012238056768190564,0.01916449253640584,8.948265162715647e-05,-0.019075009884778685,0.019075009884778685,BUY
2023-11-02,419.9077453613281,0.04414031653996675,0.009123344775336495,-0.0011561717316063466,-0.01027951650694284,0.01027951650694284,SELL
2023-11-03,423.73870849609375,0.058464044916154645,0.0023004565335285054,-0.0017154554677330793,-0.0040159120012615845,0.0040159120012615845,SELL
2023-11-06,424.7135009765625,0.048364934034874185,0.0028460132103069746,-0.0013211259805424056,-0.00416713919084938,0.00416713919084938,SELL
2023-11-07,425.9222412109375,0.04478723661485717,0.000732483939521078,-0.0011814313474659706,-0.0019139152869870487,0.0019139152869870487,SELL
2023-11-08,426.2342224121094,0.03451958146779588,-0.00779875595365398,-0.0007805208874871398,0.00701823506616684,0.00701823506616684,SELL
2023-11-09,422.9101257324219,0.007150095239396581,0.015604796073638516,0.0002881469978335254,-0.01531664907580499,0.01531664907580499,BUY
2023-11-10,429.5095520019531,0.013618872645222435,-0.0009532356759394123,3.55673690745124e-05,0.0009888030450139248,0.0009888030450139248,BUY
2023-11-13,429.1001281738281,0.010328438317075639,0.019400810184205586,0.0001640455387377219,-0.019236764645467863,0.019236764645467863,BUY
2023-11-14,437.4250183105469,0.02700675378422579,0.002116992288647701,-0.00048717531255089604,-0.002604167601198597,0.002604167601198597,SELL
2023-11-15,438.3510437011719,0.028427612453293838,0.0012231368848836244,-0.0005426541043901424,-0.0017657909892737668,0.0017657909892737668,SELL
2023-11-16,438.88720703125,0.03777890461042532,0.001243684923139865,-0.0009077842910214129,-0.0021514692141612777,0.0021514692141612777,SELL
2023-11-17,439.43304443359375,0.02310424153639201,0.007697643406205712,-0.0003347979724529621,-0.008032441378658673,0.008032441378658673,SELL
2023-11-20,442.8156433105469,0.03196343752002462,-0.0021794349526811363,-0.0006807137912031957,0.0014987211614779406,0.0014987211614779406,SELL
2023-11-21,441.8505554199219,0.010117247354684,0.003860881459266663,0.00017229169276832711,-0.0036885897664983357,0.0036885897664983357,BUY
2023-11-22,443.5564880371094,0.011875058610527844,0.0006153651814628791,0.00010365626344754192,-0.0005117089180153372,0.0005117089180153372,BUY
2023-11-24,443.8294372558594,0.011260820879332334,-0.001800885253609441,0.00012763976579767937,0.0019285250194071204,0.0019285250194071204,BUY
2023-11-27,443.0301513671875,0.00818579071182568,0.000990066136665968,0.0002477072730567946,-0.0007423588636091734,0.0007423588636091734,BUY
2023-11-28,443.4687805175781,0.001474964168267201,-0.000703364429964104,0.0005097379429499306,0.0012131023729140345,0.0012131023729140345,BUY
2023-11-29,443.1568603515625,0.0029564406236837204,0.003937440036624551,0.00045189227140350787,-0.003485547765221043,0.003485547765221043,BUY
2023-11-30,444.9017639160156,0.0030329302246474565,0.005915886918999691,0.00044890566144565924,-0.005466981257554032,0.005466981257554032,BUY
2023-12-01,447.5337524414063,0.008346258437588627,-0.0052494458493974605,0.00024144165653326022,0.005490887505930721,0.005490887505930721,BUY
2023-12-04,445.1844482421875,0.004862641669764134,-0.00019708243955018911,0.0003774628201558242,0.0005745452597060133,0.0005745452597060133,BUY
2023-12-05,445.0967102050781,0.003670900318168968,-0.004029707652330683,0.0004239955062073768,0.00445370315853806,0.00445370315853806,BUY
2023-12-06,443.3031005859375,0.00032999654853349547,0.007630304947847222,0.0005544443037025788,-0.007075860644144643,0.007075860644144643,BUY
2023-12-07,446.6856384277344,0.004009591906350529,0.004299106476431724,0.0004107709677451853,-0.003888335508686539,0.003888335508686539,BUY
2023-12-08,448.6059875488281,0.002395875398386149,0.0038896127400958047,0.00047378007919441403,-0.0034158326609013906,0.0034158326609013906,BUY
2023-12-11,450.3508911132813,0.011605173746507935,0.0045672258868239,0.00011419417725802995,-0.00445303170956587,0.00445303170956587,BUY
2023-12-12,452.4077453613281,0.01642572274434806,0.013790147483587534,-7.402878975773584e-05,-0.013864176273345269,0.013864176273345269,SELL
2023-12-13,458.6465148925781,0.034611565509829356,0.0032093437928943924,-0.0007841124927830099,-0.003993456285677402,0.003993456285677402,SELL
2023-12-14,460.1184692382813,0.030072224524227975,-0.001646463704508827,-0.0006068695627787749,0.0010395941417300522,0.0010395941417300522,SELL
2023-12-15,459.3609008789063,0.023974074418495306,0.005625172647597987,-0.0003687614330361267,-0.005993934080634113,0.005993934080634113,SELL
2023-12-18,461.9448852539063,0.025744357054483302,0.006080791384824202,-0.0004378838193766551,-0.006518675204200857,0.006518675204200857,SELL
2023-12-19,464.7538757324219,0.027289829799958865,-0.01385719599804458,-0.0004982282875535676,0.013358967710491013,0.013358967710491013,SELL
2023-12-20,458.3136901855469,-0.0007256671450107666,0.009481873879138458,0.0005956637068574377,-0.008886210172281021,0.008886210172281021,BUY
2023-12-21,462.6593627929688,0.005522259427868548,0.0020095746675123927,0.00035170741105567207,-0.0016578672564567206,0.0016578672564567206,BUY
2023-12-22,463.589111328125,0.009204550150282209,0.004222662954265877,0.00020792883199800236,-0.0040147341222678745,0.0040147341222678745,BUY
2023-12-26,465.5466918945313,0.007797048426340547,0.001807993348293957,0.0002628860890819581,-0.0015451072592119989,0.0015451072592119989,BUY
2023-12-27,466.3883972167969,0.0035169614923578063,0.0003777494885528476,0.0004300061955595818,5.225670700673417e-05,5.225670700673417e-05,BUY
2023-12-28,466.5645751953125,0.018002702486206168,-0.00289487681762135,-0.00013560347887909597,0.0027592733387422543,0.0027592733387422543,SELL
2023-12-29,465.21392822265625,0.005521482185654181,-0.005596449256205505,0.00035173775922467604,0.00594818701543018,0.00594818701543018,BUY
2024-01-02,462.6103820800781,-0.0021111998192601122,-0.008166666303841552,0.0006497631612891525,0.008816429465130705,0.008816429465130705,BUY
2024-01-03,458.8323974609375,-0.014422386734765813,-0.0032211463636230286,0.0011304652825123605,0.004351611646135389,0.004351611646135389,BUY
2024-01-04,457.35443115234375,-0.01937004890851468,0.001369691170573173,0.0013236515056068553,-4.6039664966317576e-05,4.6039664966317576e-05,BUY
2024-01-05,457.9808654785156,-0.018397688494038777,0.014276026501292671,0.0012856847590177556,-0.012990341742274916,0.012990341742274916,BUY
2024-01-08,464.5190124511719,-0.001493755301220867,-0.001517210125587365,0.0006256544468657459,0.002142864572453111,0.002142864572453111,BUY
2024-01-09,463.8142395019531,0.0026023138876867247,0.005655513968206183,0.0004657194900416398,-0.005189794478164543,0.005189794478164543,BUY
2024-01-10,466.4373474121094,0.016574570569244385,-0.00044058515518519137,-7.984069608798626e-05,0.0003607444590972051,0.0003607444590972051,SELL
2024-01-11,466.2318420410156,0.019410352855452784,0.0006926532737554503,-0.00019056653996179617,-0.0008832198137172464,0.0008832198137172464,SELL
2024-01-12,466.5547790527344,0.018721117453805336,-0.00367129474249428,-0.0001636546815140319,0.003507640060980248,0.003507640060980248,SELL
2024-01-16,464.8419189453125,0.0006951416098917029,-0.0055586484715669515,0.0005401868639647419,0.006098835335531693,0.006098835335531693,BUY
2024-01-17,462.2580261230469,-0.0033552514053413196,0.008892889022715789,0.0006983383507038417,-0.008194550672011946,0.008194550672011946,BUY
2024-01-18,466.3688354492188,-0.00014688352738190247,0.012466190558889645,0.0005730645444344367,-0.011893126014455208,0.011893126014455208,BUY
2024-01-19,472.18267822265625,0.012763684598610325,0.002114205077117015,6.89590079857381e-05,-0.002045246069131277,0.002045246069131277,BUY
2024-01-22,473.1809692382813,0.014202384120896472,0.0029166355480620965,1.2783602891796426e-05,-0.0029038519451703,0.0029038519451703,BUY
2024-01-23,474.5610656738281,0.020908498851754942,0.0010930253510244015,-0.0002490630897475422,-0.0013420884407719436,0.0013420884407719436,SELL
2024-01-24,475.0797729492188,0.02773720758016429,0.005438989417253071,-0.000515696582804777,-0.005954686000057848,0.005954686000057848,SELL
2024-01-25,477.6637268066406,0.024218795294377315,-0.001270373883096032,-0.000378316794753194,0.0008920570883428381,0.0008920570883428381,SELL
2024-01-26,477.0569152832031,0.010322778207142225,0.007919294282359823,0.0001642665431680845,-0.0077550277391917385,0.0077550277391917385,BUY
2024-01-29,480.8348693847656,0.016175418379157147,-0.0007734832648165213,-6.425541533620406e-05,0.0007092278494803172,0.0007092278494803172,SELL
2024-01-30,480.46295166015625,0.012436515368044576,-0.016317333606033047,8.173364492458928e-05,0.016399067250957636,0.016399067250957636,BUY
2024-01-31,472.6230773925781,-0.005171122191521493,0.013088211963223406,0.0007692407701679367,-0.012318971193055469,0.012318971193055469,BUY
2024-02-01,478.8088684082031,0.002397380285118489,0.010527413398256025,0.00047372131944611347,-0.010053692078809911,0.010053692078809911,BUY
2024-02-02,483.8494873046875,0.014238493990705425,-0.0036412993431633733,1.137365833215405e-05,0.003652673001495527,0.003652673001495527,BUY
2024-02-05,482.087646484375,0.0026054206534820157,0.0029033905575268637,0.0004655981833863035,-0.0024377923741405604,0.0024377923741405604,BUY
2024-02-06,483.4873352050781,0.006294727896233532,0.008340385382410442,0.0003215456375508437,-0.0080188397448596,0.0080188397448596,BUY
2024-02-07,487.5198059082031,0.031519257582192095,0.0004416887860563268,-0.0006633703587797983,-0.0011050591448361251,0.0011050591448361251,SELL
2024-02-08,487.7351379394531,0.01864265706047874,0.005779401399252482,-0.00016059112007491515,-0.005939992519327397,0.005939992519327397,SELL
2024-02-09,490.553955078125,0.013856515196048136,-0.00043889466478275185,2.6288387359846743e-05,0.0004651830521425986,0.0004651830521425986,BUY
2024-02-12,490.3386535644531,0.01711515974376976,-0.013773028981571844,-0.00010094851978428312,0.013672080461787561,0.013672080461787561,SELL
2024-02-13,483.585205078125,0.0002024248949672458,0.009087650478476705,0.0005594254614819324,-0.008528225016994772,0.008528225016994772,BUY
2024-02-14,487.9798583984375,0.0009436590773523879,0.006899696337564265,0.0005304832606818683,-0.006369213076882397,0.006369213076882397,BUY
2024-02-15,491.3467712402344,0.007404906925589483,-0.004980046832228524,0.00027819763073301307,0.005258244462961537,0.005258244462961537,BUY
2024-02-16,488.89984130859375,-0.003371930350185015,-0.00550527550409563,0.0006989895961297423,0.006204265100225373,0.006204265100225373,BUY
2024-02-20,486.2083129882813,-0.008423444788916434,0.0009057828880281171,0.0008962308306876785,-9.552057340438624e-06,9.552057340438624e-06,BUY
2024-02-21,486.6487121582031,0.0063349892592003965,0.020695443923292256,0.00031997359395225823,-0.02037547032934,0.02037547032934,BUY
2024-02-22,496.7201232910156,0.017911118137670545,0.0006897049585214976,-0.00013202747999985947,-0.0008217324385213571,0.0008217324385213571,SELL
2024-02-23,497.0627136230469,0.0116332144981528,-0.003662506874030691,0.00011309929916959781,0.0037756061732002887,0.0037756061732002887,BUY
2024-02-26,495.2422180175781,0.012972752643994223,0.0018576423347729243,6.079574528931582e-05,-0.0017968465894836086,0.0017968465894836086,BUY
2024-02-27,496.1622009277344,0.020472475837106874,-0.0013215450156576214,-0.00023203815222673496,0.0010895068634308863,0.0010895068634308863,SELL
2024-02-28,495.5065002441406,0.01820160593183262,0.003594868113133698,-0.0001433698550122385,-0.0037382379681459364,0.0037382379681459364,SELL
2024-02-29,497.2877807617188,0.0011428115030698294,0.009388328755481679,0.0005227071628818627,-0.008865621592599815,0.008865621592599815,BUY
2024-03-01,501.95648193359375,0.009845373986869133,-0.001072402847500431,0.00018290724961996603,0.0012553100971203972,0.0012553100971203972,BUY
2024-03-04,501.4181823730469,0.012470593440500055,-0.009994113984924669,8.040303384468481e-05,0.010074517018769354,0.010074517018769354,BUY
2024-03-05,496.4069519042969,0.0004932882353891888,0.005067236402116482,0.0005480684229050266,-0.004519167979211455,0.004519167979211455,BUY
2024-03-06,498.92236328125,0.006893679569140554,0.009926362286686308,0.0002981589940328277,-0.00962820329265348,0.00962820329265348,BUY
2024-03-07,503.8748474121094,0.013245985333282917,-0.006002190906882476,5.01271124247484e-05,0.006052318019307225,0.006052318019307225,BUY
2024-03-08,500.8504943847656,-0.002203353455199397,-0.0008597436404105263,0.0006533613885420141,0.0015131050289525403,0.0015131050289525403,BUY
2024-03-11,500.4198913574219,-0.001990935013366335,0.010757262623508623,0.0006450673063973042,-0.010112195317111319,0.010112195317111319,BUY
2024-03-12,505.8030395507813,0.018928195123858682,-0.0015675008208564378,-0.00017174022809339788,0.0013957605927630398,0.0013957605927630398,SELL
2024-03-13,505.01019287109375,0.012201957735079372,-0.001976713563683785,9.08921730575233e-05,0.0020676057367413083,0.0020676057367413083,BUY
2024-03-14,504.0119323730469,0.0002720615280591421,-0.006866655812192479,0.0005567064322387035,0.007423362244431183,0.007423362244431183,BUY
2024-03-15,500.5510559082031,-0.0005978599999793,0.005943157007685107,0.0005906733540875736,-0.005352483653597534,0.005352483653597534,BUY
2024-03-18,503.5259094238281,0.006206823749513646,0.005557186241044176,0.0003249779394143906,-0.005232208301629786,0.005232208301629786,BUY
2024-03-19,506.3240966796875,0.001030158160711947,0.009249164679070221,0.0005271058208671553,-0.008722058858203065,0.008722058858203065,BUY
2024-03-20,511.0071716308594,0.011874965781723201,0.0033049894106684796,0.00010365988803740547,-0.003201329522631074,0.003201329522631074,BUY
2024-03-21,512.696044921875,0.01722997411577265,-0.0018961282436262827,-0.00010543155724829787,0.0017906966863779849,0.0017906966863779849,SELL
2024-03-22,511.7239074707031,0.022321102773877666,-0.002762734559748292,-0.00030421956706147015,0.002458514992686822,0.002458514992686822,SELL
2024-03-25,510.3101501464844,0.013473468982796222,-0.0018469854070510827,4.124479477210063e-05,0.0018882302018231835,0.0018882302018231835,BUY
2024-03-26,509.36761474609375,0.006011007744574526,0.00840383158354352,0.00033262376345960396,-0.008071207820083916,0.008071207820083916,BUY
2024-03-27,513.6482543945312,0.005168386884361942,-0.0001911922518300635,0.0003655247045037986,0.0005567169563338621,0.0005567169563338621,BUY
2024-03-28,513.550048828125,0.0016657119061258552,-0.0017395998385548728,0.000502290014262267,0.0022418898528171398,0.0022418898528171398,BUY
2024-04-01,512.6566772460938,0.0018227988995100919,-0.006358217232322438,0.000496156401682535,0.006854373634004973,0.006854373634004973,BUY
2024-04-02,509.3970947265625,-0.0017892166551258804,0.0010985552054993963,0.0006371910192966898,-0.0004613641862027065,0.0004613641862027065,BUY
2024-04-03,509.9566955566406,0.001156494432494437,-0.012206033167285635,0.000522172899756455,0.01272820606704209,0.01272820606704209,BUY
2024-04-04,503.7321472167969,-0.019305248470907532,0.01044686284838603,0.0013211213102627558,-0.009125741538123273,0.009125741538123273,BUY
2024-04-05,508.99456787109375,-0.00887056863771396,0.0005592750624836551,0.000913689210943099,0.0003544141484594439,0.0003544141484594439,BUY
2024-04-08,509.27923583984375,-0.006588115509180592,0.0011566951273311865,0.0008245686356477421,-0.00033212649168344436,0.00033212649168344436,BUY
2024-04-09,509.8683166503906,0.0009250581299076188,-0.010013069086597493,0.0005312095525459127,0.010544278639143406,0.010544278639143406,BUY
2024-04-10,504.7629699707031,-0.010184640443377857,0.0075468832574077105,0.0009649984071040849,-0.006581884850303626,0.006581884850303626,BUY
2024-04-11,508.5723571777344,0.009608697772577113,-0.013802963942355584,0.00019214849979625576,0.01399511244215184,0.01399511244215184,BUY
2024-04-12,501.5525512695313,-0.014621013801167315,-0.012528237210702176,0.0011382208671531305,0.013666458077855307,0.013666458077855307,BUY
2024-04-15,495.26898193359375,-0.027509964907848516,-0.0018237751813515723,0.0016414823463140426,0.003465257527665615,0.003465257527665615,BUY
2024-04-16,494.36572265625,-0.030405093801446292,-0.00591825265368251,0.001754525435491272,0.007672778089173782,0.007672778089173782,BUY
2024-04-17,491.43994140625,-0.0263946235303798,-0.0020576888110811486,0.001597932770654367,0.0036556215817355156,0.0036556215817355156,BUY
2024-04-18,490.4287109375,-0.035675643758777076,-0.008728424887345487,0.0019603191223136873,0.010688744009659175,0.010688744009659175,BUY
2024-04-19,486.1480407714844,-0.030713651957417043,0.009209233414054774,0.0017665733851417683,-0.007442660028913006,0.007442660028913006,BUY
2024-04-22,490.6250915527344,-0.009376501558262418,0.011866600592169929,0.0009334438479064926,-0.010933156744263437,0.010933156744263437,BUY
2024-04-23,496.4471435546875,0.004210285630755095,-0.00047462499031813987,0.00040293468845712136,0.0008775596787752612,0.0008775596787752612,BUY
2024-04-24,496.2115173339844,0.00970937753671497,-0.0037989874327938322,0.00018821736167631012,0.003987204794470143,0.003987204794470143,BUY
2024-04-25,494.326416015625,0.007947546689658802,0.00947395766710235,0.00025700973979784667,-0.009216947927304504,0.009216947927304504,BUY
2024-04-26,499.0096435546875,0.026456144434507278,0.0035414995571061425,-0.0004656762414871904,-0.004007175798593333,0.004007175798593333,SELL
2024-04-29,500.7768859863281,0.020691551672306963,-0.015841231065720218,-0.00024059217869162376,0.015600638887028595,0.015600638887028595,SELL
2024-04-30,492.8439636230469,-0.007257932648863541,-0.0032471571430243706,0.0008507222894007954,0.004097879432425166,0.004097879432425166,BUY
2024-05-01,491.2436218261719,-0.010011648932503059,0.009353502882605058,0.000958243787358495,-0.008395259095246563,0.008395259095246563,BUY
2024-05-02,495.8384704589844,0.0030588178061510263,0.012395280913191309,0.0004478948559540757,-0.011947386057237233,0.011947386057237233,BUY
2024-05-03,501.9845275878906,0.005961576237307975,0.010326627790613108,0.00033455386415268693,-0.009992073926460421,0.009992073926460421,BUY
2024-05-06,507.1683349609375,0.012763067053346067,0.0011035031697661513,6.898312063389448e-05,-0.0010345200491322568,0.0010345200491322568,BUY
2024-05-07,507.7279968261719,0.03020029522875345,9.68310171327591e-05,-0.0006118702064823,-0.0007087012236150591,0.0007087012236150591,SELL
2024-05-08,507.7771606445313,0.033656495644456275,0.005761819241987931,-0.0007468208722957138,-0.006508640114283645,0.006508640114283645,SELL
2024-05-09,510.702880859375,0.029978332231121563,0.0012882205561708382,-0.0006032034479863889,-0.0018914240041572271,0.0018914240041572271,SELL
2024-05-10,511.36077880859375,0.01867836697229963,0.00013421841495753206,-0.0001619854478906496,-0.00029620386284818167,0.00029620386284818167,SELL
2024-05-13,511.4294128417969,0.00840170331451695,0.00458817393112132,0.00023927675804432275,-0.004348897173076997,0.004348897173076997,BUY
2024-05-14,513.7759399414062,0.01191177786736275,0.012382947608641448,0.00010222252478599597,-0.012280725083855451,0.012280725083855451,BUY
2024-05-15,520.1380004882812,0.024343040218784306,-0.0020575124845384485,-0.0003831680571963331,0.0016743444273421154,0.0016743444273421154,SELL
2024-05-16,519.0678100585938,0.01637924811613134,0.0014376075839268587,-7.221414324800734e-05,-0.001509821727174866,0.001509821727174866,SELL
2024-05-17,519.8140258789062,0.016530886647207366,0.0011520984877475549,-7.813501538224573e-05,-0.0012302335031298007,0.0012302335031298007,SELL
2024-05-20,520.4129028320312,0.017565454322067575,0.00245248752557492,-0.0001185307042193554,-0.0025710182297942756,0.0025710182297942756,SELL
2024-05-21,521.689208984375,0.015402179097509405,-0.0028793699478528723,-3.406354468618307e-05,0.002845306403166689,0.002845306403166689,SELL
2024-05-22,520.1870727539062,9.434470386504579e-05,-0.00730421947389015,0.0005636455563827418,0.007867865030272892,0.007867865030272892,BUY
2024-05-23,516.3875122070312,-0.005163675727184791,0.00661651750081238,0.0007689500158136383,-0.005847567484998741,0.005847567484998741,BUY
2024-05-24,519.80419921875,-1.8904184317936057e-05,0.0006986461060400906,0.0005680674680269526,-0.000130578638013138,0.000130578638013138,BUY
2024-05-28,520.1673583984375,-0.00047182618312791025,-0.007002469485786977,0.000585752242620245,0.007588221728407223,0.007588221728407223,BUY
2024-05-29,516.52490234375,-0.009899201577657446,-0.006633545809727859,0.0009538531723535238,0.007587398982081383,0.007587398982081383,BUY
2024-05-30,513.0985107421875,-0.013626947655948851,0.009108075244635083,0.0010994065994531696,-0.008008668645181913,0.008008668645181913,BUY
2024-05-31,517.7718505859375,0.0026808130448190415,0.000815378772143438,0.000462654415032486,-0.00035272435711095204,0.00035272435711095204,BUY
2024-06-03,518.1940307617188,-0.003097644188814308,0.0011177736493048762,0.0006882798294355978,-0.00042949381986927845,0.00042949381986927845,BUY
2024-06-04,518.7732543945312,-0.0026801066645139038,0.011885174104464769,0.0006719766756455518,-0.011213197428819217,0.011213197428819217,BUY
2024-06-05,524.93896484375,0.01628975188189541,-1.871962421229334e-05,-6.871967679778098e-05,-5.0000052585487636e-05,5.0000052585487636e-05,SELL
2024-06-06,524.9291381835938,0.023057224282903244,-0.0012156356204607865,-0.0003329621386181533,0.0008826734818426332,0.0008826734818426332,SELL
2024-06-07,524.291015625,0.01259080622417974,0.0030897612847706757,7.570921021016663e-05,-0.003014052074560509,0.003014052074560509,BUY
2024-06-10,525.9109497070312,0.01489194874354105,0.002408395495864024,-1.414111030610351e-05,-0.0024225366061701274,0.0024225366061701274,SELL
2024-06-11,527.1775512695312,0.016200327992638597,0.008212889316852934,-6.522803512677049e-05,-0.008278117351979704,0.008278117351979704,SELL
2024-06-12,531.5072021484375,0.012512382857009952,0.002013501275921703,7.877132592741759e-05,-0.0019347299499942855,0.0019347299499942855,BUY
2024-06-13,532.577392578125,0.014570070202230445,0.0006083146109652215,-1.5730534123069599e-06,-0.0006098876643775285,0.0006098876643775285,SELL
2024-06-14,532.9013671875,0.016422847819041353,0.007958945630402559,-7.391653553701961e-05,-0.008032862165939578,0.008032862165939578,SELL
2024-06-17,537.1427001953125,0.02135675344759047,0.0025407514488304805,-0.0002665656211074391,-0.0028073170699379198,0.0028073170699379198,SELL
2024-06-18,538.5074462890625,0.0214916113029604,-0.00271656526772468,-0.0002718312756365154,0.0024447339920881644,0.0024447339920881644,SELL
2024-06-20,537.0445556640625,0.010418209750012952,-0.0013406163334711563,0.00016054032688979982,0.001501156660360956,0.001501156660360956,BUY
2024-06-21,536.3245849609375,0.007035958407233478,-0.0032506587466095693,0.00029260358010354187,0.003543262326713111,0.003543262326713111,BUY
2024-06-24,534.5811767578125,0.0031521960230240786,0.0038509675885742833,0.00044424881376212567,-0.0034067187748121576,0.0034067187748121576,BUY
2024-06-25,536.6398315429688,-0.000936191913547213,0.0012479091096342376,0.0006038838487089138,-0.0006440252609253238,0.0006440252609253238,BUY
2024-06-26,537.3095092773438,-0.002224550505241729,0.0015765716388178586,0.0006541890477262143,-0.0009223825910916443,0.0009223825910916443,BUY
2024-06-27,538.1566162109375,0.00207070444183155,-0.003935168225407737,0.0004864766916046363,0.004421644917012373,0.004421644917012373,BUY
2024-06-28,536.0388793945312,-0.0005327101803976886,0.002058079164826365,0.0005881295167886088,-0.0014699496480377564,0.0014699496480377564,BUY
2024-07-01,537.14208984375,0.00479050366395084,0.006729817365669577,0.00038027951790018115,-0.006349537847769396,0.006349537847769396,BUY
2024-07-02,540.7569580078125,0.007672047848192642,0.004462535223858088,0.0002677668567514137,-0.004194768367106675,0.004194768367106675,BUY
2024-07-03,543.1701049804688,0.01090729942786095,0.005766521610297559,0.00014144335051997507,-0.005625078259777584,0.005625078259777584,BUY
2024-07-05,546.3023071289062,0.015136283142481943,0.0011538869331577661,-2.3681381659693005e-05,-0.0011775683148174591,0.0011775683148174591,SELL
2024-07-08,546.9326782226562,0.02032277740829147,0.0009725536759794817,-0.0002261930332492371,-0.0011987467092287188,0.0011987467092287188,SELL
2024-07-09,547.464599609375,0.019217465845262183,0.00989513537859854,-0.00018303508133060253,-0.010078170459929143,0.010078170459929143,SELL
2024-07-10,552.8818359375,0.02242204700306849,-0.008622478808657075,-0.0003081610314734966,0.008314317777183578,0.008314317777183578,SELL
2024-07-11,548.1146240234375,0.009103076545691868,0.006307466000616824,0.00021189096638110606,-0.006095575034235717,0.006095575034235717,BUY
2024-07-12,551.5718383789062,0.009645815478418918,0.0027501526233455476,0.0001906992033104212,-0.002559453420035126,0.002559453420035126,BUY
2024-07-15,553.0887451171875,0.01125562091944543,0.0059301644727332015,0.00012784280322738177,-0.00580232166950582,0.00580232166950582,BUY
2024-07-16,556.36865234375,0.016264161629314877,-0.014021214751418043,-6.772048079965948e-05,0.013953494270618384,0.013953494270618384,SELL
2024-07-17,548.5676879882812,-0.007803019865724847,-0.007684918989026457,0.0008720057434816419,0.008556924732508098,0.008556924732508098,BUY
2024-07-18,544.3519897460938,-0.0068646850721189034,-0.00664045720754336,0.0008353675599498967,0.007475824767493256,0.007475824767493256,BUY
2024-07-19,540.7372436523438,-0.01964312528791512,0.010309795010722489,0.0013343140352016594,-0.00897548097552083,0.00897548097552083,BUY
2024-07-22,546.3121337890625,-0.012252303790215802,-0.0015684670092365183,0.0010457323090115153,0.0026141993182480336,0.0026141993182480336,BUY
2024-07-23,545.4552612304688,-0.019615395416883508,-0.022662517054598985,0.0013332312957454536,0.023995748350344438,0.023995748350344438,BUY
2024-07-24,533.0938720703125,-0.028207669275444602,-0.0052104311666424374,0.0016687248836739232,0.0068791560503163604,0.0068791560503163604,BUY
2024-07-25,530.3162231445312,-0.025784358036625044,0.011199602794479846,0.001574104368131474,-0.009625498426348371,0.009625498426348371,BUY
2024-07-26,536.2555541992188,-0.008288109438983615,0.000587866325229891,0.000890946531924636,0.00030308020669474493,0.00030308020669474493,BUY
2024-07-29,536.57080078125,-0.0178310756897333,-0.005066443897835726,0.001263560817694208,0.006330004715529934,0.006330004715529934,BUY
2024-07-30,533.852294921875,-0.02127207698468092,0.016254706380830264,0.0013979180192350135,-0.01485678836159525,0.01485678836159525,BUY
2024-07-31,542.5299072265625,0.017700513269087947,-0.014160950678437256,-0.0001238042105651243,0.014037146467872132,0.014037146467872132,SELL
2024-08-01,534.84716796875,0.008543854829392794,-0.018618417388875153,0.000233726315572375,0.018852143704447526,0.018852143704447526,BUY
2024-08-02,524.88916015625,-0.021195853271752108,-0.029123754736165464,0.0013949417911309433,0.030518696527296406,0.030518696527296406,BUY
2024-08-05,509.6024169921875,-0.05026062497213113,0.009219546583760119,0.0025298037264690895,-0.006689742857291029,0.006689742857291029,BUY
2024-08-06,514.3007202148438,-0.036623565905795075,-0.006683951431606494,0.0019973316532705607,0.008681283084877055,0.008681283084877055,BUY
2024-08-07,510.8631591796875,-0.05836866802192875,0.023117254015599942,0.002846390057239351,-0.020270863958360592,0.020270863958360592,BUY
2024-08-08,522.6729125976562,-0.022762119910495704,0.004409776267175758,0.0014560981768484665,-0.002953678090327291,0.002953678090327291,BUY
2024-08-09,524.977783203125,0.0001688414499712021,0.0005252733444356394,0.0005607367593574645,3.54634149218251e-05,3.54634149218251e-05,BUY
2024-08-12,525.2535400390625,0.030712419182099326,0.016445740838048506,-0.0006318665782693714,-0.017077607416317878,0.017077607416317878,SELL
2024-08-13,533.8917236328125,0.03809250628656491,0.003154694223874266,-0.0009200291697625184,-0.004074723393636784,0.004074723393636784,SELL
2024-08-14,535.5759887695312,0.04837465600284441,0.017140297237214774,-0.0013215055841222898,-0.018461802821337064,0.018461802821337064,SELL
2024-08-15,544.7559204101562,0.04225014780802128,0.0022419462199565476,-0.0010823682774672827,-0.0033243144974238305,0.0033243144974238305,SELL
2024-08-16,545.9772338867188,0.04000064641872392,0.00956145529530561,-0.0009945343344891391,-0.01055598962979475,0.01055598962979475,SELL
2024-08-19,551.1975708007812,0.04939334775314275,-0.0016260980037141604,-0.0013612813822319134,0.0002648166214822469,0.0002648166214822469,SELL
2024-08-20,550.30126953125,0.03073571882100068,0.003436505394328604,-0.0006327763350556573,-0.0040692817293842614,0.0040692817293842614,SELL
2024-08-21,552.1923828125,0.031025278189084515,-0.007848464483725226,-0.000644082458779816,0.00720438202494541,0.00720438202494541,SELL
2024-08-22,547.8585205078125,0.0056953949124962655,0.010625310685670852,0.00034494716971657507,-0.010280363515954277,0.010280363515954277,BUY
2024-08-23,553.6796875,0.014107646134709384,-0.002383622179734979,1.6482738583026182e-05,0.002400104918318005,0.002400104918318005,BUY
2024-08-26,552.3599243164062,0.0021087783713131802,0.001372838158359313,0.00048499005844808245,-0.0008878480999112305,0.0008878480999112305,BUY
2024-08-27,553.1182250976562,0.00511893343223746,-0.005805155849697541,0.00036745566205494324,0.006172611511752484,0.006172611511752484,BUY
2024-08-28,549.9072875976562,-0.004138222992510321,8.934833541829335e-05,0.0007289102285733591,0.0006395618931550657,0.0006395618931550657,BUY
2024-08-29,549.9564208984375,0.00382927400431865,0.009546210936901778,0.0004178116534724138,-0.009128399283429364,0.009128399283429364,BUY
2024-08-30,555.2064208984375,0.0027574307544693255,-0.02057889944948066,0.0004596628029478893,0.021038562252428547,0.021038562252428547,BUY
2024-09-03,543.7808837890625,-0.015531612902512926,-0.0020469607845998716,0.0011737760839332016,0.0032207368685330732,0.0032207368685330732,BUY
2024-09-04,542.6677856445312,-0.018893681276330954,-0.0024322159686309686,0.001305051273732836,0.0037372672423638047,0.0037372672423638047,BUY
2024-09-05,541.347900390625,-0.015565145980196204,-0.016830141776643548,0.001175085415168616,0.018005227191812165,0.018005227191812165,BUY
2024-09-06,532.2369384765625,-0.03221979369370309,0.011196112002403558,0.0018253821362771798,-0.009370729866126378,0.009370729866126378,BUY
2024-09-09,538.1959228515625,-0.030638150796866714,0.004355847409592606,0.001763625369789516,-0.0025922220398030896,0.0025922220398030896,BUY
2024-09-10,540.5402221679688,-0.00595949897781034,0.010259014831512037,0.0008000236992301926,-0.009458991132281843,0.009458991132281843,BUY
2024-09-11,546.0856323242188,0.006298230280295858,0.00842320729240087,0.0003214088836001764,-0.008101798408800693,0.008101798408800693,BUY
2024-09-12,550.6854248046875,0.017248657300277248,0.005222872330403305,-0.00010616106013735345,-0.005329033390540659,0.005329033390540659,SELL
2024-09-13,553.5615844726562,0.04006607669345885,0.0014766990170298477,-0.0009970891224290158,-0.0024737881394588635,0.0024737881394588635,SELL
2024-09-16,554.3790283203125,0.03006917143297172,0.0004086779773875282,-0.0006067503518973837,-0.001015428329284912,0.001015428329284912,SELL
2024-09-17,554.6055908203125,0.026020947332894284,-0.0029658869080358974,-0.00044868355253434257,0.002517203355501555,0.002517203355501555,SELL
2024-09-18,552.960693359375,0.012589712360486338,0.01706434688623526,7.575192116901703e-05,-0.01698859496506624,0.01698859496506624,BUY
2024-09-19,562.3966064453125,0.021266554575652075,-0.0017285078225098838,-0.00026304371949305305,0.0014654641030168308,0.0014654641030168308,SELL
2024-09-20,561.4244995117188,0.014204228146635245,0.002498809844647676,1.2711601135158138e-05,-0.002486098243512518,0.002486098243512518,BUY
2024-09-23,562.827392578125,0.015239328737614466,0.002861290368756819,-2.7704895923823334e-05,-0.0028889952646806425,0.0028889952646806425,SELL
2024-09-24,564.4378051757812,0.017728300107696437,-0.002205509686735607,-0.00012488917437510148,0.0020806205123605056,0.0020806205123605056,SELL
2024-09-25,563.1929321289062,0.01850445952562718,0.003964625608232408,-0.0001551950645518451,-0.004119820672784253,0.004119820672784253,SELL
2024-09-26,565.42578125,0.005386189692419663,-0.0014502474973920876,0.0003570203846067582,0.001807267881998846,0.001807267881998846,BUY
2024-09-27,564.6057739257812,0.00566643318349902,0.0040072424185457756,0.00034607800825057,-0.0036611644102952055,0.0036611644102952055,BUY
2024-09-30,566.8682861328125,0.007179631993704971,-0.008958425077819077,0.000286993706883795,0.009245418784702872,0.009245418784702872,BUY
2024-10-01,561.7900390625,-0.004690979394012529,0.00042197356733231217,0.0007504931333367625,0.00032851956600445033,0.00032851956600445033,BUY
2024-10-02,562.027099609375,-0.002070041104962561,-0.0018281428440489744,0.0006481560797457203,0.002476298923794695,0.002476298923794695,BUY
2024-10-03,560.9996337890625,-0.007827990176097921,0.009087498795071758,0.000872980733240657,-0.008214518061831102,0.008214518061831102,BUY
2024-10-04,566.0977172851562,0.0026424514737093396,-0.009040592693541627,0.0004641522794327627,0.00950474497297439,0.00950474497297439,BUY
2024-10-07,560.9798583984375,-0.010387647145593482,0.009457524860479127,0.0009729249988330004,-0.008484599861646127,0.008484599861646127,BUY
2024-10-08,566.2853393554688,0.00800174438918555,0.00692658637582011,0.00025489353854879303,-0.006671692837271316,0.006671692837271316,BUY
2024-10-09,570.207763671875,0.014555639876058901,-0.001750107361326192,-1.0096074628454911e-06,0.0017490977538633466,0.0017490977538633466,SELL
2024-10-10,569.2098388671875,0.01463495621676647,0.0059882473969898875,-4.106590189813177e-06,-0.005992353987179701,0.005992353987179701,SELL
2024-10-11,572.618408203125,0.011518666687511336,0.008178192198069034,0.0001175719284891539,-0.00806062026957988,0.00806062026957988,BUY
2024-10-14,577.3013916015625,0.029094686660804392,-0.007769620276183109,-0.0005687006577212224,0.007200919618461887,0.007200919618461887,SELL
2024-10-15,572.8159790039062,0.011532418719987447,0.004346502515658823,0.00011703496716870875,-0.004229467548490114,0.004229467548490114,BUY
2024-10-16,575.3057250976562,0.008940533171545528,8.57220849690421e-05,0.00021823762858997188,0.00013251554362092978,0.00013251554362092978,BUY
2024-10-17,575.3550415039062,0.010796023218693218,0.0038465549199675486,0.00014578823701676244,-0.003700766682950786,0.003700766682950786,BUY
2024-10-18,577.5681762695312,0.008644095256976847,-0.0016421010227650745,0.00022981233177027003,0.0018719133545353444,0.0018719133545353444,BUY
2024-10-21,576.6197509765625,-0.0011807361543144657,-0.0005312607636140942,0.0006134323135382214,0.0011446930771523158,0.0011446930771523158,BUY
2024-10-22,576.3134155273438,0.006105689526188396,-0.009137373986199737,0.0003289268223299346,0.009466300808529672,0.009466300808529672,BUY
2024-10-23,571.0474243164062,-0.007401804980347038,0.0021627737629623667,0.0008563399228104823,-0.0013064338401518843,0.0013064338401518843,BUY
2024-10-24,572.282470703125,-0.005340303949974867,-0.0003452330114855906,0.0007758466344699709,0.0011210796459555615,0.0011210796459555615,BUY
2024-10-25,572.0848999023438,-0.009493730078072415,0.003091313286971209,0.0009380211480910546,-0.002153292138880154,0.002153292138880154,BUY
2024-10-28,573.8533935546875,-0.004797541910747771,0.0016183766584478843,0.0007546539691837919,-0.0008637226892640923,0.0008637226892640923,BUY
2024-10-29,574.7821044921875,-0.0026570803210524963,-0.0030254119311092786,0.0006710775899422902,0.003696489521051569,0.003696489521051569,BUY
2024-10-30,573.0431518554688,0.0034948542871926502,-0.019603058515099803,0.0004308693926249941,0.020033927907724798,0.020033927907724798,BUY
2024-10-31,561.8097534179688,-0.0182999092603503,0.00422056536172688,0.0012818668748959222,-0.002938698486830958,0.002938698486830958,BUY
2024-11-01,564.180908203125,-0.01381611662983584,-0.0021539366952487704,0.0011067928837847447,0.003260729579033515,0.003260729579033515,BUY
2024-11-04,562.9656982421875,-0.01897295621980566,0.012091877059248857,0.001308146640065074,-0.010783730419183783,0.010783730419183783,BUY
2024-11-05,569.7730102539062,-0.008714770691593987,0.024865452240191654,0.0009076059304522664,-0.02395784630973939,0.02395784630973939,BUY
2024-11-06,583.940673828125,0.019016930814670596,0.007732288494832984,-0.00017520499839493323,-0.007907493493227917,0.007907493493227917,SELL
2024-11-07,588.4558715820312,0.04742907719552991,0.004331591064695717,-0.001284584551115529,-0.005616175615811246,0.005616175615811246,SELL
2024-11-08,591.0048217773438,0.04754487999186452,0.0009530081669744117,-0.001289106182557215,-0.0022421143495316266,0.0022421143495316266,SELL
2024-11-11,591.5680541992188,0.05080656964774177,-0.0031065022975570455,-0.0014164619888749023,0.0016900403086821433,0.0016900403086821433,SELL
2024-11-12,589.7303466796875,0.0350268195695822,0.000485813601166285,-0.0008003264865059331,-0.001286140087672218,0.001286140087672218,SELL
2024-11-13,590.016845703125,0.010405460943774703,-0.006430128741193086,0.00016103811627792713,0.006591166857471013,0.006591166857471013,BUY
2024-11-14,586.2229614257812,-0.003794524388459175,-0.012808551500482546,0.0007154901863659945,0.01352404168684854,0.01352404168684854,BUY
2024-11-15,578.7142944335938,-0.020795984890255914,0.0040972804853161016,0.0013793285459975098,-0.002717951939318592,0.002717951939318592,BUY
2024-11-18,581.08544921875,-0.01772003221955354,0.0036554787435623126,0.0012592250187148126,-0.0023962537248475,0.0023962537248475,BUY
2024-11-19,583.2095947265625,-0.011057175520707507,0.00033886931512183693,0.0009990673774960264,0.0006601980623741894,0.0006601980623741894,BUY
2024-11-20,583.4072265625,-0.011202424454081927,0.005368390834419978,0.0010047387616491296,-0.004363652072770848,0.004363652072770848,BUY
2024-11-21,586.5391845703125,0.000539424699029345,0.0030992133286464885,0.0005462669803560854,-0.002552946348290403,0.002552946348290403,BUY
2024-11-22,588.3569946289062,0.016662281004740098,0.003392138773632647,-8.326543431067532e-05,-0.0034754042079433224,0.0034754042079433224,SELL
2024-11-25,590.352783203125,0.01594831534128871,0.0052214872512752475,-5.538795903090694e-05,-0.005276875210306155,0.005276875210306155,SELL
2024-11-26,593.435302734375,0.01753350442152235,-0.0030300804990802677,-0.0001172831896563512,0.0029127973094239166,0.0029127973094239166,SELL
2024-11-27,591.6371459960938,0.014106646367898712,0.006212072709806282,1.6521775438685837e-05,-0.0061955509343675965,0.0061955509343675965,BUY
2024-11-29,595.3124389648438,0.014957661185003968,0.0017923640289088105,-1.6706915716968953e-05,-0.0018090709446257794,0.0018090709446257794,SELL
2024-12-02,596.3794555664062,0.013635362561738473,0.0004640223533096677,3.492350444127626e-05,-0.0004290988488683914,0.0004290988488683914,BUY
2024-12-03,596.6561889648438,0.010677354187301091,0.006209328006473225,0.00015042178336003605,-0.006058906223113189,0.006058906223113189,BUY
2024-12-04,600.3610229492188,0.011670556475039673,-0.0016455349386431672,0.00011164124580533772,0.001757176184448505,0.001757176184448505,BUY
2024-12-05,599.3731079101562,0.013075517597932462,0.0018955962798452575,5.678318893024539e-05,-0.001838813090915012,0.001838813090915012,BUY
2024-12-06,600.50927734375,0.008729598171915764,-0.0051495394127543115,0.00022647378830862068,0.005376013201062933,0.005376013201062933,BUY
2024-12-09,597.4169311523438,0.00173962328221422,-0.00310908810605226,0.000499404073571735,0.003608492179623995,0.003608492179623995,BUY
2024-12-10,595.5595092773438,-0.0018380429261994902,0.007730552253017553,0.0006390974879611322,-0.007091454765056421,0.007091454765056421,BUY
2024-12-11,600.1635131835938,-0.0003289849908222342,-0.00515260784541649,0.0005801748710304343,0.005732782716446925,0.005732782716446925,BUY
2024-12-12,597.0711059570312,-0.0038406827445952585,-0.00019862175109552904,0.0007172924837284727,0.0009159142348240017,0.0009159142348240017,BUY
2024-12-13,596.9525146484375,-0.005922910485322119,0.004270040192342561,0.0007985950663881962,-0.003471445125954365,0.003471445125954365,BUY
2024-12-16,599.5015258789062,0.003489346581693864,-0.004120040728009644,0.0004310844462777824,0.004551125174287426,0.004551125174287426,BUY
2024-12-17,597.0315551757812,0.002471702450396185,-0.02980351705443751,0.00047081933909701385,0.030274336393534527,0.030274336393534527,BUY
2024-12-18,579.2379150390625,-0.03486649502154915,-0.0003070524920670836,0.0019287251324701363,0.00223577762453722,0.00223577762453722,BUY
2024-12-19,579.06005859375,-0.030165665669605213,0.012010978864421151,0.0017451767340503446,-0.010265802130370807,0.010265802130370807,BUY
2024-12-20,586.01513671875,-0.0183220233792446,0.0059883732072167906,0.0012827303419145316,-0.004705642865302259,0.004705642865302259,BUY
2024-12-23,589.5244140625,-0.016642345991995877,0.011114978639097606,0.0012171457245610104,-0.009897832914536595,0.009897832914536595,BUY
2024-12-24,596.0769653320312,-0.0015988934512329855,6.655659230236921e-05,0.000629759666945595,0.0005632030746432258,0.0005632030746432258,BUY
2024-12-26,596.1166381835938,0.029139534388719968,-0.010526504398841952,-0.0005704517803456306,0.00995605261849632,0.00995605261849632,SELL
2024-12-27,589.8416137695312,0.01861906207443198,-0.011411568647030523,-0.00015966983117557886,0.011251898815854944,0.011251898815854944,SELL
2024-12-30,583.110595703125,-0.004956426606807951,-0.0036381776914539143,0.0007608577747916686,0.004399035466245583,0.004399035466245583,BUY
2024-12-31,580.9891357421875,-0.014478244016214115,-0.002456894821957878,0.0011326462837320025,0.0035895411056898804,0.0035895411056898804,BUY
2025-01-02,579.5617065429688,-0.02770658782270352,0.0125033449917904,0.0016491596769321693,-0.01085418531485823,0.01085418531485823,BUY
2025-01-03,586.8081665039062,-0.015615185155796074,0.005760606765051746,0.0011770392428555973,-0.0045835675221961485,0.0045835675221961485,BUY
2025-01-06,590.1885375976562,0.0005881643818039795,-0.011304029753303357,0.0005443638926149673,0.011848393645918325,0.011848393645918325,BUY
2025-01-07,583.5170288085938,0.0006970086094537642,0.001460930847355657,0.000540113965173101,-0.000920816882182556,0.000920816882182556,BUY
2025-01-08,584.3695068359375,0.005818303451460727,-0.015267418748713957,0.0003401480877269865,0.015607566836440944,0.015607566836440944,BUY
2025-01-10,575.4476928710938,-0.00709849119676087,0.0015504657071625516,0.0008444967447183301,-0.0007059689624442215,0.0007059689624442215,BUY
2025-01-13,576.3399047851562,-0.0178393252110276,0.0013759758409437328,0.0012638829281789617,-0.00011209291276477115,0.00011209291276477115,BUY
2025-01-14,577.1329345703125,-0.022121071819669935,0.01819010366818219,0.0014310678382482198,-0.01675903582993397,0.01675903582993397,BUY
2025-01-15,587.6310424804688,0.007050374657059821,-0.0019232952423864358,0.0002920406837785028,0.0022153359261649387,0.0022153359261649387,BUY
2025-01-16,586.5008544921875,0.0036472602203188043,0.01003993035862405,0.0004249185565404186,-0.009615011802083632,0.009615011802083632,BUY
2025-01-17,592.3892822265625,0.029440711232921357,0.009153584499674627,-0.0005822115195864162,-0.009735796019261044,0.009735796019261044,SELL
2025-01-21,597.811767578125,0.0372555546036204,0.005621392635984934,-0.0008873495871914799,-0.0065087422231764145,0.0065087422231764145,SELL
2025-01-22,601.1723022460938,0.04165308585911687,0.005458085789615819,-0.0010590554200385217,-0.0065171412096543405,0.0065171412096543405,SELL
2025-01-23,604.4535522460938,0.02862767374340014,-0.0029193101699653834,-0.0005504656896734123,0.0023688444802919713,0.0023688444802919713,SELL
2025-01-24,602.68896484375,0.027601170957506582,-0.01414538684460187,-0.0005103849021744359,0.013635001942427435,0.013635001942427435,SELL
2025-01-27,594.1636962890625,0.002995351394324164,0.008592491785637035,0.00045037296297990387,-0.008142118822657132,0.008142118822657132,BUY
2025-01-28,599.26904296875,0.0024376826781593586,-0.00448300053043138,0.0004721476737888684,0.004955148204220249,0.004955148204220249,BUY
2025-01-29,596.58251953125,-0.007634720857390587,0.005367076962615069,0.0008654343470061203,-0.004501642615608949,0.004501642615608949,BUY
2025-01-30,599.784423828125,-0.007724544591753535,-0.005321838046466132,0.0008689416010134555,0.006190779647479588,0.006190779647479588,BUY
2025-01-31,596.5924682617188,-0.010115493957338018,-0.006729604808231482,0.0009622985161234178,0.0076919033243549,0.0076919033243549,BUY
2025-02-03,592.57763671875,-0.002669398316017091,0.00670824959480032,0.000671558557890331,-0.006036691036909988,0.006036691036909988,BUY
2025-02-04,596.5527954101562,-0.004532601158801053,0.004054462891607269,0.0007443091029793112,-0.0033101537886279578,0.0033101537886279578,BUY
2025-02-05,598.9714965820312,0.004004436892750984,0.0034757048647742206,0.00041097225020391516,-0.0030647326145703054,0.0030647326145703054,BUY
2025-02-06,601.0533447265625,0.002115628295811023,-0.009153546965176895,0.0004847225965649244,0.00963826956174182,0.00963826956174182,BUY
2025-02-07,595.5515747070312,-0.001744731303297109,0.006791174435053504,0.0006354540459947479,-0.0061557203890587565,0.0061557203890587565,BUY
2025-02-10,599.5960693359375,0.011843903958391522,0.0007606031974243255,0.00010487272677237692,-0.0006557304706519486,0.0006557304706519486,BUY
2025-02-11,600.0521240234375,0.005865916043315655,-0.003221460863486958,0.0003382890083336932,0.0035597498718206513,0.0035597498718206513,BUY
2025-02-12,598.1190795898438,-0.0014231344847822625,0.010557490048300977,0.0006228969892381799,-0.009934593059062797,0.009934593059062797,BUY
2025-02-13,604.4337158203125,0.005624078334158122,-4.917680849980677e-05,0.0003477317940359694,0.00039690860253577617,0.00039690860253577617,BUY
2025-02-14,604.4039916992188,0.01486423236567247,0.0029358079808696758,-1.3058897703412077e-05,-0.002948866878573088,0.002948866878573088,SELL
2025-02-18,606.1784057617188,0.010977951261540664,0.0023549011657404417,0.0001386846817944298,-0.0022162164839460118,0.0022162164839460118,BUY
2025-02-19,607.6058959960938,0.012588526346689832,-0.004160214725944633,7.579823021717732e-05,0.00423601295616181,0.00423601295616181,BUY
2025-02-20,605.078125,0.011634882831238924,-0.017104079244673942,0.00011303415750138089,0.017217113402175323,0.017217113402175323,BUY
2025-02-21,594.7288208007812,-0.016056177485665568,-0.004550475331733694,0.0011942582120635491,0.0057447335437972435,0.0057447335437972435,BUY
2025-02-24,592.0225219726562,-0.020485420176913904,-0.004973145037417193,0.0013672022483866308,0.006340347285803823,0.006340347285803823,BUY
2025-02-25,589.0783081054688,-0.028209678031605456,0.0005046905343533137,0.0016688033174881581,0.0011641127831348444,0.0011641127831348444,BUY
2025-02-26,589.3756103515625,-0.030003470612550598,-0.01596186128684496,0.0017388436722169745,0.01770070495906193,0.01770070495906193,BUY
2025-02-27,579.9680786132812,-0.04149885006455778,0.015605548906216127,0.0021876918072319526,-0.013417857098984173,0.013417857098984173,BUY
2025-02-28,589.018798828125,-0.009601051391738391,-0.017519950294720976,0.0009422116118932668,0.018462161906614243,0.018462161906614243,BUY
2025-03-03,578.69921875,-0.02250472360115996,-0.01183684954808395,0.001446047890654137,0.013282897438738086,0.013282897438738086,BUY
2025-03-04,571.8492431640625,-0.029247495119649747,0.010747794523703114,0.0017093258827849496,-0.009038468640918163,0.009038468640918163,BUY
2025-03-05,577.995361328125,-0.019308992132621827,-0.01775113000423656,0.0013212674851311545,0.019072397489367714,0.019072397489367714,BUY
2025-03-06,567.7352905273438,-0.021092174788630458,0.005604844236718254,0.0013908935651472235,-0.004213950671571031,0.004213950671571031,BUY
2025-03-07,570.9173583984375,-0.03073151564211707,-0.026635492537345318,0.001767270889873611,0.028402763427218928,0.028402763427218928,BUY
2025-03-10,555.710693359375,-0.03972447973971793,-0.008312900806654588,0.0021184098131529117,0.0104313106198075,0.0104313106198075,BUY
2025-03-11,551.0911254882812,-0.03629998277330204,0.005306522471787645,0.001984697038976342,-0.003321825432811303,0.003321825432811303,BUY
2025-03-12,554.0155029296875,-0.04148797724489739,-0.013330410191043529,0.0021872672675421322,0.015517677458585661,0.015517677458585661,BUY
2025-03-13,546.6302490234375,-0.03717408774131814,0.02065567290718273,0.002018827307258425,-0.018636845599924307,0.018636845599924307,BUY
2025-03-14,557.9212646484375,-0.022763528834465974,0.007711315917698913,0.001456153189638525,-0.006255162728060388,0.006255162728060388,BUY
2025-03-17,562.2235717773438,0.011719908390816158,-0.010808371431663799,0.00010971425283845277,0.010918085684502251,0.010918085684502251,BUY
2025-03-18,556.1468505859375,0.009174027422736541,0.010890801160239771,0.0002091206212200668,-0.010681680539019705,0.010681680539019705,BUY
2025-03-19,562.2037353515625,0.014779789335451543,-0.0028917140169094635,-9.761738458872451e-06,0.002881952278450591,0.002881952278450591,SELL
2025-03-20,560.5780029296875,0.025515883782809112,0.0003299032828099069,-0.00042896286097594523,-0.0007588661437858521,0.0007588661437858521,SELL
2025-03-21,560.762939453125,0.005093325859300446,0.01790849345962031,0.0003684555343430243,-0.017540037925277287,0.017540037925277287,BUY
2025-03-24,570.8053588867188,0.015264011578606684,0.002403851551660896,-2.8668661164673497e-05,-0.0024325202128255693,0.0024325202128255693,SELL
2025-03-25,572.177490234375,0.02882447258587928,-0.011938272063231614,-0.0005581498895546478,0.011380122173676966,0.011380122173676966,SELL
2025-03-26,565.3466796875,0.005590401020676428,-0.0026557223426582066,0.0003490467570967089,0.0030047690997549153,0.0030047690997549153,BUY
2025-03-27,563.8452758789062,0.005828400208612194,-0.020138252254996436,0.0003397538501434378,0.020478006105139872,0.020478006105139872,BUY
2025-03-28,552.4904174804688,-0.014752262303075692,0.006712768433682514,0.0011433455910085746,-0.00556942284267394,0.00556942284267394,BUY
2025-03-31,556.1991577148438,-0.025588759713753406,0.002824389123523119,0.0015664670436917262,-0.0012579220798313927,0.0012579220798313927,BUY
2025-04-01,557.7700805664062,-0.025179965856516273,0.006328387411288716,0.0015505052947827392,-0.004777882116505977,0.004777882116505977,BUY
2025-04-02,561.2998657226562,-0.007158110430719566,-0.04928070817761465,0.0008468246349880776,0.05012753281260273,0.05012753281260273,BUY
2025-04-03,533.6386108398438,-0.0535726135010659,-0.05854301689268204,0.0026591235006104995,0.06120214039329254,0.06120214039329254,BUY
2025-04-04,502.3977966308594,-0.09066694962429867,-0.0017811920142971616,0.004107507493330685,0.005888699507627847,0.005888699507627847,BUY
2025-04-07,501.5029296875,-0.09833928597098995,-0.015662758816759714,0.004407081237268186,0.0200698400540279,0.0200698400540279,BUY
2025-04-08,493.6480102539063,-0.11496147345763874,0.10501934425982218,0.005056110517632558,-0.09996323374218961,0.09996323374218961,BUY
2025-04-09,545.4906005859375,-0.028165453266882245,-0.04381896224348292,0.0016670765190601147,0.045486038762543035,0.045486038762543035,BUY
2025-04-10,521.5877685546875,-0.02258240322264271,0.017842787256365567,0.0014490809661064758,-0.016393706290259092,0.016393706290259092,BUY
2025-04-11,530.8943481445312,0.05672109174198847,0.009701347627829371,-0.0016474001864864635,-0.011348747814315835,0.011348747814315835,SELL
2025-04-14,536.0447387695312,0.06887658483581571,-0.0028008927240665837,-0.002122023092857696,0.0006788696312088876,0.0006788696312088876,SELL
2025-04-15,534.5433349609375,0.08284308628327453,-0.022227898329724827,-0.0026673585603425283,0.0195605397693823,0.0195605397693823,SELL
2025-04-16,522.6615600585938,-0.04185047460546887,0.0014266717908673066,0.0022014213252589438,0.0007747495343916372,0.0007747495343916372,BUY
2025-04-17,523.4072265625,0.0034883065085176135,-0.023802682617838022,0.0004311250569342108,0.024233807674772234,0.024233807674772234,BUY
2025-04-21,510.94873046875,-0.037569843690163474,0.026017800640849797,0.0020342799785079413,-0.023983520662341856,0.023983520662341856,BUY
2025-04-22,524.2424926757812,-0.022017278111602367,0.015495409403611937,0.0014270151131957828,-0.014068394290416154,0.014068394290416154,BUY
2025-04-23,532.3658447265625,-0.0040735523052291,0.021048964021112893,0.0007263850994553947,-0.020322578921657498,0.020322578921657498,BUY
2025-04-24,543.5715942382812,0.04000683382444148,0.00722522891344668,-0.0009947759276899989,-0.008220004841136679,0.008220004841136679,SELL
2025-04-25,547.4990234375,0.04602878151534884,0.00038137286203787646,-0.0012299086609334905,-0.001611281522971367,0.001611281522971367,SELL
2025-04-28,547.7078247070312,0.07194282331332547,0.006299335442844001,-0.0022417473201341706,-0.008541082762978172,0.008541082762978172,SELL
2025-04-29,551.1580200195312,0.05134175065888069,0.00039700236086281926,-0.001437358645635823,-0.0018343610064986422,0.0018343610064986422,SELL
2025-04-30,551.3768310546875,0.035710379462622344,0.007086862410970118,-0.0008270167392673182,-0.007913879150237436,0.007913879150237436,SELL
2025-05-01,555.2843627929688,0.021547793664790094,0.014844172407353584,-0.0002740249699319735,-0.015118197377285557,0.015118197377285557,SELL
2025-05-02,563.527099609375,0.02927507718870781,-0.005734321055260616,-0.0005757441791953812,0.005158576876065235,0.005158576876065235,SELL
2025-05-05,560.295654296875,0.02298274558443092,-0.008358384485032677,-0.0003300540462800784,0.008028330438752599,0.008028330438752599,SELL
2025-05-06,555.6124877929688,0.008082015704460987,0.0042054650283336326,0.0002517592679223207,-0.003953705760411312,0.003953705760411312,BUY
2025-05-07,557.9490966796875,0.011919734843461649,0.006967831538101654,0.00010191183700946276,-0.006865919701092191,0.006865919701092191,BUY
2025-05-08,561.8367919921875,0.01180013275767644,-0.0012740716213365255,0.0001065818153579564,0.001380653436694482,0.001380653436694482,BUY
2025-05-09,561.1209716796875,-0.0042697643668874186,0.03304738200401469,0.000734046387915725,-0.03231333561609897,0.03231333561609897,BUY
2025-05-12,579.66455078125,0.034569064271400274,0.006603824443858652,-0.0007824529910950174,-0.0073862774349536696,0.0073862774349536696,SELL
2025-05-13,583.4925537109375,0.05017897640982705,0.001278041226610016,-0.001391957007933464,-0.00266999823454348,0.00266999823454348,SELL
2025-05-14,584.23828125,0.0471175322744628,0.004884373015077159,-0.0012724199803522782,-0.006156792995429437,0.006156792995429437,SELL
2025-05-15,587.0919189453125,0.04495100234282301,0.006334083036816818,-0.0011878257376541084,-0.007521908774470926,0.007521908774470926,SELL
2025-05-16,590.8106079101562,0.05291129315946663,0.0010938196195577898,-0.0014986429405263004,-0.0025924625600840905,0.0025924625600840905,SELL
2025-05-19,591.4568481445312,0.020343312951237147,-0.0033621834492569835,-0.00022699486325329817,0.0031351885860036854,0.0031351885860036854,SELL
2025-05-20,589.46826171875,0.010241275522382853,-0.016850751844510237,0.00016744889379910867,0.017018200738309345,0.017018200738309345,BUY
2025-05-21,579.5352783203125,-0.008049802761341263,0.00039462434647918876,0.0008816416187403471,0.00048701727226115835,0.00048701727226115835,BUY
2025-05-22,579.7639770507812,-0.012481762494185977,-0.006825771490515775,0.0010546917445629867,0.007880463235078763,0.007880463235078763,BUY
2025-05-23,575.806640625,-0.025395561765942265,0.020790615576653737,0.0015589234442024017,-0.019231692132451336,0.019231692132451336,BUY
2025-05-27,587.7780151367188,-0.006219951665710544,-0.005785472819492488,0.0008101933246620205,0.006595666144154508,0.006595666144154508,BUY
2025-05-28,584.37744140625,-0.00863629247426545,0.003947489357079892,0.0009045416730578692,-0.003042947684022023,0.003042947684022023,BUY
2025-05-29,586.6842651367188,0.01233572326628063,-0.0011185744002305542,8.566916937507519e-05,0.0012042435696056294,0.0012042435696056294,BUY
2025-05-30,586.0280151367188,0.010804462391406533,0.005632983987994278,0.00014545872141014376,-0.005487525266584134,0.005487525266584134,BUY
2025-06-02,589.3291015625,0.023484378232981662,0.005702616355661272,-0.0003496407749917879,-0.00605225713065306,0.00605225713065306,SELL
2025-06-03,592.6898193359375,0.00835656331595902,-0.00026846867813934416,0.00024103929265676375,0.000509507970796108,0.000509507970796108,BUY
2025-06-04,592.5307006835938,0.01395204314821541,-0.004832806844400794,2.255840668795219e-05,0.0048553652510887465,0.0048553652510887465,BUY
2025-06-05,589.6671142578125,0.005084249396732465,0.010269010608102258,0.00036880993354430165,-0.009900200674557956,0.009900200674557956,BUY
2025-06-06,595.722412109375,0.0165425486875308,0.0009013027856885625,-7.859037095110676e-05,-0.0009798931566396692,0.0009798931566396692,SELL
2025-06-09,596.2593383789062,0.01175953605215141,0.005669706144252773,0.00010816695272890947,-0.0055615391915238635,0.0055615391915238635,BUY
2025-06-10,599.6399536132812,0.011726427636517878,-0.002852053249320252,0.0001094597026265926,0.0029615129519468446,0.0029615129519468446,BUY
2025-06-11,597.9297485351562,0.009111844914252876,0.003974284235328973,0.00021154859700633569,-0.0037627356383226375,0.0037627356383226375,BUY
2025-06-12,600.3060913085938,0.018042344220216666,-0.011180107804297013,-0.0001371513284697648,0.011042956475827247,0.011042956475827247,SELL
2025-06-13,593.5946044921875,-0.0035718105848212556,0.009514208796833623,0.0007067941119282327,-0.00880741468490539,0.00880741468490539,BUY
2025-06-16,599.2421875,0.005002603614064016,-0.008545135131611592,0.00037199787157066866,0.00891713300318226,0.00891713300318226,BUY
2025-06-17,594.12158203125,-0.009202808366552184,-0.00015060476132944256,0.0009266618303585355,0.001077266591687978,0.001077266591687978,BUY
2025-06-18,594.0321044921875,-0.006518565186825809,-0.002348596298099359,0.0008218529764901679,0.003170449274589527,0.003170449274589527,BUY
2025-06-20,592.636962890625,-0.012775363317155453,0.009877480029380825,0.0010661556707760272,-0.008811324358604797,0.008811324358604797,BUY
2025-06-23,598.49072265625,0.008248252472326634,0.011047279574515567,0.00024526839360721625,-0.010802011180908351,0.010802011180908351,BUY
2025-06-24,605.1024169921875,0.009779400740518529,0.0005603188542100401,0.00018548323840824233,-0.0003748356158017978,0.0003748356158017978,BUY
2025-06-25,605.4414672851562,0.019053146016349887,0.007823840449262098,-0.0001766190557386517,-0.00800045950500075,0.00800045950500075,SELL
2025-06-26,610.1783447265625,0.027180753552331627,0.004968310006379761,-0.0004939693006687661,-0.005462279307048528,0.005462279307048528,SELL
2025-06-27,613.2098999023438,0.034714231983393296,0.004781209119572027,-0.0007881212038812497,-0.005569330323453277,0.005569330323453277,SELL
2025-06-30,616.1417846679688,0.02949262426889243,-0.0003236298209773336,-0.0005842385139519231,-0.00026060869297458945,0.00026060869297458945,SELL
2025-07-01,615.9423828125,0.01791426627279935,0.004533275199175568,-0.00013215040196056882,-0.004665425601136137,0.004665425601136137,SELL
2025-07-02,618.734619140625,0.021956130482895686,0.007881351217300603,-0.00028996887330896403,-0.008171320090609568,0.008171320090609568,SELL
2025-07-03,623.611083984375,0.02201444770025729,-0.007451911689688506,-0.00029224592508975133,0.007159665764598755,0.007159665764598755,SELL
2025-07-07,618.9639892578125,0.009383555869507454,-0.0005477706277796646,0.00020093938170915286,0.0007487100094888174,0.0007487100094888174,BUY
2025-07-08,618.6249389648438,0.004030167014582808,0.005996615280215112,0.000409967592876496,-0.005586647687338616,0.005586647687338616,BUY
2025-07-09,622.3345947265625,0.010377938087122063,0.0028203284907413195,0.0001621127726588146,-0.002658215718082505,0.002658215718082505,BUY
2025-07-10,624.0897827148438,0.008655024963136304,-0.003515471310904239,0.00022938557089243947,0.0037448568817966786,0.0037448568817966786,BUY
2025-07-11,621.8958129882812,-0.0027505460376594515,0.0019082079637526839,0.0006747270486454168,-0.0012334809151072672,0.0012334809151072672,BUY
2025-07-14,623.08251953125,0.006653909346771458,-0.004273266498076467,0.00030752105272708886,0.004580787550803556,0.004580787550803556,BUY
2025-07-15,620.419921875,0.0029015689428231184,0.00334324975208955,0.00045403478890127674,-0.0028892149631882733,0.0028892149631882733,BUY
2025-07-16,622.494140625,0.0002563667515664836,0.006119653171936301,0.0005573192498657874,-0.005562333922070514,0.005562333922070514,BUY
2025-07-17,626.3035888671875,0.0035472558815392574,-0.0007323592062571382,0.0004288233220283267,0.001161182528285465,0.001161182528285465,BUY
2025-07-18,625.8449096679688,0.006350093692883529,0.0018961671248525214,0.0003193838268273507,-0.0015767832980251707,0.0015767832980251707,BUY
2025-07-21,627.0316162109375,0.006337999471817124,0.00014308956258002326,0.00031985605730854347,0.00017676649472852022,0.00017676649472852022,BUY
2025-07-22,627.121337890625,0.010801419779320254,0.008507549960310445,0.0001455775231222753,-0.00836197243718817,0.00836197243718817,BUY
2025-07-23,632.4566040039062,0.016004107876266493,0.000331011779483692,-5.756643216240189e-05,-0.00038857821164609387,0.00038857821164609387,SELL
2025-07-24,632.6659545898438,0.01015859694204213,0.0042243578976959295,0.00017067715840286124,-0.004053680739293068,0.004053680739293068,BUY
2025-07-25,635.3385620117188,0.015169336998820837,-0.000251119494356411,-2.4972001237298625e-05,0.00022614749311911239,0.00022614749311911239,SELL
2025-07-28,635.1790161132812,0.012993603020494016,-0.002637609180098366,5.9981622306654525e-05,0.0026975908024050206,0.0026975908024050206,BUY
2025-07-29,633.503662109375,0.010177175983546505,-0.0012593305691198653,0.00016995172187730592,0.0014292822909971713,0.0014292822909971713,BUY
2025-07-30,632.7058715820312,0.0003941259788371454,-0.0037512107798256533,0.0005519403084833222,0.0043031510883089754,0.0043031510883089754,BUY
2025-07-31,630.3324584960938,-0.0036883541414248766,-0.016390431365516545,0.0007113446670663159,0.01710177603258286,0.01710177603258286,BUY
2025-08-01,620.0010375976562,-0.02414071068738244,0.015199795788522152,0.0015099265782281546,-0.013689869210293998,0.013689869210293998,BUY
2025-08-04,629.4249267578125,-0.0090590041696883,-0.005069964619629497,0.0009210468573305324,0.005991011476960029,0.005991011476960029,BUY
2025-08-05,626.2337646484375,-0.01147569918811664,0.0076596842911853535,0.0010154090361912003,-0.006644275254994153,0.006644275254994153,BUY
2025-08-06,631.030517578125,-0.0026479191661634705,-0.0008376210633260772,0.0006707198838479685,0.0015083409471740457,0.0015083409471740457,BUY
2025-08-07,630.501953125,0.0002688971932536255,0.007797567971946862,0.0005568299867313542,-0.007240737985215507,0.007240737985215507,BUY
2025-08-08,635.4183349609375,0.02486656703514445,-0.001977485842922677,-0.00040360966472522146,0.0015738761781974556,0.0015738761781974556,SELL
2025-08-11,634.1618041992188,0.00752572267165541,0.010646088630271056,0.0002734802638528214,-0.010372608366418234,0.010372608366418234,BUY
2025-08-12,640.9131469726562,0.023440739150275114,0.0034230982805847354,-0.0003479368450807855,-0.003771035125665521,0.003771035125665521,SELL
2025-08-13,643.1070556640625,0.01913780356025696,9.300854748550691e-05,-0.00017992459087616324,-0.00027293313836167015,0.00027293313836167015,SELL
2025-08-14,643.1668701171875,0.02008703847690807,-0.0023412249756729064,-0.00021698838018461924,0.002124236595488287,0.002124236595488287,SELL
2025-08-15,641.6610717773438,0.009824609195121958,-0.00021763582620526467,0.00018371803086373494,0.0004013538570689996,0.0004013538570689996,BUY
2025-08-18,641.5214233398438,0.011605270282587066,-0.005425144902516887,0.00011419040791407222,0.00553933531043096,0.00553933531043096,BUY
2025-08-19,638.0410766601562,-0.004481216099351704,-0.0026570585531485724,0.0007423027239643543,0.003399361277112927,0.003399361277112927,BUY
2025-08-20,636.3457641601562,-0.010513477413064076,-0.004011840141401879,0.0009778381625191934,0.004989678303921072,0.004989678303921072,BUY
2025-08-21,633.7928466796875,-0.014574792130993997,0.015356803532182273,0.0011364160976332389,-0.014220387434549033,0.014220387434549033,BUY
2025-08-22,643.52587890625,0.0029062182683778914,-0.004401088516101992,0.00045385325151810034,0.004854941767620092,0.004854941767620092,BUY
2025-08-25,640.6936645507812,-0.001290305762125743,0.004187051216404392,0.0006177105641454101,-0.0035693406522589815,0.0035693406522589815,BUY
2025-08-26,643.3762817382812,0.008361852039452167,0.002278514804511911,0.00024083278936677503,-0.002037682015145136,0.002037682015145136,BUY
2025-08-27,644.8422241210938,0.013351954926817289,0.0035413784731703757,4.5989427833754504e-05,-0.0034953890453366214,0.0034953890453366214,BUY
2025-08-28,647.1258544921875,0.021036854363928104,-0.005963682184690233,-0.00025407485403930344,0.00570960733065093,0.00570960733065093,SELL
2025-08-29,643.2666015625,-0.00040290119208674646,-0.00741027850099818,0.0005830610001246049,0.007993339501122784,0.007993339501122784,BUY
2025-09-02,638.4998168945312,-0.0034241756671469226,0.0054195601815894,0.0007010295647257788,-0.004718530616863621,0.004718530616863621,BUY
2025-09-03,641.960205078125,-0.0022010084927754914,0.008357390788786612,0.0006532698272312244,-0.0077041209615553875,0.0077041209615553875,BUY
2025-09-04,647.3253173828125,0.00385069892887846,-0.0028962514584031096,0.0004169750967087457,0.003313226555111855,0.003313226555111855,BUY
2025-09-05,645.4505004882812,-0.002588915266290681,0.002456628855379561,0.0006684160198887942,-0.001788212835490767,0.001788212835490767,BUY
2025-09-08,647.0361328125,0.005859982845128009,0.002311848648811843,0.00033852067575731483,-0.001973327973054528,0.001973327973054528,BUY
2025-09-09,648.531982421875,0.015712088338783126,0.00289086266421279,-4.616424876040378e-05,-0.0029370269129731937,0.0029370269129731937,SELL
2025-09-10,650.4067993164062,0.01315750442389696,0.00831022877152554,5.3581934540723156e-05,-0.008256646836984818,0.008256646836984818,BUY
2025-09-11,655.8118286132812,0.013110117899884477,-0.0003345797943027362,5.5432186897911e-05,0.0003900119812006472,0.0003900119812006472,BUY
2025-09-12,655.5924072265625,0.01571291172693945,0.005323880160421179,-4.619639874204663e-05,-0.005370076559163226,0.005370076559163226,SELL
2025-09-15,659.0827026367188,0.018618078980930264,-0.0013768692449287467,-0.0001596314453452865,0.0012172377995834601,0.0012172377995834601,SELL
2025-09-16,658.1752319335938,0.014869350738427878,-0.0012423560605266948,-1.3258749485179472e-05,0.0012290973110415152,0.0012290973110415152,SELL
2025-09-17,657.3575439453125,0.01068676501569743,0.004672452908252023,0.00015005432852374483,-0.004522398579728278,0.004522398579728278,BUY
2025-09-18,660.4290161132812,0.007040415098585662,0.004952835223685836,0.00029242956430788094,-0.004660405659377955,0.004660405659377955,BUY
2025-09-19,663.7000122070312,0.012366837826520038,0.004731075170536503,8.445427147687389e-05,-0.004646620899059629,0.004646620899059629,BUY
2025-09-22,666.8400268554688,0.011769879846210696,-0.005443591771073009,0.00010776306935195151,0.00555135484042496,0.00555135484042496,BUY
2025-09-23,663.2100219726562,0.00764961942471043,-0.0031815658943793457,0.00026864259609462953,0.0034502084904739754,0.0034502084904739754,BUY
2025-09-24,661.0999755859375,0.005693144735456679,-0.004613504621998388,0.0003450350300409679,0.004958539652039355,0.004958539652039355,BUY
2025-09-25,658.0499877929688,-0.003602246815734178,0.0057290777314567,0.000707982523806169,-0.005021095207650531,0.005021095207650531,BUY
2025-09-26,661.8200073242188,-0.0028326123975210837,0.0028104096748033935,0.0006779314085123658,-0.0021324782662910276,0.0021324782662910276,BUY
2025-09-29,663.6799926757812,-0.004738818985700166,0.003766875644270362,0.0007523610761566166,-0.0030145145681137455,0.0030145145681137455,BUY
